objective,GEOID,assigned_site_id,assigned_site_name,distance_m
min_total_distance,420031702004,3,South Side Senior Center,1486.631536287512
min_total_distance,420034530043,2,Sheraden Senior Center,14738.447599662191
min_total_distance,420035639003,30,East Hills Pool Building,5564.487237263031
min_total_distance,420034690003,2,Sheraden Senior Center,4833.618004206787
min_total_distance,420032904004,3,South Side Senior Center,4824.723406545987
min_total_distance,420034886003,41,McBride Swimming Pool Building,5532.992653246519
min_total_distance,420035644004,41,McBride Swimming Pool Building,13559.876881800512
min_total_distance,420035213024,30,East Hills Pool Building,11251.157472277468
min_total_distance,420035639001,30,East Hills Pool Building,7209.314543614826
min_total_distance,420030901002,66,Morningside Crossing,4525.189643808594
min_total_distance,420035645001,41,McBride Swimming Pool Building,13759.4932693318
min_total_distance,420035645002,41,McBride Swimming Pool Building,14710.43848578647
min_total_distance,420034970001,41,McBride Swimming Pool Building,11718.6282694942
min_total_distance,420034962003,41,McBride Swimming Pool Building,16563.666460742672
min_total_distance,420034212002,66,Morningside Crossing,2886.4544133918557
min_total_distance,420034721001,70,BROOKLINE LIBRARY,1520.1980691430394
min_total_distance,420035614004,30,East Hills Pool Building,1362.8813981574365
min_total_distance,420035639004,30,East Hills Pool Building,4696.961258029407
min_total_distance,420034782002,70,BROOKLINE LIBRARY,6469.378300270586
min_total_distance,420034846001,41,McBride Swimming Pool Building,3087.1267109257883
min_total_distance,420035638004,25,Brighton Heights Pool Guard Room,14951.233722248911
min_total_distance,420035644002,41,McBride Swimming Pool Building,11762.494682435226
min_total_distance,420034994003,41,McBride Swimming Pool Building,6495.425919182537
min_total_distance,420035623001,0,Greenfield Senior Center,2699.7204305833443
min_total_distance,420034884002,41,McBride Swimming Pool Building,5156.969973876846
min_total_distance,420035631001,4,Mount Washington Senior Center,3413.114066314215
min_total_distance,420031517005,0,Greenfield Senior Center,667.6623426068006
min_total_distance,420035644001,41,McBride Swimming Pool Building,13423.100655493732
min_total_distance,420034884003,41,McBride Swimming Pool Building,5536.976814582057
min_total_distance,420034885001,41,McBride Swimming Pool Building,1761.041785156609
min_total_distance,420035630003,2,Sheraden Senior Center,1637.4907638067682
min_total_distance,420033001005,4,Mount Washington Senior Center,3425.3462262581747
min_total_distance,420035624003,4,Mount Washington Senior Center,1659.4432148150986
min_total_distance,420034762003,70,BROOKLINE LIBRARY,4882.644512269279
min_total_distance,420035631002,2,Sheraden Senior Center,3364.453616329444
min_total_distance,420034752001,70,BROOKLINE LIBRARY,11740.89914247074
min_total_distance,420035644005,41,McBride Swimming Pool Building,10648.617307481847
min_total_distance,420034722002,70,BROOKLINE LIBRARY,2392.3473113159557
min_total_distance,420034731002,70,BROOKLINE LIBRARY,3523.847760398319
min_total_distance,420035644006,30,East Hills Pool Building,12964.590080518305
min_total_distance,420034882001,41,McBride Swimming Pool Building,5189.36854842726
min_total_distance,420035523002,41,McBride Swimming Pool Building,7486.836399791568
min_total_distance,420031915002,4,Mount Washington Senior Center,977.2925681759094
min_total_distance,420031914002,4,Mount Washington Senior Center,858.2953016522029
min_total_distance,420039809001,2,Sheraden Senior Center,2317.065102572378
min_total_distance,420034751021,70,BROOKLINE LIBRARY,8438.218577061007
min_total_distance,420034753014,70,BROOKLINE LIBRARY,9902.861114825244
min_total_distance,420031911001,4,Mount Washington Senior Center,1654.844625372472
min_total_distance,420034782003,70,BROOKLINE LIBRARY,5691.587772075218
min_total_distance,420034869001,41,McBride Swimming Pool Building,6107.079963095606
min_total_distance,420034869002,41,McBride Swimming Pool Building,6818.654813394559
min_total_distance,420034870001,41,McBride Swimming Pool Building,3056.58238283156
min_total_distance,420034881002,41,McBride Swimming Pool Building,3370.304987101154
min_total_distance,420034882002,41,McBride Swimming Pool Building,4499.992517045964
min_total_distance,420034882003,41,McBride Swimming Pool Building,4281.248612576621
min_total_distance,420034884001,41,McBride Swimming Pool Building,4570.297932320317
min_total_distance,420032509001,4,Mount Washington Senior Center,4482.524343405915
min_total_distance,420032614004,25,Brighton Heights Pool Guard Room,3817.0805857166456
min_total_distance,420035625003,2,Sheraden Senior Center,446.8509752846816
min_total_distance,420035523003,41,McBride Swimming Pool Building,7690.351413390502
min_total_distance,420034270002,66,Morningside Crossing,5382.833334781234
min_total_distance,420035639002,30,East Hills Pool Building,6214.831278041375
min_total_distance,420034993001,41,McBride Swimming Pool Building,5658.265091799199
min_total_distance,420035234001,30,East Hills Pool Building,4130.522450835397
min_total_distance,420035190003,30,East Hills Pool Building,3120.7678263846888
min_total_distance,420035628001,2,Sheraden Senior Center,5413.501771340255
min_total_distance,420034643002,2,Sheraden Senior Center,1946.484325976557
min_total_distance,420034141014,66,Morningside Crossing,17497.70844361864
min_total_distance,420031414005,0,Greenfield Senior Center,1358.0932727443926
min_total_distance,420032614001,25,Brighton Heights Pool Guard Room,3491.6022383527993
min_total_distance,420035628002,2,Sheraden Senior Center,4196.572670692092
min_total_distance,420035234003,30,East Hills Pool Building,3524.2763602989576
min_total_distance,420035234004,30,East Hills Pool Building,4512.855986000204
min_total_distance,420034884004,41,McBride Swimming Pool Building,4528.692924170718
min_total_distance,420034511042,2,Sheraden Senior Center,24722.785846736053
min_total_distance,420034511022,2,Sheraden Senior Center,18438.570802258422
min_total_distance,420035633002,25,Brighton Heights Pool Guard Room,17018.212563416768
min_total_distance,420034706001,70,BROOKLINE LIBRARY,7064.401086535919
min_total_distance,420034741021,70,BROOKLINE LIBRARY,8765.727912357394
min_total_distance,420034900031,70,BROOKLINE LIBRARY,12421.486754306065
min_total_distance,420034900023,70,BROOKLINE LIBRARY,13413.01507554542
min_total_distance,420034900022,70,BROOKLINE LIBRARY,14580.820781139457
min_total_distance,420031306001,30,East Hills Pool Building,896.3562365382852
min_total_distance,420035623003,0,Greenfield Senior Center,2178.050851666594
min_total_distance,420031018002,66,Morningside Crossing,1418.5874187167794
min_total_distance,420030802002,66,Morningside Crossing,4569.949393577008
min_total_distance,420035261014,30,East Hills Pool Building,12761.936774548922
min_total_distance,420031414004,0,Greenfield Senior Center,2262.7856346385606
min_total_distance,420032023004,70,BROOKLINE LIBRARY,3083.618276961819
min_total_distance,420032708003,25,Brighton Heights Pool Guard Room,152.83157412147736
min_total_distance,420034271003,66,Morningside Crossing,6546.626317750821
min_total_distance,420035642003,41,McBride Swimming Pool Building,13405.28274685128
min_total_distance,420034530042,2,Sheraden Senior Center,17359.38858100792
min_total_distance,420034600021,2,Sheraden Senior Center,4675.49640172126
min_total_distance,420035200011,30,East Hills Pool Building,7126.210844356843
min_total_distance,420034530044,2,Sheraden Senior Center,18566.67204924305
min_total_distance,420032620003,25,Brighton Heights Pool Guard Room,4535.3407231241645
min_total_distance,420034250003,66,Morningside Crossing,2953.801155399698
min_total_distance,420034480001,25,Brighton Heights Pool Guard Room,23173.139147723698
min_total_distance,420034250001,66,Morningside Crossing,3303.972917839957
min_total_distance,420034250002,66,Morningside Crossing,3878.2916973669226
min_total_distance,420034490001,25,Brighton Heights Pool Guard Room,23976.731968507705
min_total_distance,420034507001,2,Sheraden Senior Center,13269.85462982469
min_total_distance,420034507002,2,Sheraden Senior Center,14459.699251228838
min_total_distance,420034250004,66,Morningside Crossing,2454.7356769654066
min_total_distance,420034263001,66,Morningside Crossing,9569.23728317058
min_total_distance,420034263003,25,Brighton Heights Pool Guard Room,10564.757583900066
min_total_distance,420034511021,2,Sheraden Senior Center,18030.76672611188
min_total_distance,420034264001,66,Morningside Crossing,7115.024904224709
min_total_distance,420034264002,66,Morningside Crossing,5798.678683628308
min_total_distance,420034264003,66,Morningside Crossing,4647.781470270855
min_total_distance,420034267001,66,Morningside Crossing,2987.6387174231936
min_total_distance,420034592011,2,Sheraden Senior Center,5975.278175635613
min_total_distance,420034610001,25,Brighton Heights Pool Guard Room,9299.54173386616
min_total_distance,420034621001,25,Brighton Heights Pool Guard Room,3660.617843968552
min_total_distance,420034240004,66,Morningside Crossing,1610.5716382026874
min_total_distance,420034267002,66,Morningside Crossing,5230.182984358555
min_total_distance,420034268001,66,Morningside Crossing,9595.976611838509
min_total_distance,420034270001,66,Morningside Crossing,5216.329230273831
min_total_distance,420034270003,66,Morningside Crossing,5595.267071511072
min_total_distance,420034550001,2,Sheraden Senior Center,16435.33200168228
min_total_distance,420034560042,70,BROOKLINE LIBRARY,16105.151165703215
min_total_distance,420034571001,70,BROOKLINE LIBRARY,11323.593120097004
min_total_distance,420034571002,70,BROOKLINE LIBRARY,11256.78905751606
min_total_distance,420034572001,70,BROOKLINE LIBRARY,10189.231548047092
min_total_distance,420034572002,70,BROOKLINE LIBRARY,10142.92633213461
min_total_distance,420034294002,25,Brighton Heights Pool Guard Room,7004.825693491503
min_total_distance,420034272002,66,Morningside Crossing,5693.406391741768
min_total_distance,420034281001,25,Brighton Heights Pool Guard Room,5901.960079869412
min_total_distance,420034281002,25,Brighton Heights Pool Guard Room,5748.423496565821
min_total_distance,420034572003,70,BROOKLINE LIBRARY,10476.386236013444
min_total_distance,420034572004,70,BROOKLINE LIBRARY,11251.67845396322
min_total_distance,420034591011,2,Sheraden Senior Center,10575.474236251865
min_total_distance,420034282001,25,Brighton Heights Pool Guard Room,5057.8213629072125
min_total_distance,420034282002,25,Brighton Heights Pool Guard Room,3785.588420245291
min_total_distance,420034292021,25,Brighton Heights Pool Guard Room,8110.857106046263
min_total_distance,420034293001,25,Brighton Heights Pool Guard Room,8940.76262823985
min_total_distance,420034508001,2,Sheraden Senior Center,15754.613600760367
min_total_distance,420034508003,2,Sheraden Senior Center,15523.313912970149
min_total_distance,420034293003,25,Brighton Heights Pool Guard Room,6165.924479848292
min_total_distance,420034293004,25,Brighton Heights Pool Guard Room,8548.542408823358
min_total_distance,420034294001,25,Brighton Heights Pool Guard Room,8341.04512764782
min_total_distance,420034294003,25,Brighton Heights Pool Guard Room,5818.296272787811
min_total_distance,420034294004,25,Brighton Heights Pool Guard Room,5740.9882867034385
min_total_distance,420034295001,25,Brighton Heights Pool Guard Room,8949.950223688527
min_total_distance,420034295002,25,Brighton Heights Pool Guard Room,7734.08970064508
min_total_distance,420034296002,25,Brighton Heights Pool Guard Room,2707.379322292829
min_total_distance,420034297002,25,Brighton Heights Pool Guard Room,1405.2230594323123
min_total_distance,420034301001,25,Brighton Heights Pool Guard Room,4351.9016689287355
min_total_distance,420035626001,2,Sheraden Senior Center,3223.183922338063
min_total_distance,420035624002,4,Mount Washington Senior Center,2252.334211959419
min_total_distance,420034301002,25,Brighton Heights Pool Guard Room,3895.3576991836703
min_total_distance,420034302001,25,Brighton Heights Pool Guard Room,5465.225407446412
min_total_distance,420034302002,25,Brighton Heights Pool Guard Room,4592.347426623321
min_total_distance,420034302003,25,Brighton Heights Pool Guard Room,4831.701154673322
min_total_distance,420034302004,25,Brighton Heights Pool Guard Room,4953.315594663828
min_total_distance,420034302005,25,Brighton Heights Pool Guard Room,4482.251152460104
min_total_distance,420035619002,1,Homewood Senior Center,1473.5794518559144
min_total_distance,420039818001,66,Morningside Crossing,3267.3908256537197
min_total_distance,420035642001,41,McBride Swimming Pool Building,15685.292321807789
min_total_distance,420034639003,2,Sheraden Senior Center,2151.834992065169
min_total_distance,420035625001,2,Sheraden Senior Center,873.4584061403996
min_total_distance,420035641002,2,Sheraden Senior Center,4234.336108374256
min_total_distance,420034626003,2,Sheraden Senior Center,3704.808459477617
min_total_distance,420035620002,3,South Side Senior Center,4813.633302156793
min_total_distance,420031516002,0,Greenfield Senior Center,1072.6629216675665
min_total_distance,420034773004,70,BROOKLINE LIBRARY,7432.215970280963
min_total_distance,420034782001,70,BROOKLINE LIBRARY,6353.518868828155
min_total_distance,420034013002,30,East Hills Pool Building,28996.846918197993
min_total_distance,420035644003,41,McBride Swimming Pool Building,10653.359947767603
min_total_distance,420034592014,2,Sheraden Senior Center,6970.505614361481
min_total_distance,420034513002,2,Sheraden Senior Center,13946.54412979374
min_total_distance,420035640003,2,Sheraden Senior Center,22327.517088629193
min_total_distance,420034705011,70,BROOKLINE LIBRARY,4062.3612461323887
min_total_distance,420034741022,70,BROOKLINE LIBRARY,10719.927019241635
min_total_distance,420034511051,2,Sheraden Senior Center,18995.605854529294
min_total_distance,420035638005,25,Brighton Heights Pool Guard Room,16363.740166736045
min_total_distance,420034742033,70,BROOKLINE LIBRARY,13663.584889215444
min_total_distance,420035240002,30,East Hills Pool Building,7653.589606504415
min_total_distance,420035236003,30,East Hills Pool Building,7087.9179044359835
min_total_distance,420034845003,41,McBride Swimming Pool Building,2228.2905566990626
min_total_distance,420034060002,66,Morningside Crossing,31744.521673894054
min_total_distance,420034742021,70,BROOKLINE LIBRARY,14185.845983870631
min_total_distance,420034011001,66,Morningside Crossing,33106.97590550465
min_total_distance,420034845002,41,McBride Swimming Pool Building,1929.619200755449
min_total_distance,420034900021,70,BROOKLINE LIBRARY,14675.407217251795
min_total_distance,420034890024,41,McBride Swimming Pool Building,9472.8940997761
min_total_distance,420034324003,25,Brighton Heights Pool Guard Room,4472.048239749816
min_total_distance,420034460001,25,Brighton Heights Pool Guard Room,20059.94297539899
min_total_distance,420031106002,66,Morningside Crossing,1886.79284983177
min_total_distance,420035154013,1,Homewood Senior Center,3841.594430903593
min_total_distance,420035620003,3,South Side Senior Center,3750.3756643328743
min_total_distance,420030902003,66,Morningside Crossing,4460.982870977807
min_total_distance,420031011003,66,Morningside Crossing,2497.320205549559
min_total_distance,420035524001,41,McBride Swimming Pool Building,9254.25357201114
min_total_distance,420035524002,41,McBride Swimming Pool Building,9445.587001662849
min_total_distance,420035604002,1,Homewood Senior Center,2209.317650885034
min_total_distance,420034311001,25,Brighton Heights Pool Guard Room,2225.8160575385195
min_total_distance,420034311002,25,Brighton Heights Pool Guard Room,2248.561294635503
min_total_distance,420034314001,25,Brighton Heights Pool Guard Room,3527.884602032932
min_total_distance,420034315002,25,Brighton Heights Pool Guard Room,2953.7320597899143
min_total_distance,420034323001,25,Brighton Heights Pool Guard Room,4971.260368094612
min_total_distance,420034323002,25,Brighton Heights Pool Guard Room,4245.9619402132985
min_total_distance,420035642002,41,McBride Swimming Pool Building,13338.5792158941
min_total_distance,420030409003,3,South Side Senior Center,1940.76271158817
min_total_distance,420034890023,41,McBride Swimming Pool Building,8789.618497837437
min_total_distance,420030201005,4,Mount Washington Senior Center,2525.5496342737315
min_total_distance,420030603001,66,Morningside Crossing,5197.359821417333
min_total_distance,420031608001,3,South Side Senior Center,651.212989928802
min_total_distance,420034340001,25,Brighton Heights Pool Guard Room,5927.691403013803
min_total_distance,420034340002,25,Brighton Heights Pool Guard Room,6356.880322882991
min_total_distance,420034350001,25,Brighton Heights Pool Guard Room,8015.021513193702
min_total_distance,420034350002,25,Brighton Heights Pool Guard Room,8050.1400332042285
min_total_distance,420032904003,70,BROOKLINE LIBRARY,4857.797315304027
min_total_distance,420035644007,41,McBride Swimming Pool Building,15214.650650101165
min_total_distance,420035154011,1,Homewood Senior Center,4699.508576049417
min_total_distance,420035154012,0,Greenfield Senior Center,4335.700657685925
min_total_distance,420035220001,30,East Hills Pool Building,12971.662951657634
min_total_distance,420035220002,30,East Hills Pool Building,12548.68961375099
min_total_distance,420034705012,70,BROOKLINE LIBRARY,4405.760005717073
min_total_distance,420034455001,25,Brighton Heights Pool Guard Room,17145.086160633313
min_total_distance,420035605001,1,Homewood Senior Center,2523.406436344717
min_total_distance,420035614001,30,East Hills Pool Building,1711.4769617317286
min_total_distance,420034455002,25,Brighton Heights Pool Guard Room,18753.57991945537
min_total_distance,420034455003,2,Sheraden Senior Center,17931.66597907446
min_total_distance,420034460002,25,Brighton Heights Pool Guard Room,20640.107478563423
min_total_distance,420034470001,25,Brighton Heights Pool Guard Room,22803.211463241456
min_total_distance,420035614002,30,East Hills Pool Building,1059.16918622283
min_total_distance,420035614003,30,East Hills Pool Building,777.5705304351825
min_total_distance,420035615001,30,East Hills Pool Building,1902.9268903459
min_total_distance,420034591021,2,Sheraden Senior Center,8283.245312298004
min_total_distance,420035615002,30,East Hills Pool Building,2466.539743291569
min_total_distance,420035615003,30,East Hills Pool Building,1531.317639693289
min_total_distance,420031916004,70,BROOKLINE LIBRARY,2818.3484830031416
min_total_distance,420034292012,25,Brighton Heights Pool Guard Room,8348.864387494608
min_total_distance,420034592021,2,Sheraden Senior Center,6251.133359602186
min_total_distance,420034911012,41,McBride Swimming Pool Building,10913.937864218862
min_total_distance,420034643003,2,Sheraden Senior Center,1678.811371917895
min_total_distance,420034881001,41,McBride Swimming Pool Building,3173.421081769596
min_total_distance,420034900043,41,McBride Swimming Pool Building,15895.161105580912
min_total_distance,420034912001,41,McBride Swimming Pool Building,8738.460051204493
min_total_distance,420034961022,41,McBride Swimming Pool Building,17309.088269732798
min_total_distance,420035140001,30,East Hills Pool Building,6171.482416099678
min_total_distance,420035214023,30,East Hills Pool Building,15745.848264816095
min_total_distance,420035233004,30,East Hills Pool Building,3978.384823263789
min_total_distance,420035263012,30,East Hills Pool Building,16523.87636024125
min_total_distance,420035520001,41,McBride Swimming Pool Building,8014.097313378315
min_total_distance,420039807001,4,Mount Washington Senior Center,1160.372389044513
min_total_distance,420035627001,4,Mount Washington Senior Center,3090.3725650117813
min_total_distance,420032615002,25,Brighton Heights Pool Guard Room,2786.5169987436448
min_total_distance,420030709003,0,Greenfield Senior Center,3635.259036765842
min_total_distance,420039806001,2,Sheraden Senior Center,3189.829611394658
min_total_distance,420034268003,66,Morningside Crossing,7369.530670751075
min_total_distance,420031903002,4,Mount Washington Senior Center,878.5962909907836
min_total_distance,420031517003,0,Greenfield Senior Center,361.09688579876297
min_total_distance,420031517004,0,Greenfield Senior Center,395.0787356472627
min_total_distance,420031609002,3,South Side Senior Center,767.5133624399675
min_total_distance,420031702001,4,Mount Washington Senior Center,1848.974495627641
min_total_distance,420031702003,3,South Side Senior Center,2120.079556478761
min_total_distance,420031706001,3,South Side Senior Center,2065.4837200569323
min_total_distance,420031706002,3,South Side Senior Center,1989.1105309882375
min_total_distance,420031807003,4,Mount Washington Senior Center,1297.4082061714885
min_total_distance,420031903001,4,Mount Washington Senior Center,923.4421063948738
min_total_distance,420031916002,4,Mount Washington Senior Center,2517.506197613299
min_total_distance,420031916005,70,BROOKLINE LIBRARY,2672.4920775712385
min_total_distance,420031917001,70,BROOKLINE LIBRARY,1847.5979310767048
min_total_distance,420031917002,70,BROOKLINE LIBRARY,1116.3317075694697
min_total_distance,420031918002,70,BROOKLINE LIBRARY,583.4962178437765
min_total_distance,420031918004,70,BROOKLINE LIBRARY,550.9288675523871
min_total_distance,420031918005,70,BROOKLINE LIBRARY,1691.640085667727
min_total_distance,420031918006,70,BROOKLINE LIBRARY,1804.708449354919
min_total_distance,420031918007,70,BROOKLINE LIBRARY,1189.2427306917484
min_total_distance,420031919001,70,BROOKLINE LIBRARY,453.8281004526049
min_total_distance,420031919002,70,BROOKLINE LIBRARY,270.83624768737724
min_total_distance,420031919003,70,BROOKLINE LIBRARY,666.4895953148327
min_total_distance,420035261013,30,East Hills Pool Building,13995.629234195423
min_total_distance,420034135002,25,Brighton Heights Pool Guard Room,13375.389346971566
min_total_distance,420034020002,30,East Hills Pool Building,26802.876186856163
min_total_distance,420035214011,30,East Hills Pool Building,15234.468276059755
min_total_distance,420031918001,70,BROOKLINE LIBRARY,325.1578456028259
min_total_distance,420034271002,25,Brighton Heights Pool Guard Room,8156.968282501135
min_total_distance,420030806002,66,Morningside Crossing,4301.821544162076
min_total_distance,420035233002,30,East Hills Pool Building,5134.3427502956
min_total_distance,420031403002,0,Greenfield Senior Center,2634.1270747084664
min_total_distance,420031609001,3,South Side Senior Center,903.6852488142652
min_total_distance,420031803001,4,Mount Washington Senior Center,1705.1620571789815
min_total_distance,420031803002,4,Mount Washington Senior Center,2146.8757095583023
min_total_distance,420031803003,4,Mount Washington Senior Center,2309.335960382938
min_total_distance,420031807002,4,Mount Washington Senior Center,1089.1025087785952
min_total_distance,420034012004,30,East Hills Pool Building,27659.256494028927
min_total_distance,420034013001,30,East Hills Pool Building,29350.626961681017
min_total_distance,420034220002,66,Morningside Crossing,6530.34079087768
min_total_distance,420034220003,66,Morningside Crossing,4264.565438930736
min_total_distance,420034134003,25,Brighton Heights Pool Guard Room,11183.933829414604
min_total_distance,420031911002,4,Mount Washington Senior Center,2335.95943465605
min_total_distance,420031914001,4,Mount Washington Senior Center,224.5058236146433
min_total_distance,420032614002,25,Brighton Heights Pool Guard Room,4089.93841617864
min_total_distance,420032701001,25,Brighton Heights Pool Guard Room,1009.2502017954972
min_total_distance,420032701002,25,Brighton Heights Pool Guard Room,1816.241927179886
min_total_distance,420032703001,25,Brighton Heights Pool Guard Room,1326.876687486231
min_total_distance,420032708001,25,Brighton Heights Pool Guard Room,758.4036193595791
min_total_distance,420034804001,41,McBride Swimming Pool Building,5407.041792041638
min_total_distance,420034927002,41,McBride Swimming Pool Building,8599.843700188518
min_total_distance,420032708002,25,Brighton Heights Pool Guard Room,838.6806942578194
min_total_distance,420035638003,25,Brighton Heights Pool Guard Room,12281.1402294569
min_total_distance,420032902005,3,South Side Senior Center,3677.980088948022
min_total_distance,420033102001,41,McBride Swimming Pool Building,1125.5042669610991
min_total_distance,420033102002,41,McBride Swimming Pool Building,521.1561097530677
min_total_distance,420033204001,70,BROOKLINE LIBRARY,3917.238403316882
min_total_distance,420033204002,70,BROOKLINE LIBRARY,3081.202063129541
min_total_distance,420033206001,70,BROOKLINE LIBRARY,1659.8730412461152
min_total_distance,420034961023,41,McBride Swimming Pool Building,21520.786231418588
min_total_distance,420035523001,41,McBride Swimming Pool Building,7214.190569463528
min_total_distance,420034012001,30,East Hills Pool Building,28485.198996807976
min_total_distance,420034012002,30,East Hills Pool Building,28968.424613719755
min_total_distance,420034012003,30,East Hills Pool Building,27454.26825689838
min_total_distance,420034070011,66,Morningside Crossing,24883.407734646786
min_total_distance,420034070013,66,Morningside Crossing,24237.813203438112
min_total_distance,420034070024,66,Morningside Crossing,17523.641937850523
min_total_distance,420034080011,66,Morningside Crossing,23481.53853457954
min_total_distance,420034080022,66,Morningside Crossing,20899.608405112907
min_total_distance,420030203001,4,Mount Washington Senior Center,4607.074302829214
min_total_distance,420030305001,4,Mount Washington Senior Center,3289.6645982877426
min_total_distance,420030305002,3,South Side Senior Center,2926.085223667684
min_total_distance,420030506001,3,South Side Senior Center,4643.1273175434
min_total_distance,420030506002,3,South Side Senior Center,4052.498182572287
min_total_distance,420030509001,3,South Side Senior Center,4055.433862883044
min_total_distance,420030510001,3,South Side Senior Center,2701.7153901148768
min_total_distance,420034315004,25,Brighton Heights Pool Guard Room,3133.3681503269463
min_total_distance,420035604001,1,Homewood Senior Center,1646.2479521506489
min_total_distance,420030802001,66,Morningside Crossing,4760.147624257445
min_total_distance,420030804001,66,Morningside Crossing,4606.124433096037
min_total_distance,420030804002,0,Greenfield Senior Center,4632.170505811148
min_total_distance,420030806001,66,Morningside Crossing,3852.9185328014178
min_total_distance,420030807001,66,Morningside Crossing,3474.738784499987
min_total_distance,420030807002,66,Morningside Crossing,4005.123664103222
min_total_distance,420030809001,66,Morningside Crossing,4106.907358272858
min_total_distance,420030809002,66,Morningside Crossing,3640.227692684408
min_total_distance,420032814001,2,Sheraden Senior Center,797.0780752405528
min_total_distance,420032815001,2,Sheraden Senior Center,2247.8472906049756
min_total_distance,420032901001,70,BROOKLINE LIBRARY,3157.431221555415
min_total_distance,420034011004,30,East Hills Pool Building,30758.067661338217
min_total_distance,420034132022,25,Brighton Heights Pool Guard Room,12843.520733017076
min_total_distance,420034150022,66,Morningside Crossing,8444.55478232317
min_total_distance,420034211002,30,East Hills Pool Building,6987.460232130245
min_total_distance,420034211004,66,Morningside Crossing,4751.370241898293
min_total_distance,420034212001,66,Morningside Crossing,3238.707995633468
min_total_distance,420034220001,66,Morningside Crossing,9422.715092639848
min_total_distance,420034133001,25,Brighton Heights Pool Guard Room,10896.221968286156
min_total_distance,420034133002,25,Brighton Heights Pool Guard Room,10751.139100034325
min_total_distance,420034134001,25,Brighton Heights Pool Guard Room,11403.94482168448
min_total_distance,420034134002,25,Brighton Heights Pool Guard Room,10705.49449980595
min_total_distance,420034160001,30,East Hills Pool Building,16300.64341123779
min_total_distance,420034160002,30,East Hills Pool Building,17403.240602511116
min_total_distance,420034171001,30,East Hills Pool Building,16581.765258837237
min_total_distance,420034171003,30,East Hills Pool Building,15939.995211238172
min_total_distance,420034172001,30,East Hills Pool Building,15858.215019609792
min_total_distance,420034230001,66,Morningside Crossing,2747.020319136267
min_total_distance,420034230002,66,Morningside Crossing,2823.073311485249
min_total_distance,420034230003,66,Morningside Crossing,2334.3769736370873
min_total_distance,420034240001,66,Morningside Crossing,1648.1303691902172
min_total_distance,420034200001,30,East Hills Pool Building,5716.319448674879
min_total_distance,420034035003,30,East Hills Pool Building,25308.755489317
min_total_distance,420034135003,25,Brighton Heights Pool Guard Room,13068.05143303888
min_total_distance,420034141011,66,Morningside Crossing,17839.64390770091
min_total_distance,420034141013,66,Morningside Crossing,16434.589278049843
min_total_distance,420034142002,25,Brighton Heights Pool Guard Room,12033.767560390414
min_total_distance,420034190002,30,East Hills Pool Building,15002.712184139236
min_total_distance,420034190003,66,Morningside Crossing,11541.00532342277
min_total_distance,420034211001,66,Morningside Crossing,8684.859932803458
min_total_distance,420034180001,30,East Hills Pool Building,15005.574491870506
min_total_distance,420034020003,30,East Hills Pool Building,26343.187056550076
min_total_distance,420034035001,66,Morningside Crossing,24811.767563991903
min_total_distance,420034035002,30,East Hills Pool Building,25609.66715599105
min_total_distance,420031401002,0,Greenfield Senior Center,2386.2844895541575
min_total_distance,420034035004,30,East Hills Pool Building,25063.404271307383
min_total_distance,420034035005,30,East Hills Pool Building,24069.982380168472
min_total_distance,420034040001,66,Morningside Crossing,21787.22576545657
min_total_distance,420034050001,66,Morningside Crossing,22470.09647715204
min_total_distance,420031402001,1,Homewood Senior Center,3531.4575421321747
min_total_distance,420031402002,0,Greenfield Senior Center,3368.229140250862
min_total_distance,420031403003,0,Greenfield Senior Center,3032.0380439367254
min_total_distance,420031404001,1,Homewood Senior Center,2175.719937194446
min_total_distance,420031404002,1,Homewood Senior Center,2677.8116526933172
min_total_distance,420034885003,41,McBride Swimming Pool Building,6352.041655721445
min_total_distance,420035638002,25,Brighton Heights Pool Guard Room,14056.16260711534
min_total_distance,420039822001,3,South Side Senior Center,3292.3295915060366
min_total_distance,420035630001,2,Sheraden Senior Center,3158.605875833942
min_total_distance,420034772004,70,BROOKLINE LIBRARY,4792.688022674753
min_total_distance,420034773002,41,McBride Swimming Pool Building,6632.694940698913
min_total_distance,420035624001,70,BROOKLINE LIBRARY,2944.7918227672726
min_total_distance,420034731001,70,BROOKLINE LIBRARY,3252.3201094133656
min_total_distance,420034731003,70,BROOKLINE LIBRARY,3293.1177008833474
min_total_distance,420034734011,70,BROOKLINE LIBRARY,3712.798098541438
min_total_distance,420035213022,30,East Hills Pool Building,10631.257734090976
min_total_distance,420035620001,0,Greenfield Senior Center,4175.145856171614
min_total_distance,420034772003,70,BROOKLINE LIBRARY,6524.211083122056
min_total_distance,420034843003,0,Greenfield Senior Center,4532.856731967597
min_total_distance,420034706002,70,BROOKLINE LIBRARY,7410.54070158778
min_total_distance,420034710001,70,BROOKLINE LIBRARY,7820.256648792117
min_total_distance,420034721002,70,BROOKLINE LIBRARY,2063.6163923364397
min_total_distance,420034722001,70,BROOKLINE LIBRARY,1997.2494864201133
min_total_distance,420034723001,70,BROOKLINE LIBRARY,1116.511862724696
min_total_distance,420034723002,70,BROOKLINE LIBRARY,1463.7299771994597
min_total_distance,420034724001,70,BROOKLINE LIBRARY,2034.7113962229348
min_total_distance,420034724002,70,BROOKLINE LIBRARY,2133.189801706786
min_total_distance,420034781001,70,BROOKLINE LIBRARY,5270.163015695563
min_total_distance,420034781002,70,BROOKLINE LIBRARY,5507.2212709117575
min_total_distance,420034781003,70,BROOKLINE LIBRARY,5793.062068152406
min_total_distance,420034731004,70,BROOKLINE LIBRARY,3383.8027956351903
min_total_distance,420034731005,70,BROOKLINE LIBRARY,2694.881748531351
min_total_distance,420034732001,70,BROOKLINE LIBRARY,3253.915261808662
min_total_distance,420034732002,70,BROOKLINE LIBRARY,3422.104486618833
min_total_distance,420034732003,70,BROOKLINE LIBRARY,3774.664415525644
min_total_distance,420034781004,70,BROOKLINE LIBRARY,4981.143817309798
min_total_distance,420030709004,0,Greenfield Senior Center,4159.501309225367
min_total_distance,420034733001,70,BROOKLINE LIBRARY,1430.266466777502
min_total_distance,420034733002,70,BROOKLINE LIBRARY,2553.254021106495
min_total_distance,420034733003,70,BROOKLINE LIBRARY,3055.574153887832
min_total_distance,420034733004,70,BROOKLINE LIBRARY,3011.5199111599172
min_total_distance,420034790001,70,BROOKLINE LIBRARY,2121.4758369268616
min_total_distance,420034801011,70,BROOKLINE LIBRARY,7653.916379958796
min_total_distance,420034801012,70,BROOKLINE LIBRARY,8924.621931031204
min_total_distance,420034801013,41,McBride Swimming Pool Building,8587.172132813304
min_total_distance,420034801014,41,McBride Swimming Pool Building,9184.669294623627
min_total_distance,420034801021,70,BROOKLINE LIBRARY,6838.33968392326
min_total_distance,420034890021,41,McBride Swimming Pool Building,8269.870951119714
min_total_distance,420035645003,41,McBride Swimming Pool Building,14227.83644561556
min_total_distance,420039805001,0,Greenfield Senior Center,1591.6980757775505
min_total_distance,420034773003,41,McBride Swimming Pool Building,7225.522819823564
min_total_distance,420034733005,70,BROOKLINE LIBRARY,2543.393779296988
min_total_distance,420034734012,70,BROOKLINE LIBRARY,3506.608294804089
min_total_distance,420034802003,41,McBride Swimming Pool Building,7381.02522573691
min_total_distance,420034734013,70,BROOKLINE LIBRARY,3707.367827305685
min_total_distance,420034734014,70,BROOKLINE LIBRARY,4562.56782696051
min_total_distance,420034734021,70,BROOKLINE LIBRARY,6189.089376500007
min_total_distance,420034801022,70,BROOKLINE LIBRARY,7664.809238358539
min_total_distance,420034801023,70,BROOKLINE LIBRARY,8348.865081963486
min_total_distance,420035619001,1,Homewood Senior Center,2317.4923202054974
min_total_distance,420034734022,70,BROOKLINE LIBRARY,4658.857424999815
min_total_distance,420034734023,70,BROOKLINE LIBRARY,5574.364141940498
min_total_distance,420034735001,70,BROOKLINE LIBRARY,4658.630691389018
min_total_distance,420034735002,70,BROOKLINE LIBRARY,5457.204307064316
min_total_distance,420032614003,25,Brighton Heights Pool Guard Room,3490.6658783922035
min_total_distance,420031920002,70,BROOKLINE LIBRARY,1129.0783228482064
min_total_distance,420031517006,0,Greenfield Senior Center,507.7711901065992
min_total_distance,420031414002,0,Greenfield Senior Center,1709.901864782424
min_total_distance,420034705022,70,BROOKLINE LIBRARY,5494.538483259462
min_total_distance,420034843002,41,McBride Swimming Pool Building,5130.63817092618
min_total_distance,420034626001,2,Sheraden Senior Center,2913.069753053647
min_total_distance,420034639002,2,Sheraden Senior Center,1976.3436264584864
min_total_distance,420034621002,2,Sheraden Senior Center,6151.981626338076
min_total_distance,420034621003,2,Sheraden Senior Center,4223.0565338212145
min_total_distance,420034626004,2,Sheraden Senior Center,3063.5976701173327
min_total_distance,420034706003,70,BROOKLINE LIBRARY,7913.972800163992
min_total_distance,420035236002,30,East Hills Pool Building,5695.41235627026
min_total_distance,420034890022,41,McBride Swimming Pool Building,8490.413628527942
min_total_distance,420034736011,70,BROOKLINE LIBRARY,4905.818325147614
min_total_distance,420034736012,70,BROOKLINE LIBRARY,4690.264808305461
min_total_distance,420034736021,70,BROOKLINE LIBRARY,5459.010612458963
min_total_distance,420034803002,3,South Side Senior Center,4389.168919504314
min_total_distance,420034736022,70,BROOKLINE LIBRARY,6228.019578291963
min_total_distance,420034736023,70,BROOKLINE LIBRARY,6937.89838058667
min_total_distance,420034741011,70,BROOKLINE LIBRARY,7204.9885674827
min_total_distance,420034742031,70,BROOKLINE LIBRARY,11904.259923024132
min_total_distance,420034742032,70,BROOKLINE LIBRARY,13940.32777264357
min_total_distance,420034751011,70,BROOKLINE LIBRARY,6294.248239560224
min_total_distance,420034845001,41,McBride Swimming Pool Building,1533.8788398839165
min_total_distance,420034845004,41,McBride Swimming Pool Building,2148.5347452571223
min_total_distance,420034751012,70,BROOKLINE LIBRARY,6673.671967182538
min_total_distance,420034751013,70,BROOKLINE LIBRARY,7784.438904634792
min_total_distance,420034751014,70,BROOKLINE LIBRARY,7510.73211128324
min_total_distance,420034752002,70,BROOKLINE LIBRARY,9221.292813107002
min_total_distance,420031920001,70,BROOKLINE LIBRARY,1654.2606296913902
min_total_distance,420034600012,2,Sheraden Senior Center,7660.528966400996
min_total_distance,420034293002,25,Brighton Heights Pool Guard Room,7208.713196406813
min_total_distance,420035180012,30,East Hills Pool Building,3387.895509941123
min_total_distance,420035180011,30,East Hills Pool Building,3898.0695200113423
min_total_distance,420035170001,30,East Hills Pool Building,4265.1707597005525
min_total_distance,420030201004,4,Mount Washington Senior Center,1801.613839238204
min_total_distance,420034772002,70,BROOKLINE LIBRARY,5303.9294170432195
min_total_distance,420031414001,0,Greenfield Senior Center,1535.1103937640723
min_total_distance,420031018001,66,Morningside Crossing,976.0213189141658
min_total_distance,420034656002,2,Sheraden Senior Center,2604.5285627368157
min_total_distance,420034753031,70,BROOKLINE LIBRARY,12157.410262860683
min_total_distance,420034658002,2,Sheraden Senior Center,3489.7150101420007
min_total_distance,420034658003,2,Sheraden Senior Center,4636.357680393951
min_total_distance,420032902001,3,South Side Senior Center,3511.6586261426205
min_total_distance,420034754021,70,BROOKLINE LIBRARY,10951.353250720704
min_total_distance,420034643001,2,Sheraden Senior Center,2422.5060230326067
min_total_distance,420034644001,2,Sheraden Senior Center,2423.474569017398
min_total_distance,420034752003,70,BROOKLINE LIBRARY,10219.91783395717
min_total_distance,420034753011,70,BROOKLINE LIBRARY,8778.400347222641
min_total_distance,420034753012,70,BROOKLINE LIBRARY,10055.420304513196
min_total_distance,420034753013,70,BROOKLINE LIBRARY,10969.216624333854
min_total_distance,420034846002,41,McBride Swimming Pool Building,3459.263818608803
min_total_distance,420034868001,41,McBride Swimming Pool Building,7194.651778438537
min_total_distance,420034868002,41,McBride Swimming Pool Building,5786.970087980129
min_total_distance,420034735003,70,BROOKLINE LIBRARY,6020.6678377875405
min_total_distance,420034271001,25,Brighton Heights Pool Guard Room,6303.3283611629495
min_total_distance,420035231004,1,Homewood Senior Center,1624.7852158853527
min_total_distance,420035253002,30,East Hills Pool Building,10827.611418859771
min_total_distance,420034644003,2,Sheraden Senior Center,1599.5881171039534
min_total_distance,420034656001,2,Sheraden Senior Center,2906.4712723549433
min_total_distance,420034753032,70,BROOKLINE LIBRARY,13052.256862283904
min_total_distance,420034753033,70,BROOKLINE LIBRARY,13280.955142760851
min_total_distance,420034753041,70,BROOKLINE LIBRARY,13306.018285809609
min_total_distance,420034850001,41,McBride Swimming Pool Building,4965.114470560553
min_total_distance,420034867001,41,McBride Swimming Pool Building,6073.575795383393
min_total_distance,420034802001,41,McBride Swimming Pool Building,5859.387656961023
min_total_distance,420031920003,70,BROOKLINE LIBRARY,1916.746368373372
min_total_distance,420032509002,25,Brighton Heights Pool Guard Room,4444.7864699380825
min_total_distance,420035041005,41,McBride Swimming Pool Building,9160.64484750318
min_total_distance,420034600011,2,Sheraden Senior Center,8269.8057281826
min_total_distance,420034961011,41,McBride Swimming Pool Building,15493.796066522773
min_total_distance,420034753042,70,BROOKLINE LIBRARY,14347.084945236802
min_total_distance,420034753043,70,BROOKLINE LIBRARY,14801.275087598244
min_total_distance,420034753044,70,BROOKLINE LIBRARY,13668.16297626126
min_total_distance,420034754011,70,BROOKLINE LIBRARY,6321.017756853131
min_total_distance,420034754012,70,BROOKLINE LIBRARY,7886.557783396854
min_total_distance,420034867002,41,McBride Swimming Pool Building,6038.260168119215
min_total_distance,420032901002,70,BROOKLINE LIBRARY,3212.4968546094624
min_total_distance,420032901003,70,BROOKLINE LIBRARY,3452.1937039837944
min_total_distance,420032902002,70,BROOKLINE LIBRARY,4286.304641382955
min_total_distance,420032902003,70,BROOKLINE LIBRARY,4104.6778573831
min_total_distance,420032902004,70,BROOKLINE LIBRARY,3916.048314313465
min_total_distance,420034135004,25,Brighton Heights Pool Guard Room,13211.499821840049
min_total_distance,420034141012,66,Morningside Crossing,14826.653108190372
min_total_distance,420034141023,25,Brighton Heights Pool Guard Room,16315.331793742942
min_total_distance,420034080013,66,Morningside Crossing,22902.948714283975
min_total_distance,420034171002,30,East Hills Pool Building,15923.666648803615
min_total_distance,420034264004,66,Morningside Crossing,6985.432755182545
min_total_distance,420034291001,25,Brighton Heights Pool Guard Room,4282.035547994715
min_total_distance,420034292011,25,Brighton Heights Pool Guard Room,9655.280636881109
min_total_distance,420034297001,25,Brighton Heights Pool Guard Room,2127.684733544853
min_total_distance,420034315003,25,Brighton Heights Pool Guard Room,3103.8988109094835
min_total_distance,420034324001,25,Brighton Heights Pool Guard Room,3923.0835979040658
min_total_distance,420034370002,25,Brighton Heights Pool Guard Room,12613.406058180535
min_total_distance,420034520003,2,Sheraden Senior Center,22263.257393334883
min_total_distance,420034560032,70,BROOKLINE LIBRARY,13527.977878698384
min_total_distance,420034591022,2,Sheraden Senior Center,7750.666049996928
min_total_distance,420034626002,2,Sheraden Senior Center,3872.755280475296
min_total_distance,420034703001,70,BROOKLINE LIBRARY,6809.241534467287
min_total_distance,420034592012,2,Sheraden Senior Center,11245.6859668776
min_total_distance,420034950001,41,McBride Swimming Pool Building,19739.349186172873
min_total_distance,420034687002,2,Sheraden Senior Center,6933.249525398731
min_total_distance,420034688001,70,BROOKLINE LIBRARY,7758.026666777019
min_total_distance,420034688002,70,BROOKLINE LIBRARY,8142.559329211508
min_total_distance,420034688003,2,Sheraden Senior Center,7976.183916939041
min_total_distance,420033206002,70,BROOKLINE LIBRARY,1977.1605225433873
min_total_distance,420033207001,70,BROOKLINE LIBRARY,2586.831048174854
min_total_distance,420034689001,70,BROOKLINE LIBRARY,6432.64039441296
min_total_distance,420034754013,70,BROOKLINE LIBRARY,9036.998337739258
min_total_distance,420034754022,70,BROOKLINE LIBRARY,12970.01777341525
min_total_distance,420034761001,70,BROOKLINE LIBRARY,2801.0947461150636
min_total_distance,420033207002,70,BROOKLINE LIBRARY,3361.3145693925217
min_total_distance,420034011003,30,East Hills Pool Building,30511.018608364328
min_total_distance,420034825001,41,McBride Swimming Pool Building,4154.857590435904
min_total_distance,420034762001,70,BROOKLINE LIBRARY,3735.0547923263016
min_total_distance,420031411001,0,Greenfield Senior Center,3488.651950373752
min_total_distance,420034761002,70,BROOKLINE LIBRARY,3272.1602951649775
min_total_distance,420035238004,30,East Hills Pool Building,5937.642608161666
min_total_distance,420034689002,70,BROOKLINE LIBRARY,6092.198931385387
min_total_distance,420034761005,70,BROOKLINE LIBRARY,5356.43318968472
min_total_distance,420034736024,70,BROOKLINE LIBRARY,6620.088776578549
min_total_distance,420034803003,3,South Side Senior Center,4665.249941522201
min_total_distance,420034843001,0,Greenfield Senior Center,4955.48660828649
min_total_distance,420034890011,41,McBride Swimming Pool Building,7227.189566005083
min_total_distance,420034900042,41,McBride Swimming Pool Building,14222.457281887771
min_total_distance,420034950002,41,McBride Swimming Pool Building,22794.36524461112
min_total_distance,420034961021,41,McBride Swimming Pool Building,16726.559615494323
min_total_distance,420034980002,41,McBride Swimming Pool Building,8161.483980956376
min_total_distance,420035211003,30,East Hills Pool Building,9812.888082083882
min_total_distance,420035213013,30,East Hills Pool Building,12778.66420034564
min_total_distance,420035213023,30,East Hills Pool Building,10670.492330324782
min_total_distance,420034689003,70,BROOKLINE LIBRARY,7152.2231594323
min_total_distance,420034690002,70,BROOKLINE LIBRARY,4557.241777884353
min_total_distance,420034761003,70,BROOKLINE LIBRARY,3854.842989897475
min_total_distance,420034761004,70,BROOKLINE LIBRARY,4219.422221313081
min_total_distance,420035237024,30,East Hills Pool Building,10263.489919569682
min_total_distance,420034762002,70,BROOKLINE LIBRARY,4384.634597725401
min_total_distance,420035214021,30,East Hills Pool Building,14931.57024654976
min_total_distance,420035231001,30,East Hills Pool Building,3482.6890513954254
min_total_distance,420035232001,30,East Hills Pool Building,2669.1238344114963
min_total_distance,420035237021,30,East Hills Pool Building,9826.811097863108
min_total_distance,420035261011,30,East Hills Pool Building,18956.552749919934
min_total_distance,420035261012,30,East Hills Pool Building,15187.83741808488
min_total_distance,420035262012,30,East Hills Pool Building,13760.787990605508
min_total_distance,420035513002,41,McBride Swimming Pool Building,10715.414759026582
min_total_distance,420030201002,4,Mount Washington Senior Center,2013.0191125930571
min_total_distance,420035240003,30,East Hills Pool Building,8772.098865301507
min_total_distance,420035605002,1,Homewood Senior Center,2937.0347902047574
min_total_distance,420030201001,4,Mount Washington Senior Center,1449.2106509163682
min_total_distance,420034838001,0,Greenfield Senior Center,4418.524847864815
min_total_distance,420030703001,0,Greenfield Senior Center,4114.8342567628915
min_total_distance,420034804003,3,South Side Senior Center,5973.213961212628
min_total_distance,420034810001,3,South Side Senior Center,2325.696626639107
min_total_distance,420034810002,3,South Side Senior Center,2547.683839251395
min_total_distance,420034810003,3,South Side Senior Center,3096.666179301989
min_total_distance,420034810004,3,South Side Senior Center,3061.037332730982
min_total_distance,420030201003,4,Mount Washington Senior Center,1944.564848852896
min_total_distance,420030402002,3,South Side Senior Center,2591.382308949886
min_total_distance,420030404001,0,Greenfield Senior Center,3387.509991103976
min_total_distance,420030405001,3,South Side Senior Center,2824.305219239564
min_total_distance,420030405002,3,South Side Senior Center,2311.5772313041025
min_total_distance,420030510002,3,South Side Senior Center,3225.003985267155
min_total_distance,420030511001,3,South Side Senior Center,2815.097392175769
min_total_distance,420030603002,66,Morningside Crossing,5327.849431660784
min_total_distance,420030605001,3,South Side Senior Center,4841.62504237143
min_total_distance,420030605002,3,South Side Senior Center,5093.7383267776195
min_total_distance,420034704002,70,BROOKLINE LIBRARY,7648.861984593556
min_total_distance,420030708002,1,Homewood Senior Center,2727.5813625941796
min_total_distance,420030703002,0,Greenfield Senior Center,3765.284373674284
min_total_distance,420034703002,70,BROOKLINE LIBRARY,7139.562285864551
min_total_distance,420034704001,70,BROOKLINE LIBRARY,7714.591685633982
min_total_distance,420032602001,25,Brighton Heights Pool Guard Room,2019.2406718302905
min_total_distance,420032602002,25,Brighton Heights Pool Guard Room,1201.9498053711277
min_total_distance,420032607001,25,Brighton Heights Pool Guard Room,2210.1084673099976
min_total_distance,420032607002,25,Brighton Heights Pool Guard Room,2362.8957004956937
min_total_distance,420034900041,41,McBride Swimming Pool Building,14530.84872288599
min_total_distance,420034704003,70,BROOKLINE LIBRARY,8562.2304791655
min_total_distance,420034771001,70,BROOKLINE LIBRARY,4822.866794875156
min_total_distance,420034771002,70,BROOKLINE LIBRARY,6386.116672516668
min_total_distance,420034771003,70,BROOKLINE LIBRARY,5541.799198299656
min_total_distance,420034772001,70,BROOKLINE LIBRARY,4518.907128804227
min_total_distance,420034295003,25,Brighton Heights Pool Guard Room,5861.818950498576
min_total_distance,420030409001,3,South Side Senior Center,1779.059328671734
min_total_distance,420030409002,3,South Side Senior Center,1698.527567416197
min_total_distance,420030501001,3,South Side Senior Center,3459.1404344548305
min_total_distance,420030406001,0,Greenfield Senior Center,2608.179810246527
min_total_distance,420030501002,3,South Side Senior Center,3664.997645049873
min_total_distance,420030703003,0,Greenfield Senior Center,3736.230978599411
min_total_distance,420030705001,1,Homewood Senior Center,3752.000848155051
min_total_distance,420030705003,1,Homewood Senior Center,3949.703374454963
min_total_distance,420030706001,1,Homewood Senior Center,3315.9927727240333
min_total_distance,420030706002,1,Homewood Senior Center,3804.1349467656432
min_total_distance,420030708001,1,Homewood Senior Center,3144.4188812098796
min_total_distance,420030901001,66,Morningside Crossing,3934.47373948529
min_total_distance,420030709001,0,Greenfield Senior Center,4355.421601378781
min_total_distance,420030709002,0,Greenfield Senior Center,4056.3315290952655
min_total_distance,420035200012,30,East Hills Pool Building,6655.594688240313
min_total_distance,420031102003,66,Morningside Crossing,1389.2850514025831
min_total_distance,420030902001,66,Morningside Crossing,4403.070990041161
min_total_distance,420030902002,66,Morningside Crossing,4082.458901545754
min_total_distance,420030903001,66,Morningside Crossing,4144.82452263212
min_total_distance,420030903002,66,Morningside Crossing,4488.266796646666
min_total_distance,420031102002,66,Morningside Crossing,1574.2697129517474
min_total_distance,420031102004,66,Morningside Crossing,1986.105324248992
min_total_distance,420031203001,1,Homewood Senior Center,2263.421254363591
min_total_distance,420031203002,1,Homewood Senior Center,1620.8814105895606
min_total_distance,420032615001,25,Brighton Heights Pool Guard Room,3057.3329399965432
min_total_distance,420032620001,4,Mount Washington Senior Center,5057.756455084476
min_total_distance,420032620002,25,Brighton Heights Pool Guard Room,5052.056036115734
min_total_distance,420031005001,66,Morningside Crossing,1730.2259754904892
min_total_distance,420031005002,66,Morningside Crossing,1884.636543814588
min_total_distance,420031011001,66,Morningside Crossing,2999.9406759858684
min_total_distance,420031011002,66,Morningside Crossing,2662.94244215096
min_total_distance,420031113001,66,Morningside Crossing,2206.0351133931804
min_total_distance,420031014001,66,Morningside Crossing,200.59099734082815
min_total_distance,420031014004,66,Morningside Crossing,1010.8210161420662
min_total_distance,420031106003,66,Morningside Crossing,2379.4857564556187
min_total_distance,420031404003,1,Homewood Senior Center,2933.75598042216
min_total_distance,420034803001,3,South Side Senior Center,3305.2757296038553
min_total_distance,420031113002,66,Morningside Crossing,2465.2749435288565
min_total_distance,420031113003,66,Morningside Crossing,2612.6925938065565
min_total_distance,420031113004,66,Morningside Crossing,2783.2414306741566
min_total_distance,420031114001,66,Morningside Crossing,2785.4052475943467
min_total_distance,420031114002,66,Morningside Crossing,2892.696829894597
min_total_distance,420031115002,66,Morningside Crossing,3297.1093906585556
min_total_distance,420031302001,1,Homewood Senior Center,304.90843621211036
min_total_distance,420031405001,1,Homewood Senior Center,1079.2684645964612
min_total_distance,420031405002,1,Homewood Senior Center,1518.933566727511
min_total_distance,420031408001,0,Greenfield Senior Center,2679.8755714589447
min_total_distance,420031414003,0,Greenfield Senior Center,1976.1020866766216
min_total_distance,420034883001,41,McBride Swimming Pool Building,863.6907751173143
min_total_distance,420034520002,2,Sheraden Senior Center,17445.839378585693
min_total_distance,420034927001,41,McBride Swimming Pool Building,10190.75333629743
min_total_distance,420034520001,2,Sheraden Senior Center,24715.14235142147
min_total_distance,420034513003,2,Sheraden Senior Center,16425.409149960138
min_total_distance,420034736013,70,BROOKLINE LIBRARY,4537.200846119509
min_total_distance,420034390001,25,Brighton Heights Pool Guard Room,21620.42733582187
min_total_distance,420034141022,66,Morningside Crossing,14005.18036804558
min_total_distance,420034131001,25,Brighton Heights Pool Guard Room,17027.432202333996
min_total_distance,420035100002,41,McBride Swimming Pool Building,8261.808965329368
min_total_distance,420034296001,25,Brighton Heights Pool Guard Room,4115.399954668877
min_total_distance,420034150012,66,Morningside Crossing,12945.80389151696
min_total_distance,420034100001,25,Brighton Heights Pool Guard Room,22334.877913151955
min_total_distance,420034120022,25,Brighton Heights Pool Guard Room,12165.206649575432
min_total_distance,420031413002,0,Greenfield Senior Center,1206.9898621624131
min_total_distance,420031413003,0,Greenfield Senior Center,1641.8556748135015
min_total_distance,420031516001,0,Greenfield Senior Center,596.4463322444366
min_total_distance,420034560033,70,BROOKLINE LIBRARY,19182.98955637787
min_total_distance,420034742022,70,BROOKLINE LIBRARY,11722.953503866367
min_total_distance,420034132011,25,Brighton Heights Pool Guard Room,13197.403892072954
min_total_distance,420034132012,25,Brighton Heights Pool Guard Room,13258.229070354377
min_total_distance,420034132013,25,Brighton Heights Pool Guard Room,12250.220734986226
min_total_distance,420034272004,66,Morningside Crossing,4100.95598811425
min_total_distance,420034315001,25,Brighton Heights Pool Guard Room,3541.885059295625
min_total_distance,420031401001,0,Greenfield Senior Center,2895.093016066782
min_total_distance,420031408002,0,Greenfield Senior Center,2498.4583625221826
min_total_distance,420031408003,0,Greenfield Senior Center,1919.155828907629
min_total_distance,420031413001,0,Greenfield Senior Center,1897.308283977284
min_total_distance,420031403001,1,Homewood Senior Center,2918.2832633443136
min_total_distance,420034742011,70,BROOKLINE LIBRARY,10102.185670224017
min_total_distance,420034220004,66,Morningside Crossing,6260.321128100234
min_total_distance,420034802002,41,McBride Swimming Pool Building,7449.854643848354
min_total_distance,420033001002,4,Mount Washington Senior Center,2766.99345037876
min_total_distance,420035080002,41,McBride Swimming Pool Building,11206.053599245091
min_total_distance,420034962004,41,McBride Swimming Pool Building,13883.727440179637
min_total_distance,420034272003,66,Morningside Crossing,4170.529249246012
min_total_distance,420034020004,30,East Hills Pool Building,26206.412144352988
min_total_distance,420034150021,66,Morningside Crossing,11248.858216405188
min_total_distance,420034591023,2,Sheraden Senior Center,10198.338707933544
min_total_distance,420030705002,1,Homewood Senior Center,4120.14563360626
min_total_distance,420034520004,2,Sheraden Senior Center,27516.448725949096
min_total_distance,420034508002,2,Sheraden Senior Center,14714.925859980802
min_total_distance,420034886004,41,McBride Swimming Pool Building,4735.719662402444
min_total_distance,420034804004,41,McBride Swimming Pool Building,5193.490859472335
min_total_distance,420034790002,70,BROOKLINE LIBRARY,2395.145241479792
min_total_distance,420031807001,4,Mount Washington Senior Center,870.2730062824587
min_total_distance,420034070022,66,Morningside Crossing,19800.889980542193
min_total_distance,420034592013,2,Sheraden Senior Center,8892.76067220934
min_total_distance,420034600023,2,Sheraden Senior Center,7098.019689202441
min_total_distance,420031517001,0,Greenfield Senior Center,955.7932151661354
min_total_distance,420035212002,30,East Hills Pool Building,9187.338102439186
min_total_distance,420035524003,41,McBride Swimming Pool Building,8572.750667901628
min_total_distance,420035261021,30,East Hills Pool Building,17902.612541725743
min_total_distance,420034150011,66,Morningside Crossing,15260.056402542015
min_total_distance,420034211003,66,Morningside Crossing,6360.623314863617
min_total_distance,420034141021,66,Morningside Crossing,17267.003154105732
min_total_distance,420032022001,2,Sheraden Senior Center,853.1701756076578
min_total_distance,420032815002,2,Sheraden Senior Center,2085.503196978058
min_total_distance,420034324002,25,Brighton Heights Pool Guard Room,4635.729919559891
min_total_distance,420034773001,41,McBride Swimming Pool Building,6234.0915981576445
min_total_distance,420035041004,41,McBride Swimming Pool Building,7939.50446600902
min_total_distance,420034292022,25,Brighton Heights Pool Guard Room,6312.299402316739
min_total_distance,420031102001,66,Morningside Crossing,1365.771897363764
min_total_distance,420033001001,4,Mount Washington Senior Center,2530.134897961823
min_total_distance,420034929002,41,McBride Swimming Pool Building,11870.970008570715
min_total_distance,420035212003,30,East Hills Pool Building,9276.349871590592
min_total_distance,420035213014,30,East Hills Pool Building,13890.52119634392
min_total_distance,420034560041,70,BROOKLINE LIBRARY,13616.01703151968
min_total_distance,420032904001,70,BROOKLINE LIBRARY,3810.443366380825
min_total_distance,420032904002,70,BROOKLINE LIBRARY,4513.549316751132
min_total_distance,420033102003,41,McBride Swimming Pool Building,1439.408173418344
min_total_distance,420031106001,66,Morningside Crossing,2492.936160249986
min_total_distance,420034131004,25,Brighton Heights Pool Guard Room,16847.604216360996
min_total_distance,420034370001,25,Brighton Heights Pool Guard Room,9085.499192659438
min_total_distance,420034070012,66,Morningside Crossing,26281.928008938725
min_total_distance,420034870002,41,McBride Swimming Pool Building,3582.253612166379
min_total_distance,420031920005,70,BROOKLINE LIBRARY,2037.5970541135375
min_total_distance,420034804002,41,McBride Swimming Pool Building,4533.981637954188
min_total_distance,420034511012,2,Sheraden Senior Center,20305.49587217784
min_total_distance,420030404002,0,Greenfield Senior Center,3780.6774722826704
min_total_distance,420034131002,25,Brighton Heights Pool Guard Room,15342.523970283884
min_total_distance,420035638001,25,Brighton Heights Pool Guard Room,8841.963381152491
min_total_distance,420035633001,25,Brighton Heights Pool Guard Room,15784.089094669123
min_total_distance,420034511041,2,Sheraden Senior Center,24892.688410552633
min_total_distance,420034511023,2,Sheraden Senior Center,18948.54232423965
min_total_distance,420034511053,2,Sheraden Senior Center,22459.379586420506
min_total_distance,420034513001,2,Sheraden Senior Center,14086.44027256016
min_total_distance,420034530041,2,Sheraden Senior Center,18233.779959120737
min_total_distance,420031915001,4,Mount Washington Senior Center,1594.6287887266349
min_total_distance,420031916001,4,Mount Washington Senior Center,2102.6258385570686
min_total_distance,420034530032,2,Sheraden Senior Center,14138.59607225882
min_total_distance,420035640002,2,Sheraden Senior Center,19996.30756990263
min_total_distance,420034687001,2,Sheraden Senior Center,6941.831456759994
min_total_distance,420031014003,66,Morningside Crossing,1664.665270176955
min_total_distance,420032022002,2,Sheraden Senior Center,631.2268392176344
min_total_distance,420032023001,4,Mount Washington Senior Center,3452.9778147456004
min_total_distance,420032023002,70,BROOKLINE LIBRARY,2931.7081856153823
min_total_distance,420032023003,70,BROOKLINE LIBRARY,2890.350935154845
min_total_distance,420034190001,66,Morningside Crossing,13950.415632994793
min_total_distance,420034741012,70,BROOKLINE LIBRARY,8814.872624975496
min_total_distance,420034961012,41,McBride Swimming Pool Building,18294.92331211463
min_total_distance,420035200022,30,East Hills Pool Building,6698.820750121905
min_total_distance,420035237011,30,East Hills Pool Building,10560.620009718312
min_total_distance,420035030025,41,McBride Swimming Pool Building,11335.111789693618
min_total_distance,420034080012,66,Morningside Crossing,24915.73479620948
min_total_distance,420034020001,30,East Hills Pool Building,27169.478355903502
min_total_distance,420034752004,70,BROOKLINE LIBRARY,12058.698178086604
min_total_distance,420034600022,2,Sheraden Senior Center,5374.972389838918
min_total_distance,420035214022,30,East Hills Pool Building,15679.196377258528
min_total_distance,420034885002,41,McBride Swimming Pool Building,3275.8557211978514
min_total_distance,420035215001,30,East Hills Pool Building,16978.355353059942
min_total_distance,420034838003,41,McBride Swimming Pool Building,4663.080997917035
min_total_distance,420035262011,30,East Hills Pool Building,12886.523721951213
min_total_distance,420035211002,30,East Hills Pool Building,10513.020920157516
min_total_distance,420035263021,30,East Hills Pool Building,18022.12659993035
min_total_distance,420035237012,30,East Hills Pool Building,9196.487429077515
min_total_distance,420034070023,66,Morningside Crossing,19413.318144892703
min_total_distance,420034133003,25,Brighton Heights Pool Guard Room,10890.78432344786
min_total_distance,420032703002,25,Brighton Heights Pool Guard Room,1741.183537908456
min_total_distance,420034070021,66,Morningside Crossing,20216.608076677217
min_total_distance,420034070014,66,Morningside Crossing,23222.94667586515
min_total_distance,420031920004,70,BROOKLINE LIBRARY,1306.15453405096
min_total_distance,420034292023,25,Brighton Heights Pool Guard Room,6120.878564328102
min_total_distance,420034838002,0,Greenfield Senior Center,3537.799296711811
min_total_distance,420034560012,70,BROOKLINE LIBRARY,14769.408753675749
min_total_distance,420031302002,1,Homewood Senior Center,439.1093617999581
min_total_distance,420031916003,70,BROOKLINE LIBRARY,2436.1297139643134
min_total_distance,420035215002,30,East Hills Pool Building,14208.003799056552
min_total_distance,420034560031,70,BROOKLINE LIBRARY,17370.702085297584
min_total_distance,420035212001,30,East Hills Pool Building,9558.430063023552
min_total_distance,420031702002,3,South Side Senior Center,1933.541798013117
min_total_distance,420035235021,30,East Hills Pool Building,9048.969830054875
min_total_distance,420035262022,30,East Hills Pool Building,13704.19067813872
min_total_distance,420034011002,30,East Hills Pool Building,33360.504692145754
min_total_distance,420034060001,66,Morningside Crossing,28781.67887197221
min_total_distance,420034132021,25,Brighton Heights Pool Guard Room,14763.51807633756
min_total_distance,420034268002,66,Morningside Crossing,8459.948635800032
min_total_distance,420034560011,70,BROOKLINE LIBRARY,15021.555231642844
min_total_distance,420034291002,25,Brighton Heights Pool Guard Room,3549.7566160909023
min_total_distance,420034150013,66,Morningside Crossing,16823.78561155059
min_total_distance,420034212003,66,Morningside Crossing,3162.504668014188
min_total_distance,420034135001,25,Brighton Heights Pool Guard Room,14977.79514646411
min_total_distance,420034272001,66,Morningside Crossing,4164.434809130734
min_total_distance,420034911011,41,McBride Swimming Pool Building,10344.616918841655
min_total_distance,420034639001,2,Sheraden Senior Center,2856.782166620478
min_total_distance,420034120021,25,Brighton Heights Pool Guard Room,13767.757757748728
min_total_distance,420031517002,0,Greenfield Senior Center,465.31090503052616
min_total_distance,420034886001,41,McBride Swimming Pool Building,2979.4189807764856
min_total_distance,420035641001,2,Sheraden Senior Center,5887.730579886317
min_total_distance,420034705021,70,BROOKLINE LIBRARY,5560.858909957218
min_total_distance,420034658001,2,Sheraden Senior Center,3347.841795459156
min_total_distance,420034690001,70,BROOKLINE LIBRARY,3801.549083919093
min_total_distance,420034013003,30,East Hills Pool Building,27770.99057872198
min_total_distance,420034773005,70,BROOKLINE LIBRARY,7320.306562490505
min_total_distance,420035234006,30,East Hills Pool Building,4876.369115367487
min_total_distance,420034212004,66,Morningside Crossing,5861.876525549635
min_total_distance,420035638006,25,Brighton Heights Pool Guard Room,5925.5884987337495
min_total_distance,420034131003,25,Brighton Heights Pool Guard Room,16594.830280739236
min_total_distance,420034993002,41,McBride Swimming Pool Building,6261.365414886486
min_total_distance,420034994001,41,McBride Swimming Pool Building,7884.001045367751
min_total_distance,420034994002,41,McBride Swimming Pool Building,7163.92352437854
min_total_distance,420035030021,41,McBride Swimming Pool Building,9583.64276680715
min_total_distance,420035030022,41,McBride Swimming Pool Building,9638.652505304375
min_total_distance,420035030023,41,McBride Swimming Pool Building,11261.483608570272
min_total_distance,420035030024,41,McBride Swimming Pool Building,10669.260792247367
min_total_distance,420035041002,41,McBride Swimming Pool Building,9568.089559634904
min_total_distance,420035041003,41,McBride Swimming Pool Building,9947.088201115086
min_total_distance,420035094005,30,East Hills Pool Building,8187.513329629622
min_total_distance,420035100001,41,McBride Swimming Pool Building,8641.070381822437
min_total_distance,420035138002,41,McBride Swimming Pool Building,6107.400848053717
min_total_distance,420031014002,66,Morningside Crossing,370.34396287552704
min_total_distance,420035120001,30,East Hills Pool Building,8145.829241212553
min_total_distance,420035120002,30,East Hills Pool Building,7296.415731616415
min_total_distance,420035138001,30,East Hills Pool Building,6553.17156226561
min_total_distance,420035140002,0,Greenfield Senior Center,6214.7423431484085
min_total_distance,420035151001,30,East Hills Pool Building,5162.786537980714
min_total_distance,420035151002,30,East Hills Pool Building,5340.290955029632
min_total_distance,420035151003,30,East Hills Pool Building,4809.769212551413
min_total_distance,420035152002,30,East Hills Pool Building,4371.2288540037825
min_total_distance,420035153001,30,East Hills Pool Building,5136.472300448457
min_total_distance,420035153002,0,Greenfield Senior Center,4853.055815014768
min_total_distance,420035161001,1,Homewood Senior Center,3784.098395242285
min_total_distance,420035162001,30,East Hills Pool Building,3051.761138935785
min_total_distance,420035162002,30,East Hills Pool Building,3645.13006943931
min_total_distance,420035211001,30,East Hills Pool Building,11669.409075418023
min_total_distance,420035213011,30,East Hills Pool Building,12184.155989364048
min_total_distance,420035180013,30,East Hills Pool Building,4375.272757841121
min_total_distance,420035200021,30,East Hills Pool Building,6659.1688194721
min_total_distance,420035200023,30,East Hills Pool Building,5245.179131670874
min_total_distance,420035213012,30,East Hills Pool Building,13064.906594159196
min_total_distance,420035231002,30,East Hills Pool Building,2329.534194175974
min_total_distance,420035231003,30,East Hills Pool Building,1292.0125640875708
min_total_distance,420035232002,30,East Hills Pool Building,2454.6534664032924
min_total_distance,420035232003,30,East Hills Pool Building,2402.5868326551895
min_total_distance,420035232004,30,East Hills Pool Building,1512.730681709518
min_total_distance,420035233001,30,East Hills Pool Building,6100.671985263807
min_total_distance,420035233003,30,East Hills Pool Building,4648.596577224327
min_total_distance,420035234002,30,East Hills Pool Building,3287.9344536875537
min_total_distance,420035237022,30,East Hills Pool Building,10166.308846422637
min_total_distance,420035238001,30,East Hills Pool Building,6994.833394361059
min_total_distance,420035238002,30,East Hills Pool Building,6512.896079965367
min_total_distance,420035640001,2,Sheraden Senior Center,22111.925215895004
min_total_distance,420034530031,2,Sheraden Senior Center,15911.769613279694
min_total_distance,420035253001,30,East Hills Pool Building,11342.43526108209
min_total_distance,420034263002,25,Brighton Heights Pool Guard Room,9379.972772723228
min_total_distance,420034511011,2,Sheraden Senior Center,21844.4868162252
min_total_distance,420035234005,30,East Hills Pool Building,4067.008108790677
min_total_distance,420035235011,30,East Hills Pool Building,7899.204439038768
min_total_distance,420035235012,30,East Hills Pool Building,6998.699930798481
min_total_distance,420035235013,30,East Hills Pool Building,6457.2338739633
min_total_distance,420035236001,30,East Hills Pool Building,6371.67488293862
min_total_distance,420034511052,2,Sheraden Senior Center,20545.405962558936
min_total_distance,420035237013,30,East Hills Pool Building,8872.636223144578
min_total_distance,420035237014,30,East Hills Pool Building,8291.456757712542
min_total_distance,420035237023,30,East Hills Pool Building,8874.268202665302
min_total_distance,420035238003,30,East Hills Pool Building,5405.442741626126
min_total_distance,420035240001,30,East Hills Pool Building,8291.181601360964
min_total_distance,420035251001,30,East Hills Pool Building,10280.533478221105
min_total_distance,420035252001,30,East Hills Pool Building,9711.101032660736
min_total_distance,420035252002,30,East Hills Pool Building,9389.196593376391
min_total_distance,420035262021,30,East Hills Pool Building,11761.390811411928
min_total_distance,420035262023,30,East Hills Pool Building,11045.71513910341
min_total_distance,420035263011,30,East Hills Pool Building,18469.57432000951
min_total_distance,420035263022,30,East Hills Pool Building,17122.861126682812
min_total_distance,420035263023,30,East Hills Pool Building,18029.43824318515
min_total_distance,420035263024,30,East Hills Pool Building,17460.12395035964
min_total_distance,420035509001,41,McBride Swimming Pool Building,7216.389089311165
min_total_distance,420035509002,41,McBride Swimming Pool Building,6514.567377656518
min_total_distance,420035512001,41,McBride Swimming Pool Building,7963.45596887122
min_total_distance,420035512002,41,McBride Swimming Pool Building,8816.650207956218
min_total_distance,420035512003,41,McBride Swimming Pool Building,8335.81907755366
min_total_distance,420035513001,41,McBride Swimming Pool Building,9659.180990636867
min_total_distance,420035519001,41,McBride Swimming Pool Building,6681.662706841383
min_total_distance,420035520002,41,McBride Swimming Pool Building,8290.016100533956
min_total_distance,420035520003,41,McBride Swimming Pool Building,8487.769372591652
min_total_distance,420035520004,41,McBride Swimming Pool Building,8770.94712653675
min_total_distance,420035521001,41,McBride Swimming Pool Building,6037.764590532637
min_total_distance,420035521002,41,McBride Swimming Pool Building,6034.444136648213
min_total_distance,420035522001,41,McBride Swimming Pool Building,4519.423652106642
min_total_distance,420034886002,41,McBride Swimming Pool Building,3770.117511535504
min_total_distance,420031918003,70,BROOKLINE LIBRARY,847.0354366506784
min_total_distance,420035630002,2,Sheraden Senior Center,2424.914952540024
min_total_distance,420032022003,2,Sheraden Senior Center,982.7927153984092
min_total_distance,420034900024,70,BROOKLINE LIBRARY,15989.213001011263
min_total_distance,420034900025,70,BROOKLINE LIBRARY,15535.77683509776
min_total_distance,420032814002,2,Sheraden Senior Center,1470.556967713888
min_total_distance,420034890012,41,McBride Swimming Pool Building,7190.896845662341
min_total_distance,420034890013,41,McBride Swimming Pool Building,8013.861928093878
min_total_distance,420034900032,70,BROOKLINE LIBRARY,10077.202978510795
min_total_distance,420034900033,70,BROOKLINE LIBRARY,11443.05438236982
min_total_distance,420034928001,41,McBride Swimming Pool Building,11158.447075410084
min_total_distance,420034928002,41,McBride Swimming Pool Building,12005.243360235878
min_total_distance,420034929001,41,McBride Swimming Pool Building,11982.922504468948
min_total_distance,420034940001,41,McBride Swimming Pool Building,14441.78996173228
min_total_distance,420034962001,41,McBride Swimming Pool Building,13289.277952890996
min_total_distance,420035627002,4,Mount Washington Senior Center,3304.485185359795
min_total_distance,420035190001,30,East Hills Pool Building,4847.275187622615
min_total_distance,420034962002,41,McBride Swimming Pool Building,15047.044242208029
min_total_distance,420034980001,41,McBride Swimming Pool Building,9205.1036761887
min_total_distance,420035003001,41,McBride Swimming Pool Building,5966.286291010509
min_total_distance,420035003002,41,McBride Swimming Pool Building,5785.4829184736645
min_total_distance,420035003003,41,McBride Swimming Pool Building,6893.337132595408
min_total_distance,420035003004,41,McBride Swimming Pool Building,5970.561563388868
min_total_distance,420035010001,41,McBride Swimming Pool Building,11355.203997479128
min_total_distance,420035041001,41,McBride Swimming Pool Building,10376.005788125294
min_total_distance,420035070001,41,McBride Swimming Pool Building,11663.486190846574
min_total_distance,420035070002,41,McBride Swimming Pool Building,10768.217326383789
min_total_distance,420035080001,30,East Hills Pool Building,10537.84069676108
min_total_distance,420035094001,30,East Hills Pool Building,8106.606588475119
min_total_distance,420035094002,30,East Hills Pool Building,8608.90377431261
min_total_distance,420035094003,30,East Hills Pool Building,8947.844138304592
min_total_distance,420035094004,30,East Hills Pool Building,9020.365177460972
min_total_distance,420030402001,3,South Side Senior Center,2267.6612203782984
min_total_distance,420035152001,30,East Hills Pool Building,4149.937641921458
min_total_distance,420035170002,30,East Hills Pool Building,5666.093421213568
min_total_distance,420035190002,30,East Hills Pool Building,3415.899988947578
min_total_distance,420035213021,30,East Hills Pool Building,11639.392503394349
min_total_distance,420035214012,30,East Hills Pool Building,17638.74654311958
min_total_distance,420035215003,30,East Hills Pool Building,12484.305161215449
min_total_distance,420035220003,30,East Hills Pool Building,12060.315308185112
min_total_distance,420034240002,66,Morningside Crossing,1030.8147671888348
min_total_distance,420034240003,66,Morningside Crossing,1475.2902338170668
min_total_distance,420034742012,70,BROOKLINE LIBRARY,11589.282368881595
min_total_distance,420031115001,66,Morningside Crossing,3609.072353304701
min_total_distance,420034513006,2,Sheraden Senior Center,17502.939142413088
min_total_distance,420035640004,2,Sheraden Senior Center,22343.342990846024
min_total_distance,420031019001,66,Morningside Crossing,2717.0851757188348
min_total_distance,420031019002,66,Morningside Crossing,3341.521061608444
min_total_distance,420031019003,66,Morningside Crossing,3153.0255233028993
min_total_distance,420031307002,1,Homewood Senior Center,655.9454372006082
min_total_distance,420031115003,1,Homewood Senior Center,2857.320956059891
min_total_distance,420031209002,1,Homewood Senior Center,2216.6419146396
min_total_distance,420031209001,1,Homewood Senior Center,2228.124401481755
min_total_distance,420031307003,1,Homewood Senior Center,1200.4097151439587
min_total_distance,420031412003,1,Homewood Senior Center,1922.2629517062808
min_total_distance,420030103022,3,South Side Senior Center,2500.2921035015625
min_total_distance,420031308002,1,Homewood Senior Center,482.076259086295
min_total_distance,420031308003,1,Homewood Senior Center,776.4774086349552
min_total_distance,420031307001,1,Homewood Senior Center,1081.131662814345
min_total_distance,420031308001,1,Homewood Senior Center,911.0245124436497
min_total_distance,420035648001,30,East Hills Pool Building,1125.2957471114344
min_total_distance,420034911013,41,McBride Swimming Pool Building,12687.264391598428
min_total_distance,420030103011,3,South Side Senior Center,2548.6847029647784
min_total_distance,420030406002,3,South Side Senior Center,2292.914750920831
min_total_distance,420035653001,41,McBride Swimming Pool Building,4631.065810729511
min_total_distance,420034883002,41,McBride Swimming Pool Building,2528.265699245397
min_total_distance,420034580021,2,Sheraden Senior Center,9036.832261812102
min_total_distance,420034580011,2,Sheraden Senior Center,13966.05468774607
min_total_distance,420034580022,2,Sheraden Senior Center,11515.062113009024
min_total_distance,420034580023,2,Sheraden Senior Center,9346.609748875077
min_total_distance,420034580012,70,BROOKLINE LIBRARY,10200.432591298846
min_total_distance,420035647001,30,East Hills Pool Building,2198.426479061931
min_total_distance,420033001003,4,Mount Washington Senior Center,2984.64083113892
min_total_distance,420034490002,2,Sheraden Senior Center,23782.456543153712
min_total_distance,420031403004,0,Greenfield Senior Center,3246.225916605397
min_total_distance,420033001004,4,Mount Washington Senior Center,3204.6519305484794
min_total_distance,420030103021,4,Mount Washington Senior Center,2221.5420960927872
min_total_distance,420030305003,4,Mount Washington Senior Center,2627.8155313092957
min_total_distance,420034644002,2,Sheraden Senior Center,2441.671339472947
min_total_distance,420034511024,2,Sheraden Senior Center,19480.209520298788
min_total_distance,420034120042,25,Brighton Heights Pool Guard Room,19296.37821333206
min_total_distance,420035130002,30,East Hills Pool Building,6366.914515379982
min_total_distance,420034120032,25,Brighton Heights Pool Guard Room,17743.328220247793
min_total_distance,420035632011,4,Mount Washington Senior Center,3053.947525838035
min_total_distance,420035632021,4,Mount Washington Senior Center,3596.74750082787
min_total_distance,420035130001,41,McBride Swimming Pool Building,7095.167080132276
min_total_distance,420034110022,25,Brighton Heights Pool Guard Room,20834.61101414772
min_total_distance,420034110011,25,Brighton Heights Pool Guard Room,23980.82368923408
min_total_distance,420034110021,25,Brighton Heights Pool Guard Room,25323.726648354303
min_total_distance,420034090021,25,Brighton Heights Pool Guard Room,25592.20825717815
min_total_distance,420034120041,25,Brighton Heights Pool Guard Room,17771.79051732018
min_total_distance,420034090022,25,Brighton Heights Pool Guard Room,24718.050875269877
min_total_distance,420034090014,25,Brighton Heights Pool Guard Room,20290.65894157256
min_total_distance,420034090012,25,Brighton Heights Pool Guard Room,20511.321460890573
min_total_distance,420034080023,66,Morningside Crossing,19670.702968349797
min_total_distance,420032413002,4,Mount Washington Senior Center,5144.711312201579
min_total_distance,420035632022,4,Mount Washington Senior Center,4122.480623362683
min_total_distance,420035652002,2,Sheraden Senior Center,3355.7157307400576
min_total_distance,420034142004,66,Morningside Crossing,12446.436013240049
min_total_distance,420034142003,66,Morningside Crossing,10942.588051547318
min_total_distance,420031412002,1,Homewood Senior Center,2290.3609108690384
min_total_distance,420035652003,2,Sheraden Senior Center,3899.6951013916714
min_total_distance,420035651001,4,Mount Washington Senior Center,3917.020343457202
min_total_distance,420032413001,4,Mount Washington Senior Center,5619.202164975642
min_total_distance,420032613002,25,Brighton Heights Pool Guard Room,2609.6509453398003
min_total_distance,420032613001,25,Brighton Heights Pool Guard Room,3410.1096743420057
min_total_distance,420032716001,25,Brighton Heights Pool Guard Room,1884.56875645985
min_total_distance,420032716003,25,Brighton Heights Pool Guard Room,2234.689585368332
min_total_distance,420032716002,25,Brighton Heights Pool Guard Room,2364.863617649315
min_total_distance,420035652001,2,Sheraden Senior Center,3654.226766231261
min_total_distance,420032716004,25,Brighton Heights Pool Guard Room,3125.4745047358756
min_total_distance,420035648002,30,East Hills Pool Building,1643.9375205118668
min_total_distance,420031306002,30,East Hills Pool Building,79.0828303275025
min_total_distance,420034560034,70,BROOKLINE LIBRARY,14071.115669366402
min_total_distance,420035629011,0,Greenfield Senior Center,2321.9109097382084
min_total_distance,420035629012,0,Greenfield Senior Center,1297.051522754999
min_total_distance,420031403005,0,Greenfield Senior Center,3209.831357876909
min_total_distance,420035647003,30,East Hills Pool Building,2360.849772137657
min_total_distance,420035647002,30,East Hills Pool Building,2665.361680721924
min_total_distance,420031610001,3,South Side Senior Center,1611.560312106045
min_total_distance,420034513005,2,Sheraden Senior Center,12772.055490462417
min_total_distance,420031608002,3,South Side Senior Center,664.8059812663654
min_total_distance,420035626002,2,Sheraden Senior Center,2473.6982859344826
min_total_distance,420034560043,70,BROOKLINE LIBRARY,15779.51264210133
min_total_distance,420035625002,2,Sheraden Senior Center,880.5448668964876
min_total_distance,420034600013,2,Sheraden Senior Center,5703.01657053489
min_total_distance,420034513004,2,Sheraden Senior Center,12939.22692072457
min_total_distance,420031609003,3,South Side Senior Center,936.2452764049804
min_total_distance,420034110012,25,Brighton Heights Pool Guard Room,26820.68205506691
min_total_distance,420034120031,25,Brighton Heights Pool Guard Room,15773.70100124838
min_total_distance,420034090011,25,Brighton Heights Pool Guard Room,23046.93471005767
min_total_distance,420034120033,25,Brighton Heights Pool Guard Room,18018.91825597431
min_total_distance,420034090013,25,Brighton Heights Pool Guard Room,20803.418436654785
min_total_distance,420034080021,66,Morningside Crossing,20358.58129039369
min_total_distance,420034142001,66,Morningside Crossing,11582.795258611288
min_total_distance,420032413003,25,Brighton Heights Pool Guard Room,5330.134553180193
min_pop_weighted,420031702004,3,South Side Senior Center,1486.631536287512
min_pop_weighted,420034530043,2,Sheraden Senior Center,14738.447599662191
min_pop_weighted,420035639003,30,East Hills Pool Building,5564.487237263031
min_pop_weighted,420034690003,2,Sheraden Senior Center,4833.618004206787
min_pop_weighted,420032904004,3,South Side Senior Center,4824.723406545987
min_pop_weighted,420034886003,41,McBride Swimming Pool Building,5532.992653246519
min_pop_weighted,420035644004,41,McBride Swimming Pool Building,13559.876881800512
min_pop_weighted,420035213024,30,East Hills Pool Building,11251.157472277468
min_pop_weighted,420035639001,30,East Hills Pool Building,7209.314543614826
min_pop_weighted,420030901002,66,Morningside Crossing,4525.189643808594
min_pop_weighted,420035645001,41,McBride Swimming Pool Building,13759.4932693318
min_pop_weighted,420035645002,41,McBride Swimming Pool Building,14710.43848578647
min_pop_weighted,420034970001,41,McBride Swimming Pool Building,11718.6282694942
min_pop_weighted,420034962003,41,McBride Swimming Pool Building,16563.666460742672
min_pop_weighted,420034212002,66,Morningside Crossing,2886.4544133918557
min_pop_weighted,420034721001,70,BROOKLINE LIBRARY,1520.1980691430394
min_pop_weighted,420035614004,30,East Hills Pool Building,1362.8813981574365
min_pop_weighted,420035639004,30,East Hills Pool Building,4696.961258029407
min_pop_weighted,420034782002,70,BROOKLINE LIBRARY,6469.378300270586
min_pop_weighted,420034846001,41,McBride Swimming Pool Building,3087.1267109257883
min_pop_weighted,420035638004,25,Brighton Heights Pool Guard Room,14951.233722248911
min_pop_weighted,420035644002,41,McBride Swimming Pool Building,11762.494682435226
min_pop_weighted,420034994003,41,McBride Swimming Pool Building,6495.425919182537
min_pop_weighted,420035623001,0,Greenfield Senior Center,2699.7204305833443
min_pop_weighted,420034884002,41,McBride Swimming Pool Building,5156.969973876846
min_pop_weighted,420035631001,4,Mount Washington Senior Center,3413.114066314215
min_pop_weighted,420031517005,0,Greenfield Senior Center,667.6623426068006
min_pop_weighted,420035644001,41,McBride Swimming Pool Building,13423.100655493732
min_pop_weighted,420034884003,41,McBride Swimming Pool Building,5536.976814582057
min_pop_weighted,420034885001,41,McBride Swimming Pool Building,1761.041785156609
min_pop_weighted,420035630003,2,Sheraden Senior Center,1637.4907638067682
min_pop_weighted,420033001005,4,Mount Washington Senior Center,3425.3462262581747
min_pop_weighted,420035624003,4,Mount Washington Senior Center,1659.4432148150986
min_pop_weighted,420034762003,70,BROOKLINE LIBRARY,4882.644512269279
min_pop_weighted,420035631002,2,Sheraden Senior Center,3364.453616329444
min_pop_weighted,420034752001,70,BROOKLINE LIBRARY,11740.89914247074
min_pop_weighted,420035644005,41,McBride Swimming Pool Building,10648.617307481847
min_pop_weighted,420034722002,70,BROOKLINE LIBRARY,2392.3473113159557
min_pop_weighted,420034731002,70,BROOKLINE LIBRARY,3523.847760398319
min_pop_weighted,420035644006,30,East Hills Pool Building,12964.590080518305
min_pop_weighted,420034882001,41,McBride Swimming Pool Building,5189.36854842726
min_pop_weighted,420035523002,41,McBride Swimming Pool Building,7486.836399791568
min_pop_weighted,420031915002,4,Mount Washington Senior Center,977.2925681759094
min_pop_weighted,420031914002,4,Mount Washington Senior Center,858.2953016522029
min_pop_weighted,420039809001,2,Sheraden Senior Center,2317.065102572378
min_pop_weighted,420034751021,70,BROOKLINE LIBRARY,8438.218577061007
min_pop_weighted,420034753014,70,BROOKLINE LIBRARY,9902.861114825244
min_pop_weighted,420031911001,4,Mount Washington Senior Center,1654.844625372472
min_pop_weighted,420034782003,70,BROOKLINE LIBRARY,5691.587772075218
min_pop_weighted,420034869001,41,McBride Swimming Pool Building,6107.079963095606
min_pop_weighted,420034869002,41,McBride Swimming Pool Building,6818.654813394559
min_pop_weighted,420034870001,41,McBride Swimming Pool Building,3056.58238283156
min_pop_weighted,420034881002,41,McBride Swimming Pool Building,3370.304987101154
min_pop_weighted,420034882002,41,McBride Swimming Pool Building,4499.992517045964
min_pop_weighted,420034882003,41,McBride Swimming Pool Building,4281.248612576621
min_pop_weighted,420034884001,41,McBride Swimming Pool Building,4570.297932320317
min_pop_weighted,420032509001,4,Mount Washington Senior Center,4482.524343405915
min_pop_weighted,420032614004,25,Brighton Heights Pool Guard Room,3817.0805857166456
min_pop_weighted,420035625003,2,Sheraden Senior Center,446.8509752846816
min_pop_weighted,420035523003,41,McBride Swimming Pool Building,7690.351413390502
min_pop_weighted,420034270002,66,Morningside Crossing,5382.833334781234
min_pop_weighted,420035639002,30,East Hills Pool Building,6214.831278041375
min_pop_weighted,420034993001,41,McBride Swimming Pool Building,5658.265091799199
min_pop_weighted,420035234001,30,East Hills Pool Building,4130.522450835397
min_pop_weighted,420035190003,30,East Hills Pool Building,3120.7678263846888
min_pop_weighted,420035628001,2,Sheraden Senior Center,5413.501771340255
min_pop_weighted,420034643002,2,Sheraden Senior Center,1946.484325976557
min_pop_weighted,420034141014,66,Morningside Crossing,17497.70844361864
min_pop_weighted,420031414005,0,Greenfield Senior Center,1358.0932727443926
min_pop_weighted,420032614001,25,Brighton Heights Pool Guard Room,3491.6022383527993
min_pop_weighted,420035628002,2,Sheraden Senior Center,4196.572670692092
min_pop_weighted,420035234003,30,East Hills Pool Building,3524.2763602989576
min_pop_weighted,420035234004,30,East Hills Pool Building,4512.855986000204
min_pop_weighted,420034884004,41,McBride Swimming Pool Building,4528.692924170718
min_pop_weighted,420034511042,2,Sheraden Senior Center,24722.785846736053
min_pop_weighted,420034511022,2,Sheraden Senior Center,18438.570802258422
min_pop_weighted,420035633002,25,Brighton Heights Pool Guard Room,17018.212563416768
min_pop_weighted,420034706001,70,BROOKLINE LIBRARY,7064.401086535919
min_pop_weighted,420034741021,70,BROOKLINE LIBRARY,8765.727912357394
min_pop_weighted,420034900031,70,BROOKLINE LIBRARY,12421.486754306065
min_pop_weighted,420034900023,70,BROOKLINE LIBRARY,13413.01507554542
min_pop_weighted,420034900022,70,BROOKLINE LIBRARY,14580.820781139457
min_pop_weighted,420031306001,30,East Hills Pool Building,896.3562365382852
min_pop_weighted,420035623003,0,Greenfield Senior Center,2178.050851666594
min_pop_weighted,420031018002,66,Morningside Crossing,1418.5874187167794
min_pop_weighted,420030802002,66,Morningside Crossing,4569.949393577008
min_pop_weighted,420035261014,30,East Hills Pool Building,12761.936774548922
min_pop_weighted,420031414004,0,Greenfield Senior Center,2262.7856346385606
min_pop_weighted,420032023004,70,BROOKLINE LIBRARY,3083.618276961819
min_pop_weighted,420032708003,25,Brighton Heights Pool Guard Room,152.83157412147736
min_pop_weighted,420034271003,66,Morningside Crossing,6546.626317750821
min_pop_weighted,420035642003,41,McBride Swimming Pool Building,13405.28274685128
min_pop_weighted,420034530042,2,Sheraden Senior Center,17359.38858100792
min_pop_weighted,420034600021,2,Sheraden Senior Center,4675.49640172126
min_pop_weighted,420035200011,30,East Hills Pool Building,7126.210844356843
min_pop_weighted,420034530044,2,Sheraden Senior Center,18566.67204924305
min_pop_weighted,420032620003,25,Brighton Heights Pool Guard Room,4535.3407231241645
min_pop_weighted,420034250003,66,Morningside Crossing,2953.801155399698
min_pop_weighted,420034480001,25,Brighton Heights Pool Guard Room,23173.139147723698
min_pop_weighted,420034250001,66,Morningside Crossing,3303.972917839957
min_pop_weighted,420034250002,66,Morningside Crossing,3878.2916973669226
min_pop_weighted,420034490001,25,Brighton Heights Pool Guard Room,23976.731968507705
min_pop_weighted,420034507001,2,Sheraden Senior Center,13269.85462982469
min_pop_weighted,420034507002,2,Sheraden Senior Center,14459.699251228838
min_pop_weighted,420034250004,66,Morningside Crossing,2454.7356769654066
min_pop_weighted,420034263001,66,Morningside Crossing,9569.23728317058
min_pop_weighted,420034263003,25,Brighton Heights Pool Guard Room,10564.757583900066
min_pop_weighted,420034511021,2,Sheraden Senior Center,18030.76672611188
min_pop_weighted,420034264001,66,Morningside Crossing,7115.024904224709
min_pop_weighted,420034264002,66,Morningside Crossing,5798.678683628308
min_pop_weighted,420034264003,66,Morningside Crossing,4647.781470270855
min_pop_weighted,420034267001,66,Morningside Crossing,2987.6387174231936
min_pop_weighted,420034592011,2,Sheraden Senior Center,5975.278175635613
min_pop_weighted,420034610001,25,Brighton Heights Pool Guard Room,9299.54173386616
min_pop_weighted,420034621001,25,Brighton Heights Pool Guard Room,3660.617843968552
min_pop_weighted,420034240004,66,Morningside Crossing,1610.5716382026874
min_pop_weighted,420034267002,66,Morningside Crossing,5230.182984358555
min_pop_weighted,420034268001,66,Morningside Crossing,9595.976611838509
min_pop_weighted,420034270001,66,Morningside Crossing,5216.329230273831
min_pop_weighted,420034270003,66,Morningside Crossing,5595.267071511072
min_pop_weighted,420034550001,2,Sheraden Senior Center,16435.33200168228
min_pop_weighted,420034560042,70,BROOKLINE LIBRARY,16105.151165703215
min_pop_weighted,420034571001,70,BROOKLINE LIBRARY,11323.593120097004
min_pop_weighted,420034571002,70,BROOKLINE LIBRARY,11256.78905751606
min_pop_weighted,420034572001,70,BROOKLINE LIBRARY,10189.231548047092
min_pop_weighted,420034572002,70,BROOKLINE LIBRARY,10142.92633213461
min_pop_weighted,420034294002,25,Brighton Heights Pool Guard Room,7004.825693491503
min_pop_weighted,420034272002,66,Morningside Crossing,5693.406391741768
min_pop_weighted,420034281001,25,Brighton Heights Pool Guard Room,5901.960079869412
min_pop_weighted,420034281002,25,Brighton Heights Pool Guard Room,5748.423496565821
min_pop_weighted,420034572003,70,BROOKLINE LIBRARY,10476.386236013444
min_pop_weighted,420034572004,70,BROOKLINE LIBRARY,11251.67845396322
min_pop_weighted,420034591011,2,Sheraden Senior Center,10575.474236251865
min_pop_weighted,420034282001,25,Brighton Heights Pool Guard Room,5057.8213629072125
min_pop_weighted,420034282002,25,Brighton Heights Pool Guard Room,3785.588420245291
min_pop_weighted,420034292021,25,Brighton Heights Pool Guard Room,8110.857106046263
min_pop_weighted,420034293001,25,Brighton Heights Pool Guard Room,8940.76262823985
min_pop_weighted,420034508001,2,Sheraden Senior Center,15754.613600760367
min_pop_weighted,420034508003,2,Sheraden Senior Center,15523.313912970149
min_pop_weighted,420034293003,25,Brighton Heights Pool Guard Room,6165.924479848292
min_pop_weighted,420034293004,25,Brighton Heights Pool Guard Room,8548.542408823358
min_pop_weighted,420034294001,25,Brighton Heights Pool Guard Room,8341.04512764782
min_pop_weighted,420034294003,25,Brighton Heights Pool Guard Room,5818.296272787811
min_pop_weighted,420034294004,25,Brighton Heights Pool Guard Room,5740.9882867034385
min_pop_weighted,420034295001,25,Brighton Heights Pool Guard Room,8949.950223688527
min_pop_weighted,420034295002,25,Brighton Heights Pool Guard Room,7734.08970064508
min_pop_weighted,420034296002,25,Brighton Heights Pool Guard Room,2707.379322292829
min_pop_weighted,420034297002,25,Brighton Heights Pool Guard Room,1405.2230594323123
min_pop_weighted,420034301001,25,Brighton Heights Pool Guard Room,4351.9016689287355
min_pop_weighted,420035626001,2,Sheraden Senior Center,3223.183922338063
min_pop_weighted,420035624002,4,Mount Washington Senior Center,2252.334211959419
min_pop_weighted,420034301002,25,Brighton Heights Pool Guard Room,3895.3576991836703
min_pop_weighted,420034302001,25,Brighton Heights Pool Guard Room,5465.225407446412
min_pop_weighted,420034302002,25,Brighton Heights Pool Guard Room,4592.347426623321
min_pop_weighted,420034302003,25,Brighton Heights Pool Guard Room,4831.701154673322
min_pop_weighted,420034302004,25,Brighton Heights Pool Guard Room,4953.315594663828
min_pop_weighted,420034302005,25,Brighton Heights Pool Guard Room,4482.251152460104
min_pop_weighted,420035619002,1,Homewood Senior Center,1473.5794518559144
min_pop_weighted,420039818001,66,Morningside Crossing,3267.3908256537197
min_pop_weighted,420035642001,41,McBride Swimming Pool Building,15685.292321807789
min_pop_weighted,420034639003,2,Sheraden Senior Center,2151.834992065169
min_pop_weighted,420035625001,2,Sheraden Senior Center,873.4584061403996
min_pop_weighted,420035641002,2,Sheraden Senior Center,4234.336108374256
min_pop_weighted,420034626003,2,Sheraden Senior Center,3704.808459477617
min_pop_weighted,420035620002,3,South Side Senior Center,4813.633302156793
min_pop_weighted,420031516002,0,Greenfield Senior Center,1072.6629216675665
min_pop_weighted,420034773004,70,BROOKLINE LIBRARY,7432.215970280963
min_pop_weighted,420034782001,70,BROOKLINE LIBRARY,6353.518868828155
min_pop_weighted,420034013002,30,East Hills Pool Building,28996.846918197993
min_pop_weighted,420035644003,41,McBride Swimming Pool Building,10653.359947767603
min_pop_weighted,420034592014,2,Sheraden Senior Center,6970.505614361481
min_pop_weighted,420034513002,2,Sheraden Senior Center,13946.54412979374
min_pop_weighted,420035640003,2,Sheraden Senior Center,22327.517088629193
min_pop_weighted,420034705011,70,BROOKLINE LIBRARY,4062.3612461323887
min_pop_weighted,420034741022,70,BROOKLINE LIBRARY,10719.927019241635
min_pop_weighted,420034511051,2,Sheraden Senior Center,18995.605854529294
min_pop_weighted,420035638005,25,Brighton Heights Pool Guard Room,16363.740166736045
min_pop_weighted,420034742033,70,BROOKLINE LIBRARY,13663.584889215444
min_pop_weighted,420035240002,30,East Hills Pool Building,7653.589606504415
min_pop_weighted,420035236003,30,East Hills Pool Building,7087.9179044359835
min_pop_weighted,420034845003,41,McBride Swimming Pool Building,2228.2905566990626
min_pop_weighted,420034060002,66,Morningside Crossing,31744.521673894054
min_pop_weighted,420034742021,70,BROOKLINE LIBRARY,14185.845983870631
min_pop_weighted,420034011001,66,Morningside Crossing,33106.97590550465
min_pop_weighted,420034845002,41,McBride Swimming Pool Building,1929.619200755449
min_pop_weighted,420034900021,70,BROOKLINE LIBRARY,14675.407217251795
min_pop_weighted,420034890024,41,McBride Swimming Pool Building,9472.8940997761
min_pop_weighted,420034324003,25,Brighton Heights Pool Guard Room,4472.048239749816
min_pop_weighted,420034460001,25,Brighton Heights Pool Guard Room,20059.94297539899
min_pop_weighted,420031106002,66,Morningside Crossing,1886.79284983177
min_pop_weighted,420035154013,1,Homewood Senior Center,3841.594430903593
min_pop_weighted,420035620003,3,South Side Senior Center,3750.3756643328743
min_pop_weighted,420030902003,66,Morningside Crossing,4460.982870977807
min_pop_weighted,420031011003,66,Morningside Crossing,2497.320205549559
min_pop_weighted,420035524001,41,McBride Swimming Pool Building,9254.25357201114
min_pop_weighted,420035524002,41,McBride Swimming Pool Building,9445.587001662849
min_pop_weighted,420035604002,1,Homewood Senior Center,2209.317650885034
min_pop_weighted,420034311001,25,Brighton Heights Pool Guard Room,2225.8160575385195
min_pop_weighted,420034311002,25,Brighton Heights Pool Guard Room,2248.561294635503
min_pop_weighted,420034314001,25,Brighton Heights Pool Guard Room,3527.884602032932
min_pop_weighted,420034315002,25,Brighton Heights Pool Guard Room,2953.7320597899143
min_pop_weighted,420034323001,25,Brighton Heights Pool Guard Room,4971.260368094612
min_pop_weighted,420034323002,25,Brighton Heights Pool Guard Room,4245.9619402132985
min_pop_weighted,420035642002,41,McBride Swimming Pool Building,13338.5792158941
min_pop_weighted,420030409003,3,South Side Senior Center,1940.76271158817
min_pop_weighted,420034890023,41,McBride Swimming Pool Building,8789.618497837437
min_pop_weighted,420030201005,4,Mount Washington Senior Center,2525.5496342737315
min_pop_weighted,420030603001,66,Morningside Crossing,5197.359821417333
min_pop_weighted,420031608001,3,South Side Senior Center,651.212989928802
min_pop_weighted,420034340001,25,Brighton Heights Pool Guard Room,5927.691403013803
min_pop_weighted,420034340002,25,Brighton Heights Pool Guard Room,6356.880322882991
min_pop_weighted,420034350001,25,Brighton Heights Pool Guard Room,8015.021513193702
min_pop_weighted,420034350002,25,Brighton Heights Pool Guard Room,8050.1400332042285
min_pop_weighted,420032904003,70,BROOKLINE LIBRARY,4857.797315304027
min_pop_weighted,420035644007,41,McBride Swimming Pool Building,15214.650650101165
min_pop_weighted,420035154011,1,Homewood Senior Center,4699.508576049417
min_pop_weighted,420035154012,0,Greenfield Senior Center,4335.700657685925
min_pop_weighted,420035220001,30,East Hills Pool Building,12971.662951657634
min_pop_weighted,420035220002,30,East Hills Pool Building,12548.68961375099
min_pop_weighted,420034705012,70,BROOKLINE LIBRARY,4405.760005717073
min_pop_weighted,420034455001,25,Brighton Heights Pool Guard Room,17145.086160633313
min_pop_weighted,420035605001,1,Homewood Senior Center,2523.406436344717
min_pop_weighted,420035614001,30,East Hills Pool Building,1711.4769617317286
min_pop_weighted,420034455002,25,Brighton Heights Pool Guard Room,18753.57991945537
min_pop_weighted,420034455003,2,Sheraden Senior Center,17931.66597907446
min_pop_weighted,420034460002,25,Brighton Heights Pool Guard Room,20640.107478563423
min_pop_weighted,420034470001,25,Brighton Heights Pool Guard Room,22803.211463241456
min_pop_weighted,420035614002,30,East Hills Pool Building,1059.16918622283
min_pop_weighted,420035614003,30,East Hills Pool Building,777.5705304351825
min_pop_weighted,420035615001,30,East Hills Pool Building,1902.9268903459
min_pop_weighted,420034591021,2,Sheraden Senior Center,8283.245312298004
min_pop_weighted,420035615002,30,East Hills Pool Building,2466.539743291569
min_pop_weighted,420035615003,30,East Hills Pool Building,1531.317639693289
min_pop_weighted,420031916004,70,BROOKLINE LIBRARY,2818.3484830031416
min_pop_weighted,420034292012,25,Brighton Heights Pool Guard Room,8348.864387494608
min_pop_weighted,420034592021,2,Sheraden Senior Center,6251.133359602186
min_pop_weighted,420034911012,41,McBride Swimming Pool Building,10913.937864218862
min_pop_weighted,420034643003,2,Sheraden Senior Center,1678.811371917895
min_pop_weighted,420034881001,41,McBride Swimming Pool Building,3173.421081769596
min_pop_weighted,420034900043,41,McBride Swimming Pool Building,15895.161105580912
min_pop_weighted,420034912001,41,McBride Swimming Pool Building,8738.460051204493
min_pop_weighted,420034961022,41,McBride Swimming Pool Building,17309.088269732798
min_pop_weighted,420035140001,30,East Hills Pool Building,6171.482416099678
min_pop_weighted,420035214023,30,East Hills Pool Building,15745.848264816095
min_pop_weighted,420035233004,30,East Hills Pool Building,3978.384823263789
min_pop_weighted,420035263012,30,East Hills Pool Building,16523.87636024125
min_pop_weighted,420035520001,41,McBride Swimming Pool Building,8014.097313378315
min_pop_weighted,420039807001,4,Mount Washington Senior Center,1160.372389044513
min_pop_weighted,420035627001,4,Mount Washington Senior Center,3090.3725650117813
min_pop_weighted,420032615002,25,Brighton Heights Pool Guard Room,2786.5169987436448
min_pop_weighted,420030709003,0,Greenfield Senior Center,3635.259036765842
min_pop_weighted,420039806001,2,Sheraden Senior Center,3189.829611394658
min_pop_weighted,420034268003,66,Morningside Crossing,7369.530670751075
min_pop_weighted,420031903002,4,Mount Washington Senior Center,878.5962909907836
min_pop_weighted,420031517003,0,Greenfield Senior Center,361.09688579876297
min_pop_weighted,420031517004,0,Greenfield Senior Center,395.0787356472627
min_pop_weighted,420031609002,3,South Side Senior Center,767.5133624399675
min_pop_weighted,420031702001,4,Mount Washington Senior Center,1848.974495627641
min_pop_weighted,420031702003,3,South Side Senior Center,2120.079556478761
min_pop_weighted,420031706001,3,South Side Senior Center,2065.4837200569323
min_pop_weighted,420031706002,3,South Side Senior Center,1989.1105309882375
min_pop_weighted,420031807003,4,Mount Washington Senior Center,1297.4082061714885
min_pop_weighted,420031903001,4,Mount Washington Senior Center,923.4421063948738
min_pop_weighted,420031916002,4,Mount Washington Senior Center,2517.506197613299
min_pop_weighted,420031916005,70,BROOKLINE LIBRARY,2672.4920775712385
min_pop_weighted,420031917001,70,BROOKLINE LIBRARY,1847.5979310767048
min_pop_weighted,420031917002,70,BROOKLINE LIBRARY,1116.3317075694697
min_pop_weighted,420031918002,70,BROOKLINE LIBRARY,583.4962178437765
min_pop_weighted,420031918004,70,BROOKLINE LIBRARY,550.9288675523871
min_pop_weighted,420031918005,70,BROOKLINE LIBRARY,1691.640085667727
min_pop_weighted,420031918006,70,BROOKLINE LIBRARY,1804.708449354919
min_pop_weighted,420031918007,70,BROOKLINE LIBRARY,1189.2427306917484
min_pop_weighted,420031919001,70,BROOKLINE LIBRARY,453.8281004526049
min_pop_weighted,420031919002,70,BROOKLINE LIBRARY,270.83624768737724
min_pop_weighted,420031919003,70,BROOKLINE LIBRARY,666.4895953148327
min_pop_weighted,420035261013,30,East Hills Pool Building,13995.629234195423
min_pop_weighted,420034135002,25,Brighton Heights Pool Guard Room,13375.389346971566
min_pop_weighted,420034020002,30,East Hills Pool Building,26802.876186856163
min_pop_weighted,420035214011,30,East Hills Pool Building,15234.468276059755
min_pop_weighted,420031918001,70,BROOKLINE LIBRARY,325.1578456028259
min_pop_weighted,420034271002,25,Brighton Heights Pool Guard Room,8156.968282501135
min_pop_weighted,420030806002,66,Morningside Crossing,4301.821544162076
min_pop_weighted,420035233002,30,East Hills Pool Building,5134.3427502956
min_pop_weighted,420031403002,0,Greenfield Senior Center,2634.1270747084664
min_pop_weighted,420031609001,3,South Side Senior Center,903.6852488142652
min_pop_weighted,420031803001,4,Mount Washington Senior Center,1705.1620571789815
min_pop_weighted,420031803002,4,Mount Washington Senior Center,2146.8757095583023
min_pop_weighted,420031803003,4,Mount Washington Senior Center,2309.335960382938
min_pop_weighted,420031807002,4,Mount Washington Senior Center,1089.1025087785952
min_pop_weighted,420034012004,30,East Hills Pool Building,27659.256494028927
min_pop_weighted,420034013001,30,East Hills Pool Building,29350.626961681017
min_pop_weighted,420034220002,66,Morningside Crossing,6530.34079087768
min_pop_weighted,420034220003,66,Morningside Crossing,4264.565438930736
min_pop_weighted,420034134003,25,Brighton Heights Pool Guard Room,11183.933829414604
min_pop_weighted,420031911002,4,Mount Washington Senior Center,2335.95943465605
min_pop_weighted,420031914001,4,Mount Washington Senior Center,224.5058236146433
min_pop_weighted,420032614002,25,Brighton Heights Pool Guard Room,4089.93841617864
min_pop_weighted,420032701001,25,Brighton Heights Pool Guard Room,1009.2502017954972
min_pop_weighted,420032701002,25,Brighton Heights Pool Guard Room,1816.241927179886
min_pop_weighted,420032703001,25,Brighton Heights Pool Guard Room,1326.876687486231
min_pop_weighted,420032708001,25,Brighton Heights Pool Guard Room,758.4036193595791
min_pop_weighted,420034804001,41,McBride Swimming Pool Building,5407.041792041638
min_pop_weighted,420034927002,41,McBride Swimming Pool Building,8599.843700188518
min_pop_weighted,420032708002,25,Brighton Heights Pool Guard Room,838.6806942578194
min_pop_weighted,420035638003,25,Brighton Heights Pool Guard Room,12281.1402294569
min_pop_weighted,420032902005,3,South Side Senior Center,3677.980088948022
min_pop_weighted,420033102001,41,McBride Swimming Pool Building,1125.5042669610991
min_pop_weighted,420033102002,41,McBride Swimming Pool Building,521.1561097530677
min_pop_weighted,420033204001,70,BROOKLINE LIBRARY,3917.238403316882
min_pop_weighted,420033204002,70,BROOKLINE LIBRARY,3081.202063129541
min_pop_weighted,420033206001,70,BROOKLINE LIBRARY,1659.8730412461152
min_pop_weighted,420034961023,41,McBride Swimming Pool Building,21520.786231418588
min_pop_weighted,420035523001,41,McBride Swimming Pool Building,7214.190569463528
min_pop_weighted,420034012001,30,East Hills Pool Building,28485.198996807976
min_pop_weighted,420034012002,30,East Hills Pool Building,28968.424613719755
min_pop_weighted,420034012003,30,East Hills Pool Building,27454.26825689838
min_pop_weighted,420034070011,66,Morningside Crossing,24883.407734646786
min_pop_weighted,420034070013,66,Morningside Crossing,24237.813203438112
min_pop_weighted,420034070024,66,Morningside Crossing,17523.641937850523
min_pop_weighted,420034080011,66,Morningside Crossing,23481.53853457954
min_pop_weighted,420034080022,66,Morningside Crossing,20899.608405112907
min_pop_weighted,420030203001,4,Mount Washington Senior Center,4607.074302829214
min_pop_weighted,420030305001,4,Mount Washington Senior Center,3289.6645982877426
min_pop_weighted,420030305002,3,South Side Senior Center,2926.085223667684
min_pop_weighted,420030506001,3,South Side Senior Center,4643.1273175434
min_pop_weighted,420030506002,3,South Side Senior Center,4052.498182572287
min_pop_weighted,420030509001,3,South Side Senior Center,4055.433862883044
min_pop_weighted,420030510001,3,South Side Senior Center,2701.7153901148768
min_pop_weighted,420034315004,25,Brighton Heights Pool Guard Room,3133.3681503269463
min_pop_weighted,420035604001,1,Homewood Senior Center,1646.2479521506489
min_pop_weighted,420030802001,66,Morningside Crossing,4760.147624257445
min_pop_weighted,420030804001,66,Morningside Crossing,4606.124433096037
min_pop_weighted,420030804002,0,Greenfield Senior Center,4632.170505811148
min_pop_weighted,420030806001,66,Morningside Crossing,3852.9185328014178
min_pop_weighted,420030807001,66,Morningside Crossing,3474.738784499987
min_pop_weighted,420030807002,66,Morningside Crossing,4005.123664103222
min_pop_weighted,420030809001,66,Morningside Crossing,4106.907358272858
min_pop_weighted,420030809002,66,Morningside Crossing,3640.227692684408
min_pop_weighted,420032814001,2,Sheraden Senior Center,797.0780752405528
min_pop_weighted,420032815001,2,Sheraden Senior Center,2247.8472906049756
min_pop_weighted,420032901001,70,BROOKLINE LIBRARY,3157.431221555415
min_pop_weighted,420034011004,30,East Hills Pool Building,30758.067661338217
min_pop_weighted,420034132022,25,Brighton Heights Pool Guard Room,12843.520733017076
min_pop_weighted,420034150022,66,Morningside Crossing,8444.55478232317
min_pop_weighted,420034211002,30,East Hills Pool Building,6987.460232130245
min_pop_weighted,420034211004,66,Morningside Crossing,4751.370241898293
min_pop_weighted,420034212001,66,Morningside Crossing,3238.707995633468
min_pop_weighted,420034220001,66,Morningside Crossing,9422.715092639848
min_pop_weighted,420034133001,25,Brighton Heights Pool Guard Room,10896.221968286156
min_pop_weighted,420034133002,25,Brighton Heights Pool Guard Room,10751.139100034325
min_pop_weighted,420034134001,25,Brighton Heights Pool Guard Room,11403.94482168448
min_pop_weighted,420034134002,25,Brighton Heights Pool Guard Room,10705.49449980595
min_pop_weighted,420034160001,30,East Hills Pool Building,16300.64341123779
min_pop_weighted,420034160002,30,East Hills Pool Building,17403.240602511116
min_pop_weighted,420034171001,30,East Hills Pool Building,16581.765258837237
min_pop_weighted,420034171003,30,East Hills Pool Building,15939.995211238172
min_pop_weighted,420034172001,30,East Hills Pool Building,15858.215019609792
min_pop_weighted,420034230001,66,Morningside Crossing,2747.020319136267
min_pop_weighted,420034230002,66,Morningside Crossing,2823.073311485249
min_pop_weighted,420034230003,66,Morningside Crossing,2334.3769736370873
min_pop_weighted,420034240001,66,Morningside Crossing,1648.1303691902172
min_pop_weighted,420034200001,30,East Hills Pool Building,5716.319448674879
min_pop_weighted,420034035003,30,East Hills Pool Building,25308.755489317
min_pop_weighted,420034135003,25,Brighton Heights Pool Guard Room,13068.05143303888
min_pop_weighted,420034141011,66,Morningside Crossing,17839.64390770091
min_pop_weighted,420034141013,66,Morningside Crossing,16434.589278049843
min_pop_weighted,420034142002,25,Brighton Heights Pool Guard Room,12033.767560390414
min_pop_weighted,420034190002,30,East Hills Pool Building,15002.712184139236
min_pop_weighted,420034190003,66,Morningside Crossing,11541.00532342277
min_pop_weighted,420034211001,66,Morningside Crossing,8684.859932803458
min_pop_weighted,420034180001,30,East Hills Pool Building,15005.574491870506
min_pop_weighted,420034020003,30,East Hills Pool Building,26343.187056550076
min_pop_weighted,420034035001,66,Morningside Crossing,24811.767563991903
min_pop_weighted,420034035002,30,East Hills Pool Building,25609.66715599105
min_pop_weighted,420031401002,0,Greenfield Senior Center,2386.2844895541575
min_pop_weighted,420034035004,30,East Hills Pool Building,25063.404271307383
min_pop_weighted,420034035005,30,East Hills Pool Building,24069.982380168472
min_pop_weighted,420034040001,66,Morningside Crossing,21787.22576545657
min_pop_weighted,420034050001,66,Morningside Crossing,22470.09647715204
min_pop_weighted,420031402001,1,Homewood Senior Center,3531.4575421321747
min_pop_weighted,420031402002,0,Greenfield Senior Center,3368.229140250862
min_pop_weighted,420031403003,0,Greenfield Senior Center,3032.0380439367254
min_pop_weighted,420031404001,1,Homewood Senior Center,2175.719937194446
min_pop_weighted,420031404002,1,Homewood Senior Center,2677.8116526933172
min_pop_weighted,420034885003,41,McBride Swimming Pool Building,6352.041655721445
min_pop_weighted,420035638002,25,Brighton Heights Pool Guard Room,14056.16260711534
min_pop_weighted,420039822001,3,South Side Senior Center,3292.3295915060366
min_pop_weighted,420035630001,2,Sheraden Senior Center,3158.605875833942
min_pop_weighted,420034772004,70,BROOKLINE LIBRARY,4792.688022674753
min_pop_weighted,420034773002,41,McBride Swimming Pool Building,6632.694940698913
min_pop_weighted,420035624001,70,BROOKLINE LIBRARY,2944.7918227672726
min_pop_weighted,420034731001,70,BROOKLINE LIBRARY,3252.3201094133656
min_pop_weighted,420034731003,70,BROOKLINE LIBRARY,3293.1177008833474
min_pop_weighted,420034734011,70,BROOKLINE LIBRARY,3712.798098541438
min_pop_weighted,420035213022,30,East Hills Pool Building,10631.257734090976
min_pop_weighted,420035620001,0,Greenfield Senior Center,4175.145856171614
min_pop_weighted,420034772003,70,BROOKLINE LIBRARY,6524.211083122056
min_pop_weighted,420034843003,0,Greenfield Senior Center,4532.856731967597
min_pop_weighted,420034706002,70,BROOKLINE LIBRARY,7410.54070158778
min_pop_weighted,420034710001,70,BROOKLINE LIBRARY,7820.256648792117
min_pop_weighted,420034721002,70,BROOKLINE LIBRARY,2063.6163923364397
min_pop_weighted,420034722001,70,BROOKLINE LIBRARY,1997.2494864201133
min_pop_weighted,420034723001,70,BROOKLINE LIBRARY,1116.511862724696
min_pop_weighted,420034723002,70,BROOKLINE LIBRARY,1463.7299771994597
min_pop_weighted,420034724001,70,BROOKLINE LIBRARY,2034.7113962229348
min_pop_weighted,420034724002,70,BROOKLINE LIBRARY,2133.189801706786
min_pop_weighted,420034781001,70,BROOKLINE LIBRARY,5270.163015695563
min_pop_weighted,420034781002,70,BROOKLINE LIBRARY,5507.2212709117575
min_pop_weighted,420034781003,70,BROOKLINE LIBRARY,5793.062068152406
min_pop_weighted,420034731004,70,BROOKLINE LIBRARY,3383.8027956351903
min_pop_weighted,420034731005,70,BROOKLINE LIBRARY,2694.881748531351
min_pop_weighted,420034732001,70,BROOKLINE LIBRARY,3253.915261808662
min_pop_weighted,420034732002,70,BROOKLINE LIBRARY,3422.104486618833
min_pop_weighted,420034732003,70,BROOKLINE LIBRARY,3774.664415525644
min_pop_weighted,420034781004,70,BROOKLINE LIBRARY,4981.143817309798
min_pop_weighted,420030709004,0,Greenfield Senior Center,4159.501309225367
min_pop_weighted,420034733001,70,BROOKLINE LIBRARY,1430.266466777502
min_pop_weighted,420034733002,70,BROOKLINE LIBRARY,2553.254021106495
min_pop_weighted,420034733003,70,BROOKLINE LIBRARY,3055.574153887832
min_pop_weighted,420034733004,70,BROOKLINE LIBRARY,3011.5199111599172
min_pop_weighted,420034790001,70,BROOKLINE LIBRARY,2121.4758369268616
min_pop_weighted,420034801011,70,BROOKLINE LIBRARY,7653.916379958796
min_pop_weighted,420034801012,70,BROOKLINE LIBRARY,8924.621931031204
min_pop_weighted,420034801013,41,McBride Swimming Pool Building,8587.172132813304
min_pop_weighted,420034801014,41,McBride Swimming Pool Building,9184.669294623627
min_pop_weighted,420034801021,70,BROOKLINE LIBRARY,6838.33968392326
min_pop_weighted,420034890021,41,McBride Swimming Pool Building,8269.870951119714
min_pop_weighted,420035645003,41,McBride Swimming Pool Building,14227.83644561556
min_pop_weighted,420039805001,0,Greenfield Senior Center,1591.6980757775505
min_pop_weighted,420034773003,41,McBride Swimming Pool Building,7225.522819823564
min_pop_weighted,420034733005,70,BROOKLINE LIBRARY,2543.393779296988
min_pop_weighted,420034734012,70,BROOKLINE LIBRARY,3506.608294804089
min_pop_weighted,420034802003,41,McBride Swimming Pool Building,7381.02522573691
min_pop_weighted,420034734013,70,BROOKLINE LIBRARY,3707.367827305685
min_pop_weighted,420034734014,70,BROOKLINE LIBRARY,4562.56782696051
min_pop_weighted,420034734021,70,BROOKLINE LIBRARY,6189.089376500007
min_pop_weighted,420034801022,70,BROOKLINE LIBRARY,7664.809238358539
min_pop_weighted,420034801023,70,BROOKLINE LIBRARY,8348.865081963486
min_pop_weighted,420035619001,1,Homewood Senior Center,2317.4923202054974
min_pop_weighted,420034734022,70,BROOKLINE LIBRARY,4658.857424999815
min_pop_weighted,420034734023,70,BROOKLINE LIBRARY,5574.364141940498
min_pop_weighted,420034735001,70,BROOKLINE LIBRARY,4658.630691389018
min_pop_weighted,420034735002,70,BROOKLINE LIBRARY,5457.204307064316
min_pop_weighted,420032614003,25,Brighton Heights Pool Guard Room,3490.6658783922035
min_pop_weighted,420031920002,70,BROOKLINE LIBRARY,1129.0783228482064
min_pop_weighted,420031517006,0,Greenfield Senior Center,507.7711901065992
min_pop_weighted,420031414002,0,Greenfield Senior Center,1709.901864782424
min_pop_weighted,420034705022,70,BROOKLINE LIBRARY,5494.538483259462
min_pop_weighted,420034843002,41,McBride Swimming Pool Building,5130.63817092618
min_pop_weighted,420034626001,2,Sheraden Senior Center,2913.069753053647
min_pop_weighted,420034639002,2,Sheraden Senior Center,1976.3436264584864
min_pop_weighted,420034621002,2,Sheraden Senior Center,6151.981626338076
min_pop_weighted,420034621003,2,Sheraden Senior Center,4223.0565338212145
min_pop_weighted,420034626004,2,Sheraden Senior Center,3063.5976701173327
min_pop_weighted,420034706003,70,BROOKLINE LIBRARY,7913.972800163992
min_pop_weighted,420035236002,30,East Hills Pool Building,5695.41235627026
min_pop_weighted,420034890022,41,McBride Swimming Pool Building,8490.413628527942
min_pop_weighted,420034736011,70,BROOKLINE LIBRARY,4905.818325147614
min_pop_weighted,420034736012,70,BROOKLINE LIBRARY,4690.264808305461
min_pop_weighted,420034736021,70,BROOKLINE LIBRARY,5459.010612458963
min_pop_weighted,420034803002,3,South Side Senior Center,4389.168919504314
min_pop_weighted,420034736022,70,BROOKLINE LIBRARY,6228.019578291963
min_pop_weighted,420034736023,70,BROOKLINE LIBRARY,6937.89838058667
min_pop_weighted,420034741011,70,BROOKLINE LIBRARY,7204.9885674827
min_pop_weighted,420034742031,70,BROOKLINE LIBRARY,11904.259923024132
min_pop_weighted,420034742032,70,BROOKLINE LIBRARY,13940.32777264357
min_pop_weighted,420034751011,70,BROOKLINE LIBRARY,6294.248239560224
min_pop_weighted,420034845001,41,McBride Swimming Pool Building,1533.8788398839165
min_pop_weighted,420034845004,41,McBride Swimming Pool Building,2148.5347452571223
min_pop_weighted,420034751012,70,BROOKLINE LIBRARY,6673.671967182538
min_pop_weighted,420034751013,70,BROOKLINE LIBRARY,7784.438904634792
min_pop_weighted,420034751014,70,BROOKLINE LIBRARY,7510.73211128324
min_pop_weighted,420034752002,70,BROOKLINE LIBRARY,9221.292813107002
min_pop_weighted,420031920001,70,BROOKLINE LIBRARY,1654.2606296913902
min_pop_weighted,420034600012,2,Sheraden Senior Center,7660.528966400996
min_pop_weighted,420034293002,25,Brighton Heights Pool Guard Room,7208.713196406813
min_pop_weighted,420035180012,30,East Hills Pool Building,3387.895509941123
min_pop_weighted,420035180011,30,East Hills Pool Building,3898.0695200113423
min_pop_weighted,420035170001,30,East Hills Pool Building,4265.1707597005525
min_pop_weighted,420030201004,4,Mount Washington Senior Center,1801.613839238204
min_pop_weighted,420034772002,70,BROOKLINE LIBRARY,5303.9294170432195
min_pop_weighted,420031414001,0,Greenfield Senior Center,1535.1103937640723
min_pop_weighted,420031018001,66,Morningside Crossing,976.0213189141658
min_pop_weighted,420034656002,2,Sheraden Senior Center,2604.5285627368157
min_pop_weighted,420034753031,70,BROOKLINE LIBRARY,12157.410262860683
min_pop_weighted,420034658002,2,Sheraden Senior Center,3489.7150101420007
min_pop_weighted,420034658003,2,Sheraden Senior Center,4636.357680393951
min_pop_weighted,420032902001,3,South Side Senior Center,3511.6586261426205
min_pop_weighted,420034754021,70,BROOKLINE LIBRARY,10951.353250720704
min_pop_weighted,420034643001,2,Sheraden Senior Center,2422.5060230326067
min_pop_weighted,420034644001,2,Sheraden Senior Center,2423.474569017398
min_pop_weighted,420034752003,70,BROOKLINE LIBRARY,10219.91783395717
min_pop_weighted,420034753011,70,BROOKLINE LIBRARY,8778.400347222641
min_pop_weighted,420034753012,70,BROOKLINE LIBRARY,10055.420304513196
min_pop_weighted,420034753013,70,BROOKLINE LIBRARY,10969.216624333854
min_pop_weighted,420034846002,41,McBride Swimming Pool Building,3459.263818608803
min_pop_weighted,420034868001,41,McBride Swimming Pool Building,7194.651778438537
min_pop_weighted,420034868002,41,McBride Swimming Pool Building,5786.970087980129
min_pop_weighted,420034735003,70,BROOKLINE LIBRARY,6020.6678377875405
min_pop_weighted,420034271001,25,Brighton Heights Pool Guard Room,6303.3283611629495
min_pop_weighted,420035231004,1,Homewood Senior Center,1624.7852158853527
min_pop_weighted,420035253002,30,East Hills Pool Building,10827.611418859771
min_pop_weighted,420034644003,2,Sheraden Senior Center,1599.5881171039534
min_pop_weighted,420034656001,2,Sheraden Senior Center,2906.4712723549433
min_pop_weighted,420034753032,70,BROOKLINE LIBRARY,13052.256862283904
min_pop_weighted,420034753033,70,BROOKLINE LIBRARY,13280.955142760851
min_pop_weighted,420034753041,70,BROOKLINE LIBRARY,13306.018285809609
min_pop_weighted,420034850001,41,McBride Swimming Pool Building,4965.114470560553
min_pop_weighted,420034867001,41,McBride Swimming Pool Building,6073.575795383393
min_pop_weighted,420034802001,41,McBride Swimming Pool Building,5859.387656961023
min_pop_weighted,420031920003,70,BROOKLINE LIBRARY,1916.746368373372
min_pop_weighted,420032509002,25,Brighton Heights Pool Guard Room,4444.7864699380825
min_pop_weighted,420035041005,41,McBride Swimming Pool Building,9160.64484750318
min_pop_weighted,420034600011,2,Sheraden Senior Center,8269.8057281826
min_pop_weighted,420034961011,41,McBride Swimming Pool Building,15493.796066522773
min_pop_weighted,420034753042,70,BROOKLINE LIBRARY,14347.084945236802
min_pop_weighted,420034753043,70,BROOKLINE LIBRARY,14801.275087598244
min_pop_weighted,420034753044,70,BROOKLINE LIBRARY,13668.16297626126
min_pop_weighted,420034754011,70,BROOKLINE LIBRARY,6321.017756853131
min_pop_weighted,420034754012,70,BROOKLINE LIBRARY,7886.557783396854
min_pop_weighted,420034867002,41,McBride Swimming Pool Building,6038.260168119215
min_pop_weighted,420032901002,70,BROOKLINE LIBRARY,3212.4968546094624
min_pop_weighted,420032901003,70,BROOKLINE LIBRARY,3452.1937039837944
min_pop_weighted,420032902002,70,BROOKLINE LIBRARY,4286.304641382955
min_pop_weighted,420032902003,70,BROOKLINE LIBRARY,4104.6778573831
min_pop_weighted,420032902004,70,BROOKLINE LIBRARY,3916.048314313465
min_pop_weighted,420034135004,25,Brighton Heights Pool Guard Room,13211.499821840049
min_pop_weighted,420034141012,66,Morningside Crossing,14826.653108190372
min_pop_weighted,420034141023,25,Brighton Heights Pool Guard Room,16315.331793742942
min_pop_weighted,420034080013,66,Morningside Crossing,22902.948714283975
min_pop_weighted,420034171002,30,East Hills Pool Building,15923.666648803615
min_pop_weighted,420034264004,66,Morningside Crossing,6985.432755182545
min_pop_weighted,420034291001,25,Brighton Heights Pool Guard Room,4282.035547994715
min_pop_weighted,420034292011,25,Brighton Heights Pool Guard Room,9655.280636881109
min_pop_weighted,420034297001,25,Brighton Heights Pool Guard Room,2127.684733544853
min_pop_weighted,420034315003,25,Brighton Heights Pool Guard Room,3103.8988109094835
min_pop_weighted,420034324001,25,Brighton Heights Pool Guard Room,3923.0835979040658
min_pop_weighted,420034370002,25,Brighton Heights Pool Guard Room,12613.406058180535
min_pop_weighted,420034520003,2,Sheraden Senior Center,22263.257393334883
min_pop_weighted,420034560032,70,BROOKLINE LIBRARY,13527.977878698384
min_pop_weighted,420034591022,2,Sheraden Senior Center,7750.666049996928
min_pop_weighted,420034626002,2,Sheraden Senior Center,3872.755280475296
min_pop_weighted,420034703001,70,BROOKLINE LIBRARY,6809.241534467287
min_pop_weighted,420034592012,2,Sheraden Senior Center,11245.6859668776
min_pop_weighted,420034950001,41,McBride Swimming Pool Building,19739.349186172873
min_pop_weighted,420034687002,2,Sheraden Senior Center,6933.249525398731
min_pop_weighted,420034688001,70,BROOKLINE LIBRARY,7758.026666777019
min_pop_weighted,420034688002,70,BROOKLINE LIBRARY,8142.559329211508
min_pop_weighted,420034688003,2,Sheraden Senior Center,7976.183916939041
min_pop_weighted,420033206002,70,BROOKLINE LIBRARY,1977.1605225433873
min_pop_weighted,420033207001,70,BROOKLINE LIBRARY,2586.831048174854
min_pop_weighted,420034689001,70,BROOKLINE LIBRARY,6432.64039441296
min_pop_weighted,420034754013,70,BROOKLINE LIBRARY,9036.998337739258
min_pop_weighted,420034754022,70,BROOKLINE LIBRARY,12970.01777341525
min_pop_weighted,420034761001,70,BROOKLINE LIBRARY,2801.0947461150636
min_pop_weighted,420033207002,70,BROOKLINE LIBRARY,3361.3145693925217
min_pop_weighted,420034011003,30,East Hills Pool Building,30511.018608364328
min_pop_weighted,420034825001,41,McBride Swimming Pool Building,4154.857590435904
min_pop_weighted,420034762001,70,BROOKLINE LIBRARY,3735.0547923263016
min_pop_weighted,420031411001,0,Greenfield Senior Center,3488.651950373752
min_pop_weighted,420034761002,70,BROOKLINE LIBRARY,3272.1602951649775
min_pop_weighted,420035238004,30,East Hills Pool Building,5937.642608161666
min_pop_weighted,420034689002,70,BROOKLINE LIBRARY,6092.198931385387
min_pop_weighted,420034761005,70,BROOKLINE LIBRARY,5356.43318968472
min_pop_weighted,420034736024,70,BROOKLINE LIBRARY,6620.088776578549
min_pop_weighted,420034803003,3,South Side Senior Center,4665.249941522201
min_pop_weighted,420034843001,0,Greenfield Senior Center,4955.48660828649
min_pop_weighted,420034890011,41,McBride Swimming Pool Building,7227.189566005083
min_pop_weighted,420034900042,41,McBride Swimming Pool Building,14222.457281887771
min_pop_weighted,420034950002,41,McBride Swimming Pool Building,22794.36524461112
min_pop_weighted,420034961021,41,McBride Swimming Pool Building,16726.559615494323
min_pop_weighted,420034980002,41,McBride Swimming Pool Building,8161.483980956376
min_pop_weighted,420035211003,30,East Hills Pool Building,9812.888082083882
min_pop_weighted,420035213013,30,East Hills Pool Building,12778.66420034564
min_pop_weighted,420035213023,30,East Hills Pool Building,10670.492330324782
min_pop_weighted,420034689003,70,BROOKLINE LIBRARY,7152.2231594323
min_pop_weighted,420034690002,70,BROOKLINE LIBRARY,4557.241777884353
min_pop_weighted,420034761003,70,BROOKLINE LIBRARY,3854.842989897475
min_pop_weighted,420034761004,70,BROOKLINE LIBRARY,4219.422221313081
min_pop_weighted,420035237024,30,East Hills Pool Building,10263.489919569682
min_pop_weighted,420034762002,70,BROOKLINE LIBRARY,4384.634597725401
min_pop_weighted,420035214021,30,East Hills Pool Building,14931.57024654976
min_pop_weighted,420035231001,30,East Hills Pool Building,3482.6890513954254
min_pop_weighted,420035232001,30,East Hills Pool Building,2669.1238344114963
min_pop_weighted,420035237021,30,East Hills Pool Building,9826.811097863108
min_pop_weighted,420035261011,30,East Hills Pool Building,18956.552749919934
min_pop_weighted,420035261012,30,East Hills Pool Building,15187.83741808488
min_pop_weighted,420035262012,30,East Hills Pool Building,13760.787990605508
min_pop_weighted,420035513002,41,McBride Swimming Pool Building,10715.414759026582
min_pop_weighted,420030201002,4,Mount Washington Senior Center,2013.0191125930571
min_pop_weighted,420035240003,30,East Hills Pool Building,8772.098865301507
min_pop_weighted,420035605002,1,Homewood Senior Center,2937.0347902047574
min_pop_weighted,420030201001,4,Mount Washington Senior Center,1449.2106509163682
min_pop_weighted,420034838001,0,Greenfield Senior Center,4418.524847864815
min_pop_weighted,420030703001,0,Greenfield Senior Center,4114.8342567628915
min_pop_weighted,420034804003,3,South Side Senior Center,5973.213961212628
min_pop_weighted,420034810001,3,South Side Senior Center,2325.696626639107
min_pop_weighted,420034810002,3,South Side Senior Center,2547.683839251395
min_pop_weighted,420034810003,3,South Side Senior Center,3096.666179301989
min_pop_weighted,420034810004,3,South Side Senior Center,3061.037332730982
min_pop_weighted,420030201003,4,Mount Washington Senior Center,1944.564848852896
min_pop_weighted,420030402002,3,South Side Senior Center,2591.382308949886
min_pop_weighted,420030404001,0,Greenfield Senior Center,3387.509991103976
min_pop_weighted,420030405001,3,South Side Senior Center,2824.305219239564
min_pop_weighted,420030405002,3,South Side Senior Center,2311.5772313041025
min_pop_weighted,420030510002,3,South Side Senior Center,3225.003985267155
min_pop_weighted,420030511001,3,South Side Senior Center,2815.097392175769
min_pop_weighted,420030603002,66,Morningside Crossing,5327.849431660784
min_pop_weighted,420030605001,3,South Side Senior Center,4841.62504237143
min_pop_weighted,420030605002,3,South Side Senior Center,5093.7383267776195
min_pop_weighted,420034704002,70,BROOKLINE LIBRARY,7648.861984593556
min_pop_weighted,420030708002,1,Homewood Senior Center,2727.5813625941796
min_pop_weighted,420030703002,0,Greenfield Senior Center,3765.284373674284
min_pop_weighted,420034703002,70,BROOKLINE LIBRARY,7139.562285864551
min_pop_weighted,420034704001,70,BROOKLINE LIBRARY,7714.591685633982
min_pop_weighted,420032602001,25,Brighton Heights Pool Guard Room,2019.2406718302905
min_pop_weighted,420032602002,25,Brighton Heights Pool Guard Room,1201.9498053711277
min_pop_weighted,420032607001,25,Brighton Heights Pool Guard Room,2210.1084673099976
min_pop_weighted,420032607002,25,Brighton Heights Pool Guard Room,2362.8957004956937
min_pop_weighted,420034900041,41,McBride Swimming Pool Building,14530.84872288599
min_pop_weighted,420034704003,70,BROOKLINE LIBRARY,8562.2304791655
min_pop_weighted,420034771001,70,BROOKLINE LIBRARY,4822.866794875156
min_pop_weighted,420034771002,70,BROOKLINE LIBRARY,6386.116672516668
min_pop_weighted,420034771003,70,BROOKLINE LIBRARY,5541.799198299656
min_pop_weighted,420034772001,70,BROOKLINE LIBRARY,4518.907128804227
min_pop_weighted,420034295003,25,Brighton Heights Pool Guard Room,5861.818950498576
min_pop_weighted,420030409001,3,South Side Senior Center,1779.059328671734
min_pop_weighted,420030409002,3,South Side Senior Center,1698.527567416197
min_pop_weighted,420030501001,3,South Side Senior Center,3459.1404344548305
min_pop_weighted,420030406001,0,Greenfield Senior Center,2608.179810246527
min_pop_weighted,420030501002,3,South Side Senior Center,3664.997645049873
min_pop_weighted,420030703003,0,Greenfield Senior Center,3736.230978599411
min_pop_weighted,420030705001,1,Homewood Senior Center,3752.000848155051
min_pop_weighted,420030705003,1,Homewood Senior Center,3949.703374454963
min_pop_weighted,420030706001,1,Homewood Senior Center,3315.9927727240333
min_pop_weighted,420030706002,1,Homewood Senior Center,3804.1349467656432
min_pop_weighted,420030708001,1,Homewood Senior Center,3144.4188812098796
min_pop_weighted,420030901001,66,Morningside Crossing,3934.47373948529
min_pop_weighted,420030709001,0,Greenfield Senior Center,4355.421601378781
min_pop_weighted,420030709002,0,Greenfield Senior Center,4056.3315290952655
min_pop_weighted,420035200012,30,East Hills Pool Building,6655.594688240313
min_pop_weighted,420031102003,66,Morningside Crossing,1389.2850514025831
min_pop_weighted,420030902001,66,Morningside Crossing,4403.070990041161
min_pop_weighted,420030902002,66,Morningside Crossing,4082.458901545754
min_pop_weighted,420030903001,66,Morningside Crossing,4144.82452263212
min_pop_weighted,420030903002,66,Morningside Crossing,4488.266796646666
min_pop_weighted,420031102002,66,Morningside Crossing,1574.2697129517474
min_pop_weighted,420031102004,66,Morningside Crossing,1986.105324248992
min_pop_weighted,420031203001,1,Homewood Senior Center,2263.421254363591
min_pop_weighted,420031203002,1,Homewood Senior Center,1620.8814105895606
min_pop_weighted,420032615001,25,Brighton Heights Pool Guard Room,3057.3329399965432
min_pop_weighted,420032620001,4,Mount Washington Senior Center,5057.756455084476
min_pop_weighted,420032620002,25,Brighton Heights Pool Guard Room,5052.056036115734
min_pop_weighted,420031005001,66,Morningside Crossing,1730.2259754904892
min_pop_weighted,420031005002,66,Morningside Crossing,1884.636543814588
min_pop_weighted,420031011001,66,Morningside Crossing,2999.9406759858684
min_pop_weighted,420031011002,66,Morningside Crossing,2662.94244215096
min_pop_weighted,420031113001,66,Morningside Crossing,2206.0351133931804
min_pop_weighted,420031014001,66,Morningside Crossing,200.59099734082815
min_pop_weighted,420031014004,66,Morningside Crossing,1010.8210161420662
min_pop_weighted,420031106003,66,Morningside Crossing,2379.4857564556187
min_pop_weighted,420031404003,1,Homewood Senior Center,2933.75598042216
min_pop_weighted,420034803001,3,South Side Senior Center,3305.2757296038553
min_pop_weighted,420031113002,66,Morningside Crossing,2465.2749435288565
min_pop_weighted,420031113003,66,Morningside Crossing,2612.6925938065565
min_pop_weighted,420031113004,66,Morningside Crossing,2783.2414306741566
min_pop_weighted,420031114001,66,Morningside Crossing,2785.4052475943467
min_pop_weighted,420031114002,66,Morningside Crossing,2892.696829894597
min_pop_weighted,420031115002,66,Morningside Crossing,3297.1093906585556
min_pop_weighted,420031302001,1,Homewood Senior Center,304.90843621211036
min_pop_weighted,420031405001,1,Homewood Senior Center,1079.2684645964612
min_pop_weighted,420031405002,1,Homewood Senior Center,1518.933566727511
min_pop_weighted,420031408001,0,Greenfield Senior Center,2679.8755714589447
min_pop_weighted,420031414003,0,Greenfield Senior Center,1976.1020866766216
min_pop_weighted,420034883001,41,McBride Swimming Pool Building,863.6907751173143
min_pop_weighted,420034520002,2,Sheraden Senior Center,17445.839378585693
min_pop_weighted,420034927001,41,McBride Swimming Pool Building,10190.75333629743
min_pop_weighted,420034520001,2,Sheraden Senior Center,24715.14235142147
min_pop_weighted,420034513003,2,Sheraden Senior Center,16425.409149960138
min_pop_weighted,420034736013,70,BROOKLINE LIBRARY,4537.200846119509
min_pop_weighted,420034390001,25,Brighton Heights Pool Guard Room,21620.42733582187
min_pop_weighted,420034141022,66,Morningside Crossing,14005.18036804558
min_pop_weighted,420034131001,25,Brighton Heights Pool Guard Room,17027.432202333996
min_pop_weighted,420035100002,41,McBride Swimming Pool Building,8261.808965329368
min_pop_weighted,420034296001,25,Brighton Heights Pool Guard Room,4115.399954668877
min_pop_weighted,420034150012,66,Morningside Crossing,12945.80389151696
min_pop_weighted,420034100001,25,Brighton Heights Pool Guard Room,22334.877913151955
min_pop_weighted,420034120022,25,Brighton Heights Pool Guard Room,12165.206649575432
min_pop_weighted,420031413002,0,Greenfield Senior Center,1206.9898621624131
min_pop_weighted,420031413003,0,Greenfield Senior Center,1641.8556748135015
min_pop_weighted,420031516001,0,Greenfield Senior Center,596.4463322444366
min_pop_weighted,420034560033,70,BROOKLINE LIBRARY,19182.98955637787
min_pop_weighted,420034742022,70,BROOKLINE LIBRARY,11722.953503866367
min_pop_weighted,420034132011,25,Brighton Heights Pool Guard Room,13197.403892072954
min_pop_weighted,420034132012,25,Brighton Heights Pool Guard Room,13258.229070354377
min_pop_weighted,420034132013,25,Brighton Heights Pool Guard Room,12250.220734986226
min_pop_weighted,420034272004,66,Morningside Crossing,4100.95598811425
min_pop_weighted,420034315001,25,Brighton Heights Pool Guard Room,3541.885059295625
min_pop_weighted,420031401001,0,Greenfield Senior Center,2895.093016066782
min_pop_weighted,420031408002,0,Greenfield Senior Center,2498.4583625221826
min_pop_weighted,420031408003,0,Greenfield Senior Center,1919.155828907629
min_pop_weighted,420031413001,0,Greenfield Senior Center,1897.308283977284
min_pop_weighted,420031403001,1,Homewood Senior Center,2918.2832633443136
min_pop_weighted,420034742011,70,BROOKLINE LIBRARY,10102.185670224017
min_pop_weighted,420034220004,66,Morningside Crossing,6260.321128100234
min_pop_weighted,420034802002,41,McBride Swimming Pool Building,7449.854643848354
min_pop_weighted,420033001002,4,Mount Washington Senior Center,2766.99345037876
min_pop_weighted,420035080002,41,McBride Swimming Pool Building,11206.053599245091
min_pop_weighted,420034962004,41,McBride Swimming Pool Building,13883.727440179637
min_pop_weighted,420034272003,66,Morningside Crossing,4170.529249246012
min_pop_weighted,420034020004,30,East Hills Pool Building,26206.412144352988
min_pop_weighted,420034150021,66,Morningside Crossing,11248.858216405188
min_pop_weighted,420034591023,2,Sheraden Senior Center,10198.338707933544
min_pop_weighted,420030705002,1,Homewood Senior Center,4120.14563360626
min_pop_weighted,420034520004,2,Sheraden Senior Center,27516.448725949096
min_pop_weighted,420034508002,2,Sheraden Senior Center,14714.925859980802
min_pop_weighted,420034886004,41,McBride Swimming Pool Building,4735.719662402444
min_pop_weighted,420034804004,41,McBride Swimming Pool Building,5193.490859472335
min_pop_weighted,420034790002,70,BROOKLINE LIBRARY,2395.145241479792
min_pop_weighted,420031807001,4,Mount Washington Senior Center,870.2730062824587
min_pop_weighted,420034070022,66,Morningside Crossing,19800.889980542193
min_pop_weighted,420034592013,2,Sheraden Senior Center,8892.76067220934
min_pop_weighted,420034600023,2,Sheraden Senior Center,7098.019689202441
min_pop_weighted,420031517001,0,Greenfield Senior Center,955.7932151661354
min_pop_weighted,420035212002,30,East Hills Pool Building,9187.338102439186
min_pop_weighted,420035524003,41,McBride Swimming Pool Building,8572.750667901628
min_pop_weighted,420035261021,30,East Hills Pool Building,17902.612541725743
min_pop_weighted,420034150011,66,Morningside Crossing,15260.056402542015
min_pop_weighted,420034211003,66,Morningside Crossing,6360.623314863617
min_pop_weighted,420034141021,66,Morningside Crossing,17267.003154105732
min_pop_weighted,420032022001,2,Sheraden Senior Center,853.1701756076578
min_pop_weighted,420032815002,2,Sheraden Senior Center,2085.503196978058
min_pop_weighted,420034324002,25,Brighton Heights Pool Guard Room,4635.729919559891
min_pop_weighted,420034773001,41,McBride Swimming Pool Building,6234.0915981576445
min_pop_weighted,420035041004,41,McBride Swimming Pool Building,7939.50446600902
min_pop_weighted,420034292022,25,Brighton Heights Pool Guard Room,6312.299402316739
min_pop_weighted,420031102001,66,Morningside Crossing,1365.771897363764
min_pop_weighted,420033001001,4,Mount Washington Senior Center,2530.134897961823
min_pop_weighted,420034929002,41,McBride Swimming Pool Building,11870.970008570715
min_pop_weighted,420035212003,30,East Hills Pool Building,9276.349871590592
min_pop_weighted,420035213014,30,East Hills Pool Building,13890.52119634392
min_pop_weighted,420034560041,70,BROOKLINE LIBRARY,13616.01703151968
min_pop_weighted,420032904001,70,BROOKLINE LIBRARY,3810.443366380825
min_pop_weighted,420032904002,70,BROOKLINE LIBRARY,4513.549316751132
min_pop_weighted,420033102003,41,McBride Swimming Pool Building,1439.408173418344
min_pop_weighted,420031106001,66,Morningside Crossing,2492.936160249986
min_pop_weighted,420034131004,25,Brighton Heights Pool Guard Room,16847.604216360996
min_pop_weighted,420034370001,25,Brighton Heights Pool Guard Room,9085.499192659438
min_pop_weighted,420034070012,66,Morningside Crossing,26281.928008938725
min_pop_weighted,420034870002,41,McBride Swimming Pool Building,3582.253612166379
min_pop_weighted,420031920005,70,BROOKLINE LIBRARY,2037.5970541135375
min_pop_weighted,420034804002,41,McBride Swimming Pool Building,4533.981637954188
min_pop_weighted,420034511012,2,Sheraden Senior Center,20305.49587217784
min_pop_weighted,420030404002,0,Greenfield Senior Center,3780.6774722826704
min_pop_weighted,420034131002,25,Brighton Heights Pool Guard Room,15342.523970283884
min_pop_weighted,420035638001,25,Brighton Heights Pool Guard Room,8841.963381152491
min_pop_weighted,420035633001,25,Brighton Heights Pool Guard Room,15784.089094669123
min_pop_weighted,420034511041,2,Sheraden Senior Center,24892.688410552633
min_pop_weighted,420034511023,2,Sheraden Senior Center,18948.54232423965
min_pop_weighted,420034511053,2,Sheraden Senior Center,22459.379586420506
min_pop_weighted,420034513001,2,Sheraden Senior Center,14086.44027256016
min_pop_weighted,420034530041,2,Sheraden Senior Center,18233.779959120737
min_pop_weighted,420031915001,4,Mount Washington Senior Center,1594.6287887266349
min_pop_weighted,420031916001,4,Mount Washington Senior Center,2102.6258385570686
min_pop_weighted,420034530032,2,Sheraden Senior Center,14138.59607225882
min_pop_weighted,420035640002,2,Sheraden Senior Center,19996.30756990263
min_pop_weighted,420034687001,2,Sheraden Senior Center,6941.831456759994
min_pop_weighted,420031014003,66,Morningside Crossing,1664.665270176955
min_pop_weighted,420032022002,2,Sheraden Senior Center,631.2268392176344
min_pop_weighted,420032023001,4,Mount Washington Senior Center,3452.9778147456004
min_pop_weighted,420032023002,70,BROOKLINE LIBRARY,2931.7081856153823
min_pop_weighted,420032023003,70,BROOKLINE LIBRARY,2890.350935154845
min_pop_weighted,420034190001,66,Morningside Crossing,13950.415632994793
min_pop_weighted,420034741012,70,BROOKLINE LIBRARY,8814.872624975496
min_pop_weighted,420034961012,41,McBride Swimming Pool Building,18294.92331211463
min_pop_weighted,420035200022,30,East Hills Pool Building,6698.820750121905
min_pop_weighted,420035237011,30,East Hills Pool Building,10560.620009718312
min_pop_weighted,420035030025,41,McBride Swimming Pool Building,11335.111789693618
min_pop_weighted,420034080012,66,Morningside Crossing,24915.73479620948
min_pop_weighted,420034020001,30,East Hills Pool Building,27169.478355903502
min_pop_weighted,420034752004,70,BROOKLINE LIBRARY,12058.698178086604
min_pop_weighted,420034600022,2,Sheraden Senior Center,5374.972389838918
min_pop_weighted,420035214022,30,East Hills Pool Building,15679.196377258528
min_pop_weighted,420034885002,41,McBride Swimming Pool Building,3275.8557211978514
min_pop_weighted,420035215001,30,East Hills Pool Building,16978.355353059942
min_pop_weighted,420034838003,41,McBride Swimming Pool Building,4663.080997917035
min_pop_weighted,420035262011,30,East Hills Pool Building,12886.523721951213
min_pop_weighted,420035211002,30,East Hills Pool Building,10513.020920157516
min_pop_weighted,420035263021,30,East Hills Pool Building,18022.12659993035
min_pop_weighted,420035237012,30,East Hills Pool Building,9196.487429077515
min_pop_weighted,420034070023,66,Morningside Crossing,19413.318144892703
min_pop_weighted,420034133003,25,Brighton Heights Pool Guard Room,10890.78432344786
min_pop_weighted,420032703002,25,Brighton Heights Pool Guard Room,1741.183537908456
min_pop_weighted,420034070021,66,Morningside Crossing,20216.608076677217
min_pop_weighted,420034070014,66,Morningside Crossing,23222.94667586515
min_pop_weighted,420031920004,70,BROOKLINE LIBRARY,1306.15453405096
min_pop_weighted,420034292023,25,Brighton Heights Pool Guard Room,6120.878564328102
min_pop_weighted,420034838002,0,Greenfield Senior Center,3537.799296711811
min_pop_weighted,420034560012,70,BROOKLINE LIBRARY,14769.408753675749
min_pop_weighted,420031302002,1,Homewood Senior Center,439.1093617999581
min_pop_weighted,420031916003,70,BROOKLINE LIBRARY,2436.1297139643134
min_pop_weighted,420035215002,30,East Hills Pool Building,14208.003799056552
min_pop_weighted,420034560031,70,BROOKLINE LIBRARY,17370.702085297584
min_pop_weighted,420035212001,30,East Hills Pool Building,9558.430063023552
min_pop_weighted,420031702002,3,South Side Senior Center,1933.541798013117
min_pop_weighted,420035235021,30,East Hills Pool Building,9048.969830054875
min_pop_weighted,420035262022,30,East Hills Pool Building,13704.19067813872
min_pop_weighted,420034011002,30,East Hills Pool Building,33360.504692145754
min_pop_weighted,420034060001,66,Morningside Crossing,28781.67887197221
min_pop_weighted,420034132021,25,Brighton Heights Pool Guard Room,14763.51807633756
min_pop_weighted,420034268002,66,Morningside Crossing,8459.948635800032
min_pop_weighted,420034560011,70,BROOKLINE LIBRARY,15021.555231642844
min_pop_weighted,420034291002,25,Brighton Heights Pool Guard Room,3549.7566160909023
min_pop_weighted,420034150013,66,Morningside Crossing,16823.78561155059
min_pop_weighted,420034212003,66,Morningside Crossing,3162.504668014188
min_pop_weighted,420034135001,25,Brighton Heights Pool Guard Room,14977.79514646411
min_pop_weighted,420034272001,66,Morningside Crossing,4164.434809130734
min_pop_weighted,420034911011,41,McBride Swimming Pool Building,10344.616918841655
min_pop_weighted,420034639001,2,Sheraden Senior Center,2856.782166620478
min_pop_weighted,420034120021,25,Brighton Heights Pool Guard Room,13767.757757748728
min_pop_weighted,420031517002,0,Greenfield Senior Center,465.31090503052616
min_pop_weighted,420034886001,41,McBride Swimming Pool Building,2979.4189807764856
min_pop_weighted,420035641001,2,Sheraden Senior Center,5887.730579886317
min_pop_weighted,420034705021,70,BROOKLINE LIBRARY,5560.858909957218
min_pop_weighted,420034658001,2,Sheraden Senior Center,3347.841795459156
min_pop_weighted,420034690001,70,BROOKLINE LIBRARY,3801.549083919093
min_pop_weighted,420034013003,30,East Hills Pool Building,27770.99057872198
min_pop_weighted,420034773005,70,BROOKLINE LIBRARY,7320.306562490505
min_pop_weighted,420035234006,30,East Hills Pool Building,4876.369115367487
min_pop_weighted,420034212004,66,Morningside Crossing,5861.876525549635
min_pop_weighted,420035638006,25,Brighton Heights Pool Guard Room,5925.5884987337495
min_pop_weighted,420034131003,25,Brighton Heights Pool Guard Room,16594.830280739236
min_pop_weighted,420034993002,41,McBride Swimming Pool Building,6261.365414886486
min_pop_weighted,420034994001,41,McBride Swimming Pool Building,7884.001045367751
min_pop_weighted,420034994002,41,McBride Swimming Pool Building,7163.92352437854
min_pop_weighted,420035030021,41,McBride Swimming Pool Building,9583.64276680715
min_pop_weighted,420035030022,41,McBride Swimming Pool Building,9638.652505304375
min_pop_weighted,420035030023,41,McBride Swimming Pool Building,11261.483608570272
min_pop_weighted,420035030024,41,McBride Swimming Pool Building,10669.260792247367
min_pop_weighted,420035041002,41,McBride Swimming Pool Building,9568.089559634904
min_pop_weighted,420035041003,41,McBride Swimming Pool Building,9947.088201115086
min_pop_weighted,420035094005,30,East Hills Pool Building,8187.513329629622
min_pop_weighted,420035100001,41,McBride Swimming Pool Building,8641.070381822437
min_pop_weighted,420035138002,41,McBride Swimming Pool Building,6107.400848053717
min_pop_weighted,420031014002,66,Morningside Crossing,370.34396287552704
min_pop_weighted,420035120001,30,East Hills Pool Building,8145.829241212553
min_pop_weighted,420035120002,30,East Hills Pool Building,7296.415731616415
min_pop_weighted,420035138001,30,East Hills Pool Building,6553.17156226561
min_pop_weighted,420035140002,0,Greenfield Senior Center,6214.7423431484085
min_pop_weighted,420035151001,30,East Hills Pool Building,5162.786537980714
min_pop_weighted,420035151002,30,East Hills Pool Building,5340.290955029632
min_pop_weighted,420035151003,30,East Hills Pool Building,4809.769212551413
min_pop_weighted,420035152002,30,East Hills Pool Building,4371.2288540037825
min_pop_weighted,420035153001,30,East Hills Pool Building,5136.472300448457
min_pop_weighted,420035153002,0,Greenfield Senior Center,4853.055815014768
min_pop_weighted,420035161001,1,Homewood Senior Center,3784.098395242285
min_pop_weighted,420035162001,30,East Hills Pool Building,3051.761138935785
min_pop_weighted,420035162002,30,East Hills Pool Building,3645.13006943931
min_pop_weighted,420035211001,30,East Hills Pool Building,11669.409075418023
min_pop_weighted,420035213011,30,East Hills Pool Building,12184.155989364048
min_pop_weighted,420035180013,30,East Hills Pool Building,4375.272757841121
min_pop_weighted,420035200021,30,East Hills Pool Building,6659.1688194721
min_pop_weighted,420035200023,30,East Hills Pool Building,5245.179131670874
min_pop_weighted,420035213012,30,East Hills Pool Building,13064.906594159196
min_pop_weighted,420035231002,30,East Hills Pool Building,2329.534194175974
min_pop_weighted,420035231003,30,East Hills Pool Building,1292.0125640875708
min_pop_weighted,420035232002,30,East Hills Pool Building,2454.6534664032924
min_pop_weighted,420035232003,30,East Hills Pool Building,2402.5868326551895
min_pop_weighted,420035232004,30,East Hills Pool Building,1512.730681709518
min_pop_weighted,420035233001,30,East Hills Pool Building,6100.671985263807
min_pop_weighted,420035233003,30,East Hills Pool Building,4648.596577224327
min_pop_weighted,420035234002,30,East Hills Pool Building,3287.9344536875537
min_pop_weighted,420035237022,30,East Hills Pool Building,10166.308846422637
min_pop_weighted,420035238001,30,East Hills Pool Building,6994.833394361059
min_pop_weighted,420035238002,30,East Hills Pool Building,6512.896079965367
min_pop_weighted,420035640001,2,Sheraden Senior Center,22111.925215895004
min_pop_weighted,420034530031,2,Sheraden Senior Center,15911.769613279694
min_pop_weighted,420035253001,30,East Hills Pool Building,11342.43526108209
min_pop_weighted,420034263002,25,Brighton Heights Pool Guard Room,9379.972772723228
min_pop_weighted,420034511011,2,Sheraden Senior Center,21844.4868162252
min_pop_weighted,420035234005,30,East Hills Pool Building,4067.008108790677
min_pop_weighted,420035235011,30,East Hills Pool Building,7899.204439038768
min_pop_weighted,420035235012,30,East Hills Pool Building,6998.699930798481
min_pop_weighted,420035235013,30,East Hills Pool Building,6457.2338739633
min_pop_weighted,420035236001,30,East Hills Pool Building,6371.67488293862
min_pop_weighted,420034511052,2,Sheraden Senior Center,20545.405962558936
min_pop_weighted,420035237013,30,East Hills Pool Building,8872.636223144578
min_pop_weighted,420035237014,30,East Hills Pool Building,8291.456757712542
min_pop_weighted,420035237023,30,East Hills Pool Building,8874.268202665302
min_pop_weighted,420035238003,30,East Hills Pool Building,5405.442741626126
min_pop_weighted,420035240001,30,East Hills Pool Building,8291.181601360964
min_pop_weighted,420035251001,30,East Hills Pool Building,10280.533478221105
min_pop_weighted,420035252001,30,East Hills Pool Building,9711.101032660736
min_pop_weighted,420035252002,30,East Hills Pool Building,9389.196593376391
min_pop_weighted,420035262021,30,East Hills Pool Building,11761.390811411928
min_pop_weighted,420035262023,30,East Hills Pool Building,11045.71513910341
min_pop_weighted,420035263011,30,East Hills Pool Building,18469.57432000951
min_pop_weighted,420035263022,30,East Hills Pool Building,17122.861126682812
min_pop_weighted,420035263023,30,East Hills Pool Building,18029.43824318515
min_pop_weighted,420035263024,30,East Hills Pool Building,17460.12395035964
min_pop_weighted,420035509001,41,McBride Swimming Pool Building,7216.389089311165
min_pop_weighted,420035509002,41,McBride Swimming Pool Building,6514.567377656518
min_pop_weighted,420035512001,41,McBride Swimming Pool Building,7963.45596887122
min_pop_weighted,420035512002,41,McBride Swimming Pool Building,8816.650207956218
min_pop_weighted,420035512003,41,McBride Swimming Pool Building,8335.81907755366
min_pop_weighted,420035513001,41,McBride Swimming Pool Building,9659.180990636867
min_pop_weighted,420035519001,41,McBride Swimming Pool Building,6681.662706841383
min_pop_weighted,420035520002,41,McBride Swimming Pool Building,8290.016100533956
min_pop_weighted,420035520003,41,McBride Swimming Pool Building,8487.769372591652
min_pop_weighted,420035520004,41,McBride Swimming Pool Building,8770.94712653675
min_pop_weighted,420035521001,41,McBride Swimming Pool Building,6037.764590532637
min_pop_weighted,420035521002,41,McBride Swimming Pool Building,6034.444136648213
min_pop_weighted,420035522001,41,McBride Swimming Pool Building,4519.423652106642
min_pop_weighted,420034886002,41,McBride Swimming Pool Building,3770.117511535504
min_pop_weighted,420031918003,70,BROOKLINE LIBRARY,847.0354366506784
min_pop_weighted,420035630002,2,Sheraden Senior Center,2424.914952540024
min_pop_weighted,420032022003,2,Sheraden Senior Center,982.7927153984092
min_pop_weighted,420034900024,70,BROOKLINE LIBRARY,15989.213001011263
min_pop_weighted,420034900025,70,BROOKLINE LIBRARY,15535.77683509776
min_pop_weighted,420032814002,2,Sheraden Senior Center,1470.556967713888
min_pop_weighted,420034890012,41,McBride Swimming Pool Building,7190.896845662341
min_pop_weighted,420034890013,41,McBride Swimming Pool Building,8013.861928093878
min_pop_weighted,420034900032,70,BROOKLINE LIBRARY,10077.202978510795
min_pop_weighted,420034900033,70,BROOKLINE LIBRARY,11443.05438236982
min_pop_weighted,420034928001,41,McBride Swimming Pool Building,11158.447075410084
min_pop_weighted,420034928002,41,McBride Swimming Pool Building,12005.243360235878
min_pop_weighted,420034929001,41,McBride Swimming Pool Building,11982.922504468948
min_pop_weighted,420034940001,41,McBride Swimming Pool Building,14441.78996173228
min_pop_weighted,420034962001,41,McBride Swimming Pool Building,13289.277952890996
min_pop_weighted,420035627002,4,Mount Washington Senior Center,3304.485185359795
min_pop_weighted,420035190001,30,East Hills Pool Building,4847.275187622615
min_pop_weighted,420034962002,41,McBride Swimming Pool Building,15047.044242208029
min_pop_weighted,420034980001,41,McBride Swimming Pool Building,9205.1036761887
min_pop_weighted,420035003001,41,McBride Swimming Pool Building,5966.286291010509
min_pop_weighted,420035003002,41,McBride Swimming Pool Building,5785.4829184736645
min_pop_weighted,420035003003,41,McBride Swimming Pool Building,6893.337132595408
min_pop_weighted,420035003004,41,McBride Swimming Pool Building,5970.561563388868
min_pop_weighted,420035010001,41,McBride Swimming Pool Building,11355.203997479128
min_pop_weighted,420035041001,41,McBride Swimming Pool Building,10376.005788125294
min_pop_weighted,420035070001,41,McBride Swimming Pool Building,11663.486190846574
min_pop_weighted,420035070002,41,McBride Swimming Pool Building,10768.217326383789
min_pop_weighted,420035080001,30,East Hills Pool Building,10537.84069676108
min_pop_weighted,420035094001,30,East Hills Pool Building,8106.606588475119
min_pop_weighted,420035094002,30,East Hills Pool Building,8608.90377431261
min_pop_weighted,420035094003,30,East Hills Pool Building,8947.844138304592
min_pop_weighted,420035094004,30,East Hills Pool Building,9020.365177460972
min_pop_weighted,420030402001,3,South Side Senior Center,2267.6612203782984
min_pop_weighted,420035152001,30,East Hills Pool Building,4149.937641921458
min_pop_weighted,420035170002,30,East Hills Pool Building,5666.093421213568
min_pop_weighted,420035190002,30,East Hills Pool Building,3415.899988947578
min_pop_weighted,420035213021,30,East Hills Pool Building,11639.392503394349
min_pop_weighted,420035214012,30,East Hills Pool Building,17638.74654311958
min_pop_weighted,420035215003,30,East Hills Pool Building,12484.305161215449
min_pop_weighted,420035220003,30,East Hills Pool Building,12060.315308185112
min_pop_weighted,420034240002,66,Morningside Crossing,1030.8147671888348
min_pop_weighted,420034240003,66,Morningside Crossing,1475.2902338170668
min_pop_weighted,420034742012,70,BROOKLINE LIBRARY,11589.282368881595
min_pop_weighted,420031115001,66,Morningside Crossing,3609.072353304701
min_pop_weighted,420034513006,2,Sheraden Senior Center,17502.939142413088
min_pop_weighted,420035640004,2,Sheraden Senior Center,22343.342990846024
min_pop_weighted,420031019001,66,Morningside Crossing,2717.0851757188348
min_pop_weighted,420031019002,66,Morningside Crossing,3341.521061608444
min_pop_weighted,420031019003,66,Morningside Crossing,3153.0255233028993
min_pop_weighted,420031307002,1,Homewood Senior Center,655.9454372006082
min_pop_weighted,420031115003,1,Homewood Senior Center,2857.320956059891
min_pop_weighted,420031209002,1,Homewood Senior Center,2216.6419146396
min_pop_weighted,420031209001,1,Homewood Senior Center,2228.124401481755
min_pop_weighted,420031307003,1,Homewood Senior Center,1200.4097151439587
min_pop_weighted,420031412003,1,Homewood Senior Center,1922.2629517062808
min_pop_weighted,420030103022,3,South Side Senior Center,2500.2921035015625
min_pop_weighted,420031308002,1,Homewood Senior Center,482.076259086295
min_pop_weighted,420031308003,1,Homewood Senior Center,776.4774086349552
min_pop_weighted,420031307001,1,Homewood Senior Center,1081.131662814345
min_pop_weighted,420031308001,1,Homewood Senior Center,911.0245124436497
min_pop_weighted,420035648001,30,East Hills Pool Building,1125.2957471114344
min_pop_weighted,420034911013,41,McBride Swimming Pool Building,12687.264391598428
min_pop_weighted,420030103011,3,South Side Senior Center,2548.6847029647784
min_pop_weighted,420030406002,3,South Side Senior Center,2292.914750920831
min_pop_weighted,420035653001,41,McBride Swimming Pool Building,4631.065810729511
min_pop_weighted,420034883002,41,McBride Swimming Pool Building,2528.265699245397
min_pop_weighted,420034580021,2,Sheraden Senior Center,9036.832261812102
min_pop_weighted,420034580011,2,Sheraden Senior Center,13966.05468774607
min_pop_weighted,420034580022,2,Sheraden Senior Center,11515.062113009024
min_pop_weighted,420034580023,2,Sheraden Senior Center,9346.609748875077
min_pop_weighted,420034580012,70,BROOKLINE LIBRARY,10200.432591298846
min_pop_weighted,420035647001,30,East Hills Pool Building,2198.426479061931
min_pop_weighted,420033001003,4,Mount Washington Senior Center,2984.64083113892
min_pop_weighted,420034490002,2,Sheraden Senior Center,23782.456543153712
min_pop_weighted,420031403004,0,Greenfield Senior Center,3246.225916605397
min_pop_weighted,420033001004,4,Mount Washington Senior Center,3204.6519305484794
min_pop_weighted,420030103021,4,Mount Washington Senior Center,2221.5420960927872
min_pop_weighted,420030305003,4,Mount Washington Senior Center,2627.8155313092957
min_pop_weighted,420034644002,2,Sheraden Senior Center,2441.671339472947
min_pop_weighted,420034511024,2,Sheraden Senior Center,19480.209520298788
min_pop_weighted,420034120042,25,Brighton Heights Pool Guard Room,19296.37821333206
min_pop_weighted,420035130002,30,East Hills Pool Building,6366.914515379982
min_pop_weighted,420034120032,25,Brighton Heights Pool Guard Room,17743.328220247793
min_pop_weighted,420035632011,4,Mount Washington Senior Center,3053.947525838035
min_pop_weighted,420035632021,4,Mount Washington Senior Center,3596.74750082787
min_pop_weighted,420035130001,41,McBride Swimming Pool Building,7095.167080132276
min_pop_weighted,420034110022,25,Brighton Heights Pool Guard Room,20834.61101414772
min_pop_weighted,420034110011,25,Brighton Heights Pool Guard Room,23980.82368923408
min_pop_weighted,420034110021,25,Brighton Heights Pool Guard Room,25323.726648354303
min_pop_weighted,420034090021,25,Brighton Heights Pool Guard Room,25592.20825717815
min_pop_weighted,420034120041,25,Brighton Heights Pool Guard Room,17771.79051732018
min_pop_weighted,420034090022,25,Brighton Heights Pool Guard Room,24718.050875269877
min_pop_weighted,420034090014,25,Brighton Heights Pool Guard Room,20290.65894157256
min_pop_weighted,420034090012,25,Brighton Heights Pool Guard Room,20511.321460890573
min_pop_weighted,420034080023,66,Morningside Crossing,19670.702968349797
min_pop_weighted,420032413002,4,Mount Washington Senior Center,5144.711312201579
min_pop_weighted,420035632022,4,Mount Washington Senior Center,4122.480623362683
min_pop_weighted,420035652002,2,Sheraden Senior Center,3355.7157307400576
min_pop_weighted,420034142004,66,Morningside Crossing,12446.436013240049
min_pop_weighted,420034142003,66,Morningside Crossing,10942.588051547318
min_pop_weighted,420031412002,1,Homewood Senior Center,2290.3609108690384
min_pop_weighted,420035652003,2,Sheraden Senior Center,3899.6951013916714
min_pop_weighted,420035651001,4,Mount Washington Senior Center,3917.020343457202
min_pop_weighted,420032413001,4,Mount Washington Senior Center,5619.202164975642
min_pop_weighted,420032613002,25,Brighton Heights Pool Guard Room,2609.6509453398003
min_pop_weighted,420032613001,25,Brighton Heights Pool Guard Room,3410.1096743420057
min_pop_weighted,420032716001,25,Brighton Heights Pool Guard Room,1884.56875645985
min_pop_weighted,420032716003,25,Brighton Heights Pool Guard Room,2234.689585368332
min_pop_weighted,420032716002,25,Brighton Heights Pool Guard Room,2364.863617649315
min_pop_weighted,420035652001,2,Sheraden Senior Center,3654.226766231261
min_pop_weighted,420032716004,25,Brighton Heights Pool Guard Room,3125.4745047358756
min_pop_weighted,420035648002,30,East Hills Pool Building,1643.9375205118668
min_pop_weighted,420031306002,30,East Hills Pool Building,79.0828303275025
min_pop_weighted,420034560034,70,BROOKLINE LIBRARY,14071.115669366402
min_pop_weighted,420035629011,0,Greenfield Senior Center,2321.9109097382084
min_pop_weighted,420035629012,0,Greenfield Senior Center,1297.051522754999
min_pop_weighted,420031403005,0,Greenfield Senior Center,3209.831357876909
min_pop_weighted,420035647003,30,East Hills Pool Building,2360.849772137657
min_pop_weighted,420035647002,30,East Hills Pool Building,2665.361680721924
min_pop_weighted,420031610001,3,South Side Senior Center,1611.560312106045
min_pop_weighted,420034513005,2,Sheraden Senior Center,12772.055490462417
min_pop_weighted,420031608002,3,South Side Senior Center,664.8059812663654
min_pop_weighted,420035626002,2,Sheraden Senior Center,2473.6982859344826
min_pop_weighted,420034560043,70,BROOKLINE LIBRARY,15779.51264210133
min_pop_weighted,420035625002,2,Sheraden Senior Center,880.5448668964876
min_pop_weighted,420034600013,2,Sheraden Senior Center,5703.01657053489
min_pop_weighted,420034513004,2,Sheraden Senior Center,12939.22692072457
min_pop_weighted,420031609003,3,South Side Senior Center,936.2452764049804
min_pop_weighted,420034110012,25,Brighton Heights Pool Guard Room,26820.68205506691
min_pop_weighted,420034120031,25,Brighton Heights Pool Guard Room,15773.70100124838
min_pop_weighted,420034090011,25,Brighton Heights Pool Guard Room,23046.93471005767
min_pop_weighted,420034120033,25,Brighton Heights Pool Guard Room,18018.91825597431
min_pop_weighted,420034090013,25,Brighton Heights Pool Guard Room,20803.418436654785
min_pop_weighted,420034080021,66,Morningside Crossing,20358.58129039369
min_pop_weighted,420034142001,66,Morningside Crossing,11582.795258611288
min_pop_weighted,420032413003,25,Brighton Heights Pool Guard Room,5330.134553180193
min_vuln_weighted,420031702004,3,South Side Senior Center,1486.631536287512
min_vuln_weighted,420034530043,2,Sheraden Senior Center,14738.447599662191
min_vuln_weighted,420035639003,30,East Hills Pool Building,5564.487237263031
min_vuln_weighted,420034690003,2,Sheraden Senior Center,4833.618004206787
min_vuln_weighted,420032904004,3,South Side Senior Center,4824.723406545987
min_vuln_weighted,420034886003,41,McBride Swimming Pool Building,5532.992653246519
min_vuln_weighted,420035644004,41,McBride Swimming Pool Building,13559.876881800512
min_vuln_weighted,420035213024,30,East Hills Pool Building,11251.157472277468
min_vuln_weighted,420035639001,30,East Hills Pool Building,7209.314543614826
min_vuln_weighted,420030901002,66,Morningside Crossing,4525.189643808594
min_vuln_weighted,420035645001,41,McBride Swimming Pool Building,13759.4932693318
min_vuln_weighted,420035645002,41,McBride Swimming Pool Building,14710.43848578647
min_vuln_weighted,420034970001,41,McBride Swimming Pool Building,11718.6282694942
min_vuln_weighted,420034962003,41,McBride Swimming Pool Building,16563.666460742672
min_vuln_weighted,420034212002,66,Morningside Crossing,2886.4544133918557
min_vuln_weighted,420034721001,70,BROOKLINE LIBRARY,1520.1980691430394
min_vuln_weighted,420035614004,30,East Hills Pool Building,1362.8813981574365
min_vuln_weighted,420035639004,30,East Hills Pool Building,4696.961258029407
min_vuln_weighted,420034782002,70,BROOKLINE LIBRARY,6469.378300270586
min_vuln_weighted,420034846001,41,McBride Swimming Pool Building,3087.1267109257883
min_vuln_weighted,420035638004,25,Brighton Heights Pool Guard Room,14951.233722248911
min_vuln_weighted,420035644002,41,McBride Swimming Pool Building,11762.494682435226
min_vuln_weighted,420034994003,41,McBride Swimming Pool Building,6495.425919182537
min_vuln_weighted,420035623001,0,Greenfield Senior Center,2699.7204305833443
min_vuln_weighted,420034884002,41,McBride Swimming Pool Building,5156.969973876846
min_vuln_weighted,420035631001,4,Mount Washington Senior Center,3413.114066314215
min_vuln_weighted,420031517005,0,Greenfield Senior Center,667.6623426068006
min_vuln_weighted,420035644001,41,McBride Swimming Pool Building,13423.100655493732
min_vuln_weighted,420034884003,41,McBride Swimming Pool Building,5536.976814582057
min_vuln_weighted,420034885001,41,McBride Swimming Pool Building,1761.041785156609
min_vuln_weighted,420035630003,2,Sheraden Senior Center,1637.4907638067682
min_vuln_weighted,420033001005,4,Mount Washington Senior Center,3425.3462262581747
min_vuln_weighted,420035624003,4,Mount Washington Senior Center,1659.4432148150986
min_vuln_weighted,420034762003,70,BROOKLINE LIBRARY,4882.644512269279
min_vuln_weighted,420035631002,2,Sheraden Senior Center,3364.453616329444
min_vuln_weighted,420034752001,70,BROOKLINE LIBRARY,11740.89914247074
min_vuln_weighted,420035644005,41,McBride Swimming Pool Building,10648.617307481847
min_vuln_weighted,420034722002,70,BROOKLINE LIBRARY,2392.3473113159557
min_vuln_weighted,420034731002,70,BROOKLINE LIBRARY,3523.847760398319
min_vuln_weighted,420035644006,30,East Hills Pool Building,12964.590080518305
min_vuln_weighted,420034882001,41,McBride Swimming Pool Building,5189.36854842726
min_vuln_weighted,420035523002,41,McBride Swimming Pool Building,7486.836399791568
min_vuln_weighted,420031915002,4,Mount Washington Senior Center,977.2925681759094
min_vuln_weighted,420031914002,4,Mount Washington Senior Center,858.2953016522029
min_vuln_weighted,420039809001,2,Sheraden Senior Center,2317.065102572378
min_vuln_weighted,420034751021,70,BROOKLINE LIBRARY,8438.218577061007
min_vuln_weighted,420034753014,70,BROOKLINE LIBRARY,9902.861114825244
min_vuln_weighted,420031911001,4,Mount Washington Senior Center,1654.844625372472
min_vuln_weighted,420034782003,70,BROOKLINE LIBRARY,5691.587772075218
min_vuln_weighted,420034869001,41,McBride Swimming Pool Building,6107.079963095606
min_vuln_weighted,420034869002,41,McBride Swimming Pool Building,6818.654813394559
min_vuln_weighted,420034870001,41,McBride Swimming Pool Building,3056.58238283156
min_vuln_weighted,420034881002,41,McBride Swimming Pool Building,3370.304987101154
min_vuln_weighted,420034882002,41,McBride Swimming Pool Building,4499.992517045964
min_vuln_weighted,420034882003,41,McBride Swimming Pool Building,4281.248612576621
min_vuln_weighted,420034884001,41,McBride Swimming Pool Building,4570.297932320317
min_vuln_weighted,420032509001,4,Mount Washington Senior Center,4482.524343405915
min_vuln_weighted,420032614004,25,Brighton Heights Pool Guard Room,3817.0805857166456
min_vuln_weighted,420035625003,2,Sheraden Senior Center,446.8509752846816
min_vuln_weighted,420035523003,41,McBride Swimming Pool Building,7690.351413390502
min_vuln_weighted,420034270002,66,Morningside Crossing,5382.833334781234
min_vuln_weighted,420035639002,30,East Hills Pool Building,6214.831278041375
min_vuln_weighted,420034993001,41,McBride Swimming Pool Building,5658.265091799199
min_vuln_weighted,420035234001,30,East Hills Pool Building,4130.522450835397
min_vuln_weighted,420035190003,30,East Hills Pool Building,3120.7678263846888
min_vuln_weighted,420035628001,2,Sheraden Senior Center,5413.501771340255
min_vuln_weighted,420034643002,2,Sheraden Senior Center,1946.484325976557
min_vuln_weighted,420034141014,66,Morningside Crossing,17497.70844361864
min_vuln_weighted,420031414005,0,Greenfield Senior Center,1358.0932727443926
min_vuln_weighted,420032614001,25,Brighton Heights Pool Guard Room,3491.6022383527993
min_vuln_weighted,420035628002,2,Sheraden Senior Center,4196.572670692092
min_vuln_weighted,420035234003,30,East Hills Pool Building,3524.2763602989576
min_vuln_weighted,420035234004,30,East Hills Pool Building,4512.855986000204
min_vuln_weighted,420034884004,41,McBride Swimming Pool Building,4528.692924170718
min_vuln_weighted,420034511042,2,Sheraden Senior Center,24722.785846736053
min_vuln_weighted,420034511022,2,Sheraden Senior Center,18438.570802258422
min_vuln_weighted,420035633002,25,Brighton Heights Pool Guard Room,17018.212563416768
min_vuln_weighted,420034706001,70,BROOKLINE LIBRARY,7064.401086535919
min_vuln_weighted,420034741021,70,BROOKLINE LIBRARY,8765.727912357394
min_vuln_weighted,420034900031,70,BROOKLINE LIBRARY,12421.486754306065
min_vuln_weighted,420034900023,70,BROOKLINE LIBRARY,13413.01507554542
min_vuln_weighted,420034900022,70,BROOKLINE LIBRARY,14580.820781139457
min_vuln_weighted,420031306001,30,East Hills Pool Building,896.3562365382852
min_vuln_weighted,420035623003,0,Greenfield Senior Center,2178.050851666594
min_vuln_weighted,420031018002,66,Morningside Crossing,1418.5874187167794
min_vuln_weighted,420030802002,66,Morningside Crossing,4569.949393577008
min_vuln_weighted,420035261014,30,East Hills Pool Building,12761.936774548922
min_vuln_weighted,420031414004,0,Greenfield Senior Center,2262.7856346385606
min_vuln_weighted,420032023004,70,BROOKLINE LIBRARY,3083.618276961819
min_vuln_weighted,420032708003,25,Brighton Heights Pool Guard Room,152.83157412147736
min_vuln_weighted,420034271003,66,Morningside Crossing,6546.626317750821
min_vuln_weighted,420035642003,41,McBride Swimming Pool Building,13405.28274685128
min_vuln_weighted,420034530042,2,Sheraden Senior Center,17359.38858100792
min_vuln_weighted,420034600021,2,Sheraden Senior Center,4675.49640172126
min_vuln_weighted,420035200011,30,East Hills Pool Building,7126.210844356843
min_vuln_weighted,420034530044,2,Sheraden Senior Center,18566.67204924305
min_vuln_weighted,420032620003,25,Brighton Heights Pool Guard Room,4535.3407231241645
min_vuln_weighted,420034250003,66,Morningside Crossing,2953.801155399698
min_vuln_weighted,420034480001,25,Brighton Heights Pool Guard Room,23173.139147723698
min_vuln_weighted,420034250001,66,Morningside Crossing,3303.972917839957
min_vuln_weighted,420034250002,66,Morningside Crossing,3878.2916973669226
min_vuln_weighted,420034490001,25,Brighton Heights Pool Guard Room,23976.731968507705
min_vuln_weighted,420034507001,2,Sheraden Senior Center,13269.85462982469
min_vuln_weighted,420034507002,2,Sheraden Senior Center,14459.699251228838
min_vuln_weighted,420034250004,66,Morningside Crossing,2454.7356769654066
min_vuln_weighted,420034263001,66,Morningside Crossing,9569.23728317058
min_vuln_weighted,420034263003,25,Brighton Heights Pool Guard Room,10564.757583900066
min_vuln_weighted,420034511021,2,Sheraden Senior Center,18030.76672611188
min_vuln_weighted,420034264001,66,Morningside Crossing,7115.024904224709
min_vuln_weighted,420034264002,66,Morningside Crossing,5798.678683628308
min_vuln_weighted,420034264003,66,Morningside Crossing,4647.781470270855
min_vuln_weighted,420034267001,66,Morningside Crossing,2987.6387174231936
min_vuln_weighted,420034592011,2,Sheraden Senior Center,5975.278175635613
min_vuln_weighted,420034610001,25,Brighton Heights Pool Guard Room,9299.54173386616
min_vuln_weighted,420034621001,25,Brighton Heights Pool Guard Room,3660.617843968552
min_vuln_weighted,420034240004,66,Morningside Crossing,1610.5716382026874
min_vuln_weighted,420034267002,66,Morningside Crossing,5230.182984358555
min_vuln_weighted,420034268001,66,Morningside Crossing,9595.976611838509
min_vuln_weighted,420034270001,66,Morningside Crossing,5216.329230273831
min_vuln_weighted,420034270003,66,Morningside Crossing,5595.267071511072
min_vuln_weighted,420034550001,2,Sheraden Senior Center,16435.33200168228
min_vuln_weighted,420034560042,70,BROOKLINE LIBRARY,16105.151165703215
min_vuln_weighted,420034571001,70,BROOKLINE LIBRARY,11323.593120097004
min_vuln_weighted,420034571002,70,BROOKLINE LIBRARY,11256.78905751606
min_vuln_weighted,420034572001,70,BROOKLINE LIBRARY,10189.231548047092
min_vuln_weighted,420034572002,70,BROOKLINE LIBRARY,10142.92633213461
min_vuln_weighted,420034294002,25,Brighton Heights Pool Guard Room,7004.825693491503
min_vuln_weighted,420034272002,66,Morningside Crossing,5693.406391741768
min_vuln_weighted,420034281001,25,Brighton Heights Pool Guard Room,5901.960079869412
min_vuln_weighted,420034281002,25,Brighton Heights Pool Guard Room,5748.423496565821
min_vuln_weighted,420034572003,70,BROOKLINE LIBRARY,10476.386236013444
min_vuln_weighted,420034572004,70,BROOKLINE LIBRARY,11251.67845396322
min_vuln_weighted,420034591011,2,Sheraden Senior Center,10575.474236251865
min_vuln_weighted,420034282001,25,Brighton Heights Pool Guard Room,5057.8213629072125
min_vuln_weighted,420034282002,25,Brighton Heights Pool Guard Room,3785.588420245291
min_vuln_weighted,420034292021,25,Brighton Heights Pool Guard Room,8110.857106046263
min_vuln_weighted,420034293001,25,Brighton Heights Pool Guard Room,8940.76262823985
min_vuln_weighted,420034508001,2,Sheraden Senior Center,15754.613600760367
min_vuln_weighted,420034508003,2,Sheraden Senior Center,15523.313912970149
min_vuln_weighted,420034293003,25,Brighton Heights Pool Guard Room,6165.924479848292
min_vuln_weighted,420034293004,25,Brighton Heights Pool Guard Room,8548.542408823358
min_vuln_weighted,420034294001,25,Brighton Heights Pool Guard Room,8341.04512764782
min_vuln_weighted,420034294003,25,Brighton Heights Pool Guard Room,5818.296272787811
min_vuln_weighted,420034294004,25,Brighton Heights Pool Guard Room,5740.9882867034385
min_vuln_weighted,420034295001,25,Brighton Heights Pool Guard Room,8949.950223688527
min_vuln_weighted,420034295002,25,Brighton Heights Pool Guard Room,7734.08970064508
min_vuln_weighted,420034296002,25,Brighton Heights Pool Guard Room,2707.379322292829
min_vuln_weighted,420034297002,25,Brighton Heights Pool Guard Room,1405.2230594323123
min_vuln_weighted,420034301001,25,Brighton Heights Pool Guard Room,4351.9016689287355
min_vuln_weighted,420035626001,2,Sheraden Senior Center,3223.183922338063
min_vuln_weighted,420035624002,4,Mount Washington Senior Center,2252.334211959419
min_vuln_weighted,420034301002,25,Brighton Heights Pool Guard Room,3895.3576991836703
min_vuln_weighted,420034302001,25,Brighton Heights Pool Guard Room,5465.225407446412
min_vuln_weighted,420034302002,25,Brighton Heights Pool Guard Room,4592.347426623321
min_vuln_weighted,420034302003,25,Brighton Heights Pool Guard Room,4831.701154673322
min_vuln_weighted,420034302004,25,Brighton Heights Pool Guard Room,4953.315594663828
min_vuln_weighted,420034302005,25,Brighton Heights Pool Guard Room,4482.251152460104
min_vuln_weighted,420035619002,1,Homewood Senior Center,1473.5794518559144
min_vuln_weighted,420039818001,66,Morningside Crossing,3267.3908256537197
min_vuln_weighted,420035642001,41,McBride Swimming Pool Building,15685.292321807789
min_vuln_weighted,420034639003,2,Sheraden Senior Center,2151.834992065169
min_vuln_weighted,420035625001,2,Sheraden Senior Center,873.4584061403996
min_vuln_weighted,420035641002,2,Sheraden Senior Center,4234.336108374256
min_vuln_weighted,420034626003,2,Sheraden Senior Center,3704.808459477617
min_vuln_weighted,420035620002,3,South Side Senior Center,4813.633302156793
min_vuln_weighted,420031516002,0,Greenfield Senior Center,1072.6629216675665
min_vuln_weighted,420034773004,70,BROOKLINE LIBRARY,7432.215970280963
min_vuln_weighted,420034782001,70,BROOKLINE LIBRARY,6353.518868828155
min_vuln_weighted,420034013002,30,East Hills Pool Building,28996.846918197993
min_vuln_weighted,420035644003,41,McBride Swimming Pool Building,10653.359947767603
min_vuln_weighted,420034592014,2,Sheraden Senior Center,6970.505614361481
min_vuln_weighted,420034513002,2,Sheraden Senior Center,13946.54412979374
min_vuln_weighted,420035640003,2,Sheraden Senior Center,22327.517088629193
min_vuln_weighted,420034705011,70,BROOKLINE LIBRARY,4062.3612461323887
min_vuln_weighted,420034741022,70,BROOKLINE LIBRARY,10719.927019241635
min_vuln_weighted,420034511051,2,Sheraden Senior Center,18995.605854529294
min_vuln_weighted,420035638005,25,Brighton Heights Pool Guard Room,16363.740166736045
min_vuln_weighted,420034742033,70,BROOKLINE LIBRARY,13663.584889215444
min_vuln_weighted,420035240002,30,East Hills Pool Building,7653.589606504415
min_vuln_weighted,420035236003,30,East Hills Pool Building,7087.9179044359835
min_vuln_weighted,420034845003,41,McBride Swimming Pool Building,2228.2905566990626
min_vuln_weighted,420034060002,66,Morningside Crossing,31744.521673894054
min_vuln_weighted,420034742021,70,BROOKLINE LIBRARY,14185.845983870631
min_vuln_weighted,420034011001,66,Morningside Crossing,33106.97590550465
min_vuln_weighted,420034845002,41,McBride Swimming Pool Building,1929.619200755449
min_vuln_weighted,420034900021,70,BROOKLINE LIBRARY,14675.407217251795
min_vuln_weighted,420034890024,41,McBride Swimming Pool Building,9472.8940997761
min_vuln_weighted,420034324003,25,Brighton Heights Pool Guard Room,4472.048239749816
min_vuln_weighted,420034460001,25,Brighton Heights Pool Guard Room,20059.94297539899
min_vuln_weighted,420031106002,66,Morningside Crossing,1886.79284983177
min_vuln_weighted,420035154013,1,Homewood Senior Center,3841.594430903593
min_vuln_weighted,420035620003,3,South Side Senior Center,3750.3756643328743
min_vuln_weighted,420030902003,66,Morningside Crossing,4460.982870977807
min_vuln_weighted,420031011003,66,Morningside Crossing,2497.320205549559
min_vuln_weighted,420035524001,41,McBride Swimming Pool Building,9254.25357201114
min_vuln_weighted,420035524002,41,McBride Swimming Pool Building,9445.587001662849
min_vuln_weighted,420035604002,1,Homewood Senior Center,2209.317650885034
min_vuln_weighted,420034311001,25,Brighton Heights Pool Guard Room,2225.8160575385195
min_vuln_weighted,420034311002,25,Brighton Heights Pool Guard Room,2248.561294635503
min_vuln_weighted,420034314001,25,Brighton Heights Pool Guard Room,3527.884602032932
min_vuln_weighted,420034315002,25,Brighton Heights Pool Guard Room,2953.7320597899143
min_vuln_weighted,420034323001,25,Brighton Heights Pool Guard Room,4971.260368094612
min_vuln_weighted,420034323002,25,Brighton Heights Pool Guard Room,4245.9619402132985
min_vuln_weighted,420035642002,41,McBride Swimming Pool Building,13338.5792158941
min_vuln_weighted,420030409003,3,South Side Senior Center,1940.76271158817
min_vuln_weighted,420034890023,41,McBride Swimming Pool Building,8789.618497837437
min_vuln_weighted,420030201005,4,Mount Washington Senior Center,2525.5496342737315
min_vuln_weighted,420030603001,66,Morningside Crossing,5197.359821417333
min_vuln_weighted,420031608001,3,South Side Senior Center,651.212989928802
min_vuln_weighted,420034340001,25,Brighton Heights Pool Guard Room,5927.691403013803
min_vuln_weighted,420034340002,25,Brighton Heights Pool Guard Room,6356.880322882991
min_vuln_weighted,420034350001,25,Brighton Heights Pool Guard Room,8015.021513193702
min_vuln_weighted,420034350002,25,Brighton Heights Pool Guard Room,8050.1400332042285
min_vuln_weighted,420032904003,70,BROOKLINE LIBRARY,4857.797315304027
min_vuln_weighted,420035644007,41,McBride Swimming Pool Building,15214.650650101165
min_vuln_weighted,420035154011,1,Homewood Senior Center,4699.508576049417
min_vuln_weighted,420035154012,0,Greenfield Senior Center,4335.700657685925
min_vuln_weighted,420035220001,30,East Hills Pool Building,12971.662951657634
min_vuln_weighted,420035220002,30,East Hills Pool Building,12548.68961375099
min_vuln_weighted,420034705012,70,BROOKLINE LIBRARY,4405.760005717073
min_vuln_weighted,420034455001,25,Brighton Heights Pool Guard Room,17145.086160633313
min_vuln_weighted,420035605001,1,Homewood Senior Center,2523.406436344717
min_vuln_weighted,420035614001,30,East Hills Pool Building,1711.4769617317286
min_vuln_weighted,420034455002,25,Brighton Heights Pool Guard Room,18753.57991945537
min_vuln_weighted,420034455003,2,Sheraden Senior Center,17931.66597907446
min_vuln_weighted,420034460002,25,Brighton Heights Pool Guard Room,20640.107478563423
min_vuln_weighted,420034470001,25,Brighton Heights Pool Guard Room,22803.211463241456
min_vuln_weighted,420035614002,30,East Hills Pool Building,1059.16918622283
min_vuln_weighted,420035614003,30,East Hills Pool Building,777.5705304351825
min_vuln_weighted,420035615001,30,East Hills Pool Building,1902.9268903459
min_vuln_weighted,420034591021,2,Sheraden Senior Center,8283.245312298004
min_vuln_weighted,420035615002,30,East Hills Pool Building,2466.539743291569
min_vuln_weighted,420035615003,30,East Hills Pool Building,1531.317639693289
min_vuln_weighted,420031916004,70,BROOKLINE LIBRARY,2818.3484830031416
min_vuln_weighted,420034292012,25,Brighton Heights Pool Guard Room,8348.864387494608
min_vuln_weighted,420034592021,2,Sheraden Senior Center,6251.133359602186
min_vuln_weighted,420034911012,41,McBride Swimming Pool Building,10913.937864218862
min_vuln_weighted,420034643003,2,Sheraden Senior Center,1678.811371917895
min_vuln_weighted,420034881001,41,McBride Swimming Pool Building,3173.421081769596
min_vuln_weighted,420034900043,41,McBride Swimming Pool Building,15895.161105580912
min_vuln_weighted,420034912001,41,McBride Swimming Pool Building,8738.460051204493
min_vuln_weighted,420034961022,41,McBride Swimming Pool Building,17309.088269732798
min_vuln_weighted,420035140001,30,East Hills Pool Building,6171.482416099678
min_vuln_weighted,420035214023,30,East Hills Pool Building,15745.848264816095
min_vuln_weighted,420035233004,30,East Hills Pool Building,3978.384823263789
min_vuln_weighted,420035263012,30,East Hills Pool Building,16523.87636024125
min_vuln_weighted,420035520001,41,McBride Swimming Pool Building,8014.097313378315
min_vuln_weighted,420039807001,4,Mount Washington Senior Center,1160.372389044513
min_vuln_weighted,420035627001,4,Mount Washington Senior Center,3090.3725650117813
min_vuln_weighted,420032615002,25,Brighton Heights Pool Guard Room,2786.5169987436448
min_vuln_weighted,420030709003,0,Greenfield Senior Center,3635.259036765842
min_vuln_weighted,420039806001,2,Sheraden Senior Center,3189.829611394658
min_vuln_weighted,420034268003,66,Morningside Crossing,7369.530670751075
min_vuln_weighted,420031903002,4,Mount Washington Senior Center,878.5962909907836
min_vuln_weighted,420031517003,0,Greenfield Senior Center,361.09688579876297
min_vuln_weighted,420031517004,0,Greenfield Senior Center,395.0787356472627
min_vuln_weighted,420031609002,3,South Side Senior Center,767.5133624399675
min_vuln_weighted,420031702001,4,Mount Washington Senior Center,1848.974495627641
min_vuln_weighted,420031702003,3,South Side Senior Center,2120.079556478761
min_vuln_weighted,420031706001,3,South Side Senior Center,2065.4837200569323
min_vuln_weighted,420031706002,3,South Side Senior Center,1989.1105309882375
min_vuln_weighted,420031807003,4,Mount Washington Senior Center,1297.4082061714885
min_vuln_weighted,420031903001,4,Mount Washington Senior Center,923.4421063948738
min_vuln_weighted,420031916002,4,Mount Washington Senior Center,2517.506197613299
min_vuln_weighted,420031916005,70,BROOKLINE LIBRARY,2672.4920775712385
min_vuln_weighted,420031917001,70,BROOKLINE LIBRARY,1847.5979310767048
min_vuln_weighted,420031917002,70,BROOKLINE LIBRARY,1116.3317075694697
min_vuln_weighted,420031918002,70,BROOKLINE LIBRARY,583.4962178437765
min_vuln_weighted,420031918004,70,BROOKLINE LIBRARY,550.9288675523871
min_vuln_weighted,420031918005,70,BROOKLINE LIBRARY,1691.640085667727
min_vuln_weighted,420031918006,70,BROOKLINE LIBRARY,1804.708449354919
min_vuln_weighted,420031918007,70,BROOKLINE LIBRARY,1189.2427306917484
min_vuln_weighted,420031919001,70,BROOKLINE LIBRARY,453.8281004526049
min_vuln_weighted,420031919002,70,BROOKLINE LIBRARY,270.83624768737724
min_vuln_weighted,420031919003,70,BROOKLINE LIBRARY,666.4895953148327
min_vuln_weighted,420035261013,30,East Hills Pool Building,13995.629234195423
min_vuln_weighted,420034135002,25,Brighton Heights Pool Guard Room,13375.389346971566
min_vuln_weighted,420034020002,30,East Hills Pool Building,26802.876186856163
min_vuln_weighted,420035214011,30,East Hills Pool Building,15234.468276059755
min_vuln_weighted,420031918001,70,BROOKLINE LIBRARY,325.1578456028259
min_vuln_weighted,420034271002,25,Brighton Heights Pool Guard Room,8156.968282501135
min_vuln_weighted,420030806002,66,Morningside Crossing,4301.821544162076
min_vuln_weighted,420035233002,30,East Hills Pool Building,5134.3427502956
min_vuln_weighted,420031403002,0,Greenfield Senior Center,2634.1270747084664
min_vuln_weighted,420031609001,3,South Side Senior Center,903.6852488142652
min_vuln_weighted,420031803001,4,Mount Washington Senior Center,1705.1620571789815
min_vuln_weighted,420031803002,4,Mount Washington Senior Center,2146.8757095583023
min_vuln_weighted,420031803003,4,Mount Washington Senior Center,2309.335960382938
min_vuln_weighted,420031807002,4,Mount Washington Senior Center,1089.1025087785952
min_vuln_weighted,420034012004,30,East Hills Pool Building,27659.256494028927
min_vuln_weighted,420034013001,30,East Hills Pool Building,29350.626961681017
min_vuln_weighted,420034220002,66,Morningside Crossing,6530.34079087768
min_vuln_weighted,420034220003,66,Morningside Crossing,4264.565438930736
min_vuln_weighted,420034134003,25,Brighton Heights Pool Guard Room,11183.933829414604
min_vuln_weighted,420031911002,4,Mount Washington Senior Center,2335.95943465605
min_vuln_weighted,420031914001,4,Mount Washington Senior Center,224.5058236146433
min_vuln_weighted,420032614002,25,Brighton Heights Pool Guard Room,4089.93841617864
min_vuln_weighted,420032701001,25,Brighton Heights Pool Guard Room,1009.2502017954972
min_vuln_weighted,420032701002,25,Brighton Heights Pool Guard Room,1816.241927179886
min_vuln_weighted,420032703001,25,Brighton Heights Pool Guard Room,1326.876687486231
min_vuln_weighted,420032708001,25,Brighton Heights Pool Guard Room,758.4036193595791
min_vuln_weighted,420034804001,41,McBride Swimming Pool Building,5407.041792041638
min_vuln_weighted,420034927002,41,McBride Swimming Pool Building,8599.843700188518
min_vuln_weighted,420032708002,25,Brighton Heights Pool Guard Room,838.6806942578194
min_vuln_weighted,420035638003,25,Brighton Heights Pool Guard Room,12281.1402294569
min_vuln_weighted,420032902005,3,South Side Senior Center,3677.980088948022
min_vuln_weighted,420033102001,41,McBride Swimming Pool Building,1125.5042669610991
min_vuln_weighted,420033102002,41,McBride Swimming Pool Building,521.1561097530677
min_vuln_weighted,420033204001,70,BROOKLINE LIBRARY,3917.238403316882
min_vuln_weighted,420033204002,70,BROOKLINE LIBRARY,3081.202063129541
min_vuln_weighted,420033206001,70,BROOKLINE LIBRARY,1659.8730412461152
min_vuln_weighted,420034961023,41,McBride Swimming Pool Building,21520.786231418588
min_vuln_weighted,420035523001,41,McBride Swimming Pool Building,7214.190569463528
min_vuln_weighted,420034012001,30,East Hills Pool Building,28485.198996807976
min_vuln_weighted,420034012002,30,East Hills Pool Building,28968.424613719755
min_vuln_weighted,420034012003,30,East Hills Pool Building,27454.26825689838
min_vuln_weighted,420034070011,66,Morningside Crossing,24883.407734646786
min_vuln_weighted,420034070013,66,Morningside Crossing,24237.813203438112
min_vuln_weighted,420034070024,66,Morningside Crossing,17523.641937850523
min_vuln_weighted,420034080011,66,Morningside Crossing,23481.53853457954
min_vuln_weighted,420034080022,66,Morningside Crossing,20899.608405112907
min_vuln_weighted,420030203001,4,Mount Washington Senior Center,4607.074302829214
min_vuln_weighted,420030305001,4,Mount Washington Senior Center,3289.6645982877426
min_vuln_weighted,420030305002,3,South Side Senior Center,2926.085223667684
min_vuln_weighted,420030506001,3,South Side Senior Center,4643.1273175434
min_vuln_weighted,420030506002,3,South Side Senior Center,4052.498182572287
min_vuln_weighted,420030509001,3,South Side Senior Center,4055.433862883044
min_vuln_weighted,420030510001,3,South Side Senior Center,2701.7153901148768
min_vuln_weighted,420034315004,25,Brighton Heights Pool Guard Room,3133.3681503269463
min_vuln_weighted,420035604001,1,Homewood Senior Center,1646.2479521506489
min_vuln_weighted,420030802001,66,Morningside Crossing,4760.147624257445
min_vuln_weighted,420030804001,66,Morningside Crossing,4606.124433096037
min_vuln_weighted,420030804002,0,Greenfield Senior Center,4632.170505811148
min_vuln_weighted,420030806001,66,Morningside Crossing,3852.9185328014178
min_vuln_weighted,420030807001,66,Morningside Crossing,3474.738784499987
min_vuln_weighted,420030807002,66,Morningside Crossing,4005.123664103222
min_vuln_weighted,420030809001,66,Morningside Crossing,4106.907358272858
min_vuln_weighted,420030809002,66,Morningside Crossing,3640.227692684408
min_vuln_weighted,420032814001,2,Sheraden Senior Center,797.0780752405528
min_vuln_weighted,420032815001,2,Sheraden Senior Center,2247.8472906049756
min_vuln_weighted,420032901001,70,BROOKLINE LIBRARY,3157.431221555415
min_vuln_weighted,420034011004,30,East Hills Pool Building,30758.067661338217
min_vuln_weighted,420034132022,25,Brighton Heights Pool Guard Room,12843.520733017076
min_vuln_weighted,420034150022,66,Morningside Crossing,8444.55478232317
min_vuln_weighted,420034211002,30,East Hills Pool Building,6987.460232130245
min_vuln_weighted,420034211004,66,Morningside Crossing,4751.370241898293
min_vuln_weighted,420034212001,66,Morningside Crossing,3238.707995633468
min_vuln_weighted,420034220001,66,Morningside Crossing,9422.715092639848
min_vuln_weighted,420034133001,25,Brighton Heights Pool Guard Room,10896.221968286156
min_vuln_weighted,420034133002,25,Brighton Heights Pool Guard Room,10751.139100034325
min_vuln_weighted,420034134001,25,Brighton Heights Pool Guard Room,11403.94482168448
min_vuln_weighted,420034134002,25,Brighton Heights Pool Guard Room,10705.49449980595
min_vuln_weighted,420034160001,30,East Hills Pool Building,16300.64341123779
min_vuln_weighted,420034160002,30,East Hills Pool Building,17403.240602511116
min_vuln_weighted,420034171001,30,East Hills Pool Building,16581.765258837237
min_vuln_weighted,420034171003,30,East Hills Pool Building,15939.995211238172
min_vuln_weighted,420034172001,30,East Hills Pool Building,15858.215019609792
min_vuln_weighted,420034230001,66,Morningside Crossing,2747.020319136267
min_vuln_weighted,420034230002,66,Morningside Crossing,2823.073311485249
min_vuln_weighted,420034230003,66,Morningside Crossing,2334.3769736370873
min_vuln_weighted,420034240001,66,Morningside Crossing,1648.1303691902172
min_vuln_weighted,420034200001,30,East Hills Pool Building,5716.319448674879
min_vuln_weighted,420034035003,30,East Hills Pool Building,25308.755489317
min_vuln_weighted,420034135003,25,Brighton Heights Pool Guard Room,13068.05143303888
min_vuln_weighted,420034141011,66,Morningside Crossing,17839.64390770091
min_vuln_weighted,420034141013,66,Morningside Crossing,16434.589278049843
min_vuln_weighted,420034142002,25,Brighton Heights Pool Guard Room,12033.767560390414
min_vuln_weighted,420034190002,30,East Hills Pool Building,15002.712184139236
min_vuln_weighted,420034190003,66,Morningside Crossing,11541.00532342277
min_vuln_weighted,420034211001,66,Morningside Crossing,8684.859932803458
min_vuln_weighted,420034180001,30,East Hills Pool Building,15005.574491870506
min_vuln_weighted,420034020003,30,East Hills Pool Building,26343.187056550076
min_vuln_weighted,420034035001,66,Morningside Crossing,24811.767563991903
min_vuln_weighted,420034035002,30,East Hills Pool Building,25609.66715599105
min_vuln_weighted,420031401002,0,Greenfield Senior Center,2386.2844895541575
min_vuln_weighted,420034035004,30,East Hills Pool Building,25063.404271307383
min_vuln_weighted,420034035005,30,East Hills Pool Building,24069.982380168472
min_vuln_weighted,420034040001,66,Morningside Crossing,21787.22576545657
min_vuln_weighted,420034050001,66,Morningside Crossing,22470.09647715204
min_vuln_weighted,420031402001,1,Homewood Senior Center,3531.4575421321747
min_vuln_weighted,420031402002,0,Greenfield Senior Center,3368.229140250862
min_vuln_weighted,420031403003,0,Greenfield Senior Center,3032.0380439367254
min_vuln_weighted,420031404001,1,Homewood Senior Center,2175.719937194446
min_vuln_weighted,420031404002,1,Homewood Senior Center,2677.8116526933172
min_vuln_weighted,420034885003,41,McBride Swimming Pool Building,6352.041655721445
min_vuln_weighted,420035638002,25,Brighton Heights Pool Guard Room,14056.16260711534
min_vuln_weighted,420039822001,3,South Side Senior Center,3292.3295915060366
min_vuln_weighted,420035630001,2,Sheraden Senior Center,3158.605875833942
min_vuln_weighted,420034772004,70,BROOKLINE LIBRARY,4792.688022674753
min_vuln_weighted,420034773002,41,McBride Swimming Pool Building,6632.694940698913
min_vuln_weighted,420035624001,70,BROOKLINE LIBRARY,2944.7918227672726
min_vuln_weighted,420034731001,70,BROOKLINE LIBRARY,3252.3201094133656
min_vuln_weighted,420034731003,70,BROOKLINE LIBRARY,3293.1177008833474
min_vuln_weighted,420034734011,70,BROOKLINE LIBRARY,3712.798098541438
min_vuln_weighted,420035213022,30,East Hills Pool Building,10631.257734090976
min_vuln_weighted,420035620001,0,Greenfield Senior Center,4175.145856171614
min_vuln_weighted,420034772003,70,BROOKLINE LIBRARY,6524.211083122056
min_vuln_weighted,420034843003,0,Greenfield Senior Center,4532.856731967597
min_vuln_weighted,420034706002,70,BROOKLINE LIBRARY,7410.54070158778
min_vuln_weighted,420034710001,70,BROOKLINE LIBRARY,7820.256648792117
min_vuln_weighted,420034721002,70,BROOKLINE LIBRARY,2063.6163923364397
min_vuln_weighted,420034722001,70,BROOKLINE LIBRARY,1997.2494864201133
min_vuln_weighted,420034723001,70,BROOKLINE LIBRARY,1116.511862724696
min_vuln_weighted,420034723002,70,BROOKLINE LIBRARY,1463.7299771994597
min_vuln_weighted,420034724001,70,BROOKLINE LIBRARY,2034.7113962229348
min_vuln_weighted,420034724002,70,BROOKLINE LIBRARY,2133.189801706786
min_vuln_weighted,420034781001,70,BROOKLINE LIBRARY,5270.163015695563
min_vuln_weighted,420034781002,70,BROOKLINE LIBRARY,5507.2212709117575
min_vuln_weighted,420034781003,70,BROOKLINE LIBRARY,5793.062068152406
min_vuln_weighted,420034731004,70,BROOKLINE LIBRARY,3383.8027956351903
min_vuln_weighted,420034731005,70,BROOKLINE LIBRARY,2694.881748531351
min_vuln_weighted,420034732001,70,BROOKLINE LIBRARY,3253.915261808662
min_vuln_weighted,420034732002,70,BROOKLINE LIBRARY,3422.104486618833
min_vuln_weighted,420034732003,70,BROOKLINE LIBRARY,3774.664415525644
min_vuln_weighted,420034781004,70,BROOKLINE LIBRARY,4981.143817309798
min_vuln_weighted,420030709004,0,Greenfield Senior Center,4159.501309225367
min_vuln_weighted,420034733001,70,BROOKLINE LIBRARY,1430.266466777502
min_vuln_weighted,420034733002,70,BROOKLINE LIBRARY,2553.254021106495
min_vuln_weighted,420034733003,70,BROOKLINE LIBRARY,3055.574153887832
min_vuln_weighted,420034733004,70,BROOKLINE LIBRARY,3011.5199111599172
min_vuln_weighted,420034790001,70,BROOKLINE LIBRARY,2121.4758369268616
min_vuln_weighted,420034801011,70,BROOKLINE LIBRARY,7653.916379958796
min_vuln_weighted,420034801012,70,BROOKLINE LIBRARY,8924.621931031204
min_vuln_weighted,420034801013,41,McBride Swimming Pool Building,8587.172132813304
min_vuln_weighted,420034801014,41,McBride Swimming Pool Building,9184.669294623627
min_vuln_weighted,420034801021,70,BROOKLINE LIBRARY,6838.33968392326
min_vuln_weighted,420034890021,41,McBride Swimming Pool Building,8269.870951119714
min_vuln_weighted,420035645003,41,McBride Swimming Pool Building,14227.83644561556
min_vuln_weighted,420039805001,0,Greenfield Senior Center,1591.6980757775505
min_vuln_weighted,420034773003,41,McBride Swimming Pool Building,7225.522819823564
min_vuln_weighted,420034733005,70,BROOKLINE LIBRARY,2543.393779296988
min_vuln_weighted,420034734012,70,BROOKLINE LIBRARY,3506.608294804089
min_vuln_weighted,420034802003,41,McBride Swimming Pool Building,7381.02522573691
min_vuln_weighted,420034734013,70,BROOKLINE LIBRARY,3707.367827305685
min_vuln_weighted,420034734014,70,BROOKLINE LIBRARY,4562.56782696051
min_vuln_weighted,420034734021,70,BROOKLINE LIBRARY,6189.089376500007
min_vuln_weighted,420034801022,70,BROOKLINE LIBRARY,7664.809238358539
min_vuln_weighted,420034801023,70,BROOKLINE LIBRARY,8348.865081963486
min_vuln_weighted,420035619001,1,Homewood Senior Center,2317.4923202054974
min_vuln_weighted,420034734022,70,BROOKLINE LIBRARY,4658.857424999815
min_vuln_weighted,420034734023,70,BROOKLINE LIBRARY,5574.364141940498
min_vuln_weighted,420034735001,70,BROOKLINE LIBRARY,4658.630691389018
min_vuln_weighted,420034735002,70,BROOKLINE LIBRARY,5457.204307064316
min_vuln_weighted,420032614003,25,Brighton Heights Pool Guard Room,3490.6658783922035
min_vuln_weighted,420031920002,70,BROOKLINE LIBRARY,1129.0783228482064
min_vuln_weighted,420031517006,0,Greenfield Senior Center,507.7711901065992
min_vuln_weighted,420031414002,0,Greenfield Senior Center,1709.901864782424
min_vuln_weighted,420034705022,70,BROOKLINE LIBRARY,5494.538483259462
min_vuln_weighted,420034843002,41,McBride Swimming Pool Building,5130.63817092618
min_vuln_weighted,420034626001,2,Sheraden Senior Center,2913.069753053647
min_vuln_weighted,420034639002,2,Sheraden Senior Center,1976.3436264584864
min_vuln_weighted,420034621002,2,Sheraden Senior Center,6151.981626338076
min_vuln_weighted,420034621003,2,Sheraden Senior Center,4223.0565338212145
min_vuln_weighted,420034626004,2,Sheraden Senior Center,3063.5976701173327
min_vuln_weighted,420034706003,70,BROOKLINE LIBRARY,7913.972800163992
min_vuln_weighted,420035236002,30,East Hills Pool Building,5695.41235627026
min_vuln_weighted,420034890022,41,McBride Swimming Pool Building,8490.413628527942
min_vuln_weighted,420034736011,70,BROOKLINE LIBRARY,4905.818325147614
min_vuln_weighted,420034736012,70,BROOKLINE LIBRARY,4690.264808305461
min_vuln_weighted,420034736021,70,BROOKLINE LIBRARY,5459.010612458963
min_vuln_weighted,420034803002,3,South Side Senior Center,4389.168919504314
min_vuln_weighted,420034736022,70,BROOKLINE LIBRARY,6228.019578291963
min_vuln_weighted,420034736023,70,BROOKLINE LIBRARY,6937.89838058667
min_vuln_weighted,420034741011,70,BROOKLINE LIBRARY,7204.9885674827
min_vuln_weighted,420034742031,70,BROOKLINE LIBRARY,11904.259923024132
min_vuln_weighted,420034742032,70,BROOKLINE LIBRARY,13940.32777264357
min_vuln_weighted,420034751011,70,BROOKLINE LIBRARY,6294.248239560224
min_vuln_weighted,420034845001,41,McBride Swimming Pool Building,1533.8788398839165
min_vuln_weighted,420034845004,41,McBride Swimming Pool Building,2148.5347452571223
min_vuln_weighted,420034751012,70,BROOKLINE LIBRARY,6673.671967182538
min_vuln_weighted,420034751013,70,BROOKLINE LIBRARY,7784.438904634792
min_vuln_weighted,420034751014,70,BROOKLINE LIBRARY,7510.73211128324
min_vuln_weighted,420034752002,70,BROOKLINE LIBRARY,9221.292813107002
min_vuln_weighted,420031920001,70,BROOKLINE LIBRARY,1654.2606296913902
min_vuln_weighted,420034600012,2,Sheraden Senior Center,7660.528966400996
min_vuln_weighted,420034293002,25,Brighton Heights Pool Guard Room,7208.713196406813
min_vuln_weighted,420035180012,30,East Hills Pool Building,3387.895509941123
min_vuln_weighted,420035180011,30,East Hills Pool Building,3898.0695200113423
min_vuln_weighted,420035170001,30,East Hills Pool Building,4265.1707597005525
min_vuln_weighted,420030201004,4,Mount Washington Senior Center,1801.613839238204
min_vuln_weighted,420034772002,70,BROOKLINE LIBRARY,5303.9294170432195
min_vuln_weighted,420031414001,0,Greenfield Senior Center,1535.1103937640723
min_vuln_weighted,420031018001,66,Morningside Crossing,976.0213189141658
min_vuln_weighted,420034656002,2,Sheraden Senior Center,2604.5285627368157
min_vuln_weighted,420034753031,70,BROOKLINE LIBRARY,12157.410262860683
min_vuln_weighted,420034658002,2,Sheraden Senior Center,3489.7150101420007
min_vuln_weighted,420034658003,2,Sheraden Senior Center,4636.357680393951
min_vuln_weighted,420032902001,3,South Side Senior Center,3511.6586261426205
min_vuln_weighted,420034754021,70,BROOKLINE LIBRARY,10951.353250720704
min_vuln_weighted,420034643001,2,Sheraden Senior Center,2422.5060230326067
min_vuln_weighted,420034644001,2,Sheraden Senior Center,2423.474569017398
min_vuln_weighted,420034752003,70,BROOKLINE LIBRARY,10219.91783395717
min_vuln_weighted,420034753011,70,BROOKLINE LIBRARY,8778.400347222641
min_vuln_weighted,420034753012,70,BROOKLINE LIBRARY,10055.420304513196
min_vuln_weighted,420034753013,70,BROOKLINE LIBRARY,10969.216624333854
min_vuln_weighted,420034846002,41,McBride Swimming Pool Building,3459.263818608803
min_vuln_weighted,420034868001,41,McBride Swimming Pool Building,7194.651778438537
min_vuln_weighted,420034868002,41,McBride Swimming Pool Building,5786.970087980129
min_vuln_weighted,420034735003,70,BROOKLINE LIBRARY,6020.6678377875405
min_vuln_weighted,420034271001,25,Brighton Heights Pool Guard Room,6303.3283611629495
min_vuln_weighted,420035231004,1,Homewood Senior Center,1624.7852158853527
min_vuln_weighted,420035253002,30,East Hills Pool Building,10827.611418859771
min_vuln_weighted,420034644003,2,Sheraden Senior Center,1599.5881171039534
min_vuln_weighted,420034656001,2,Sheraden Senior Center,2906.4712723549433
min_vuln_weighted,420034753032,70,BROOKLINE LIBRARY,13052.256862283904
min_vuln_weighted,420034753033,70,BROOKLINE LIBRARY,13280.955142760851
min_vuln_weighted,420034753041,70,BROOKLINE LIBRARY,13306.018285809609
min_vuln_weighted,420034850001,41,McBride Swimming Pool Building,4965.114470560553
min_vuln_weighted,420034867001,41,McBride Swimming Pool Building,6073.575795383393
min_vuln_weighted,420034802001,41,McBride Swimming Pool Building,5859.387656961023
min_vuln_weighted,420031920003,70,BROOKLINE LIBRARY,1916.746368373372
min_vuln_weighted,420032509002,25,Brighton Heights Pool Guard Room,4444.7864699380825
min_vuln_weighted,420035041005,41,McBride Swimming Pool Building,9160.64484750318
min_vuln_weighted,420034600011,2,Sheraden Senior Center,8269.8057281826
min_vuln_weighted,420034961011,41,McBride Swimming Pool Building,15493.796066522773
min_vuln_weighted,420034753042,70,BROOKLINE LIBRARY,14347.084945236802
min_vuln_weighted,420034753043,70,BROOKLINE LIBRARY,14801.275087598244
min_vuln_weighted,420034753044,70,BROOKLINE LIBRARY,13668.16297626126
min_vuln_weighted,420034754011,70,BROOKLINE LIBRARY,6321.017756853131
min_vuln_weighted,420034754012,70,BROOKLINE LIBRARY,7886.557783396854
min_vuln_weighted,420034867002,41,McBride Swimming Pool Building,6038.260168119215
min_vuln_weighted,420032901002,70,BROOKLINE LIBRARY,3212.4968546094624
min_vuln_weighted,420032901003,70,BROOKLINE LIBRARY,3452.1937039837944
min_vuln_weighted,420032902002,70,BROOKLINE LIBRARY,4286.304641382955
min_vuln_weighted,420032902003,70,BROOKLINE LIBRARY,4104.6778573831
min_vuln_weighted,420032902004,70,BROOKLINE LIBRARY,3916.048314313465
min_vuln_weighted,420034135004,25,Brighton Heights Pool Guard Room,13211.499821840049
min_vuln_weighted,420034141012,66,Morningside Crossing,14826.653108190372
min_vuln_weighted,420034141023,25,Brighton Heights Pool Guard Room,16315.331793742942
min_vuln_weighted,420034080013,66,Morningside Crossing,22902.948714283975
min_vuln_weighted,420034171002,30,East Hills Pool Building,15923.666648803615
min_vuln_weighted,420034264004,66,Morningside Crossing,6985.432755182545
min_vuln_weighted,420034291001,25,Brighton Heights Pool Guard Room,4282.035547994715
min_vuln_weighted,420034292011,25,Brighton Heights Pool Guard Room,9655.280636881109
min_vuln_weighted,420034297001,25,Brighton Heights Pool Guard Room,2127.684733544853
min_vuln_weighted,420034315003,25,Brighton Heights Pool Guard Room,3103.8988109094835
min_vuln_weighted,420034324001,25,Brighton Heights Pool Guard Room,3923.0835979040658
min_vuln_weighted,420034370002,25,Brighton Heights Pool Guard Room,12613.406058180535
min_vuln_weighted,420034520003,2,Sheraden Senior Center,22263.257393334883
min_vuln_weighted,420034560032,70,BROOKLINE LIBRARY,13527.977878698384
min_vuln_weighted,420034591022,2,Sheraden Senior Center,7750.666049996928
min_vuln_weighted,420034626002,2,Sheraden Senior Center,3872.755280475296
min_vuln_weighted,420034703001,70,BROOKLINE LIBRARY,6809.241534467287
min_vuln_weighted,420034592012,2,Sheraden Senior Center,11245.6859668776
min_vuln_weighted,420034950001,41,McBride Swimming Pool Building,19739.349186172873
min_vuln_weighted,420034687002,2,Sheraden Senior Center,6933.249525398731
min_vuln_weighted,420034688001,70,BROOKLINE LIBRARY,7758.026666777019
min_vuln_weighted,420034688002,70,BROOKLINE LIBRARY,8142.559329211508
min_vuln_weighted,420034688003,2,Sheraden Senior Center,7976.183916939041
min_vuln_weighted,420033206002,70,BROOKLINE LIBRARY,1977.1605225433873
min_vuln_weighted,420033207001,70,BROOKLINE LIBRARY,2586.831048174854
min_vuln_weighted,420034689001,70,BROOKLINE LIBRARY,6432.64039441296
min_vuln_weighted,420034754013,70,BROOKLINE LIBRARY,9036.998337739258
min_vuln_weighted,420034754022,70,BROOKLINE LIBRARY,12970.01777341525
min_vuln_weighted,420034761001,70,BROOKLINE LIBRARY,2801.0947461150636
min_vuln_weighted,420033207002,70,BROOKLINE LIBRARY,3361.3145693925217
min_vuln_weighted,420034011003,30,East Hills Pool Building,30511.018608364328
min_vuln_weighted,420034825001,41,McBride Swimming Pool Building,4154.857590435904
min_vuln_weighted,420034762001,70,BROOKLINE LIBRARY,3735.0547923263016
min_vuln_weighted,420031411001,0,Greenfield Senior Center,3488.651950373752
min_vuln_weighted,420034761002,70,BROOKLINE LIBRARY,3272.1602951649775
min_vuln_weighted,420035238004,30,East Hills Pool Building,5937.642608161666
min_vuln_weighted,420034689002,70,BROOKLINE LIBRARY,6092.198931385387
min_vuln_weighted,420034761005,70,BROOKLINE LIBRARY,5356.43318968472
min_vuln_weighted,420034736024,70,BROOKLINE LIBRARY,6620.088776578549
min_vuln_weighted,420034803003,3,South Side Senior Center,4665.249941522201
min_vuln_weighted,420034843001,0,Greenfield Senior Center,4955.48660828649
min_vuln_weighted,420034890011,41,McBride Swimming Pool Building,7227.189566005083
min_vuln_weighted,420034900042,41,McBride Swimming Pool Building,14222.457281887771
min_vuln_weighted,420034950002,41,McBride Swimming Pool Building,22794.36524461112
min_vuln_weighted,420034961021,41,McBride Swimming Pool Building,16726.559615494323
min_vuln_weighted,420034980002,41,McBride Swimming Pool Building,8161.483980956376
min_vuln_weighted,420035211003,30,East Hills Pool Building,9812.888082083882
min_vuln_weighted,420035213013,30,East Hills Pool Building,12778.66420034564
min_vuln_weighted,420035213023,30,East Hills Pool Building,10670.492330324782
min_vuln_weighted,420034689003,70,BROOKLINE LIBRARY,7152.2231594323
min_vuln_weighted,420034690002,70,BROOKLINE LIBRARY,4557.241777884353
min_vuln_weighted,420034761003,70,BROOKLINE LIBRARY,3854.842989897475
min_vuln_weighted,420034761004,70,BROOKLINE LIBRARY,4219.422221313081
min_vuln_weighted,420035237024,30,East Hills Pool Building,10263.489919569682
min_vuln_weighted,420034762002,70,BROOKLINE LIBRARY,4384.634597725401
min_vuln_weighted,420035214021,30,East Hills Pool Building,14931.57024654976
min_vuln_weighted,420035231001,30,East Hills Pool Building,3482.6890513954254
min_vuln_weighted,420035232001,30,East Hills Pool Building,2669.1238344114963
min_vuln_weighted,420035237021,30,East Hills Pool Building,9826.811097863108
min_vuln_weighted,420035261011,30,East Hills Pool Building,18956.552749919934
min_vuln_weighted,420035261012,30,East Hills Pool Building,15187.83741808488
min_vuln_weighted,420035262012,30,East Hills Pool Building,13760.787990605508
min_vuln_weighted,420035513002,41,McBride Swimming Pool Building,10715.414759026582
min_vuln_weighted,420030201002,4,Mount Washington Senior Center,2013.0191125930571
min_vuln_weighted,420035240003,30,East Hills Pool Building,8772.098865301507
min_vuln_weighted,420035605002,1,Homewood Senior Center,2937.0347902047574
min_vuln_weighted,420030201001,4,Mount Washington Senior Center,1449.2106509163682
min_vuln_weighted,420034838001,0,Greenfield Senior Center,4418.524847864815
min_vuln_weighted,420030703001,0,Greenfield Senior Center,4114.8342567628915
min_vuln_weighted,420034804003,3,South Side Senior Center,5973.213961212628
min_vuln_weighted,420034810001,3,South Side Senior Center,2325.696626639107
min_vuln_weighted,420034810002,3,South Side Senior Center,2547.683839251395
min_vuln_weighted,420034810003,3,South Side Senior Center,3096.666179301989
min_vuln_weighted,420034810004,3,South Side Senior Center,3061.037332730982
min_vuln_weighted,420030201003,4,Mount Washington Senior Center,1944.564848852896
min_vuln_weighted,420030402002,3,South Side Senior Center,2591.382308949886
min_vuln_weighted,420030404001,0,Greenfield Senior Center,3387.509991103976
min_vuln_weighted,420030405001,3,South Side Senior Center,2824.305219239564
min_vuln_weighted,420030405002,3,South Side Senior Center,2311.5772313041025
min_vuln_weighted,420030510002,3,South Side Senior Center,3225.003985267155
min_vuln_weighted,420030511001,3,South Side Senior Center,2815.097392175769
min_vuln_weighted,420030603002,66,Morningside Crossing,5327.849431660784
min_vuln_weighted,420030605001,3,South Side Senior Center,4841.62504237143
min_vuln_weighted,420030605002,3,South Side Senior Center,5093.7383267776195
min_vuln_weighted,420034704002,70,BROOKLINE LIBRARY,7648.861984593556
min_vuln_weighted,420030708002,1,Homewood Senior Center,2727.5813625941796
min_vuln_weighted,420030703002,0,Greenfield Senior Center,3765.284373674284
min_vuln_weighted,420034703002,70,BROOKLINE LIBRARY,7139.562285864551
min_vuln_weighted,420034704001,70,BROOKLINE LIBRARY,7714.591685633982
min_vuln_weighted,420032602001,25,Brighton Heights Pool Guard Room,2019.2406718302905
min_vuln_weighted,420032602002,25,Brighton Heights Pool Guard Room,1201.9498053711277
min_vuln_weighted,420032607001,25,Brighton Heights Pool Guard Room,2210.1084673099976
min_vuln_weighted,420032607002,25,Brighton Heights Pool Guard Room,2362.8957004956937
min_vuln_weighted,420034900041,41,McBride Swimming Pool Building,14530.84872288599
min_vuln_weighted,420034704003,70,BROOKLINE LIBRARY,8562.2304791655
min_vuln_weighted,420034771001,70,BROOKLINE LIBRARY,4822.866794875156
min_vuln_weighted,420034771002,70,BROOKLINE LIBRARY,6386.116672516668
min_vuln_weighted,420034771003,70,BROOKLINE LIBRARY,5541.799198299656
min_vuln_weighted,420034772001,70,BROOKLINE LIBRARY,4518.907128804227
min_vuln_weighted,420034295003,25,Brighton Heights Pool Guard Room,5861.818950498576
min_vuln_weighted,420030409001,3,South Side Senior Center,1779.059328671734
min_vuln_weighted,420030409002,3,South Side Senior Center,1698.527567416197
min_vuln_weighted,420030501001,3,South Side Senior Center,3459.1404344548305
min_vuln_weighted,420030406001,0,Greenfield Senior Center,2608.179810246527
min_vuln_weighted,420030501002,3,South Side Senior Center,3664.997645049873
min_vuln_weighted,420030703003,0,Greenfield Senior Center,3736.230978599411
min_vuln_weighted,420030705001,1,Homewood Senior Center,3752.000848155051
min_vuln_weighted,420030705003,1,Homewood Senior Center,3949.703374454963
min_vuln_weighted,420030706001,1,Homewood Senior Center,3315.9927727240333
min_vuln_weighted,420030706002,1,Homewood Senior Center,3804.1349467656432
min_vuln_weighted,420030708001,1,Homewood Senior Center,3144.4188812098796
min_vuln_weighted,420030901001,66,Morningside Crossing,3934.47373948529
min_vuln_weighted,420030709001,0,Greenfield Senior Center,4355.421601378781
min_vuln_weighted,420030709002,0,Greenfield Senior Center,4056.3315290952655
min_vuln_weighted,420035200012,30,East Hills Pool Building,6655.594688240313
min_vuln_weighted,420031102003,66,Morningside Crossing,1389.2850514025831
min_vuln_weighted,420030902001,66,Morningside Crossing,4403.070990041161
min_vuln_weighted,420030902002,66,Morningside Crossing,4082.458901545754
min_vuln_weighted,420030903001,66,Morningside Crossing,4144.82452263212
min_vuln_weighted,420030903002,66,Morningside Crossing,4488.266796646666
min_vuln_weighted,420031102002,66,Morningside Crossing,1574.2697129517474
min_vuln_weighted,420031102004,66,Morningside Crossing,1986.105324248992
min_vuln_weighted,420031203001,1,Homewood Senior Center,2263.421254363591
min_vuln_weighted,420031203002,1,Homewood Senior Center,1620.8814105895606
min_vuln_weighted,420032615001,25,Brighton Heights Pool Guard Room,3057.3329399965432
min_vuln_weighted,420032620001,4,Mount Washington Senior Center,5057.756455084476
min_vuln_weighted,420032620002,25,Brighton Heights Pool Guard Room,5052.056036115734
min_vuln_weighted,420031005001,66,Morningside Crossing,1730.2259754904892
min_vuln_weighted,420031005002,66,Morningside Crossing,1884.636543814588
min_vuln_weighted,420031011001,66,Morningside Crossing,2999.9406759858684
min_vuln_weighted,420031011002,66,Morningside Crossing,2662.94244215096
min_vuln_weighted,420031113001,66,Morningside Crossing,2206.0351133931804
min_vuln_weighted,420031014001,66,Morningside Crossing,200.59099734082815
min_vuln_weighted,420031014004,66,Morningside Crossing,1010.8210161420662
min_vuln_weighted,420031106003,66,Morningside Crossing,2379.4857564556187
min_vuln_weighted,420031404003,1,Homewood Senior Center,2933.75598042216
min_vuln_weighted,420034803001,3,South Side Senior Center,3305.2757296038553
min_vuln_weighted,420031113002,66,Morningside Crossing,2465.2749435288565
min_vuln_weighted,420031113003,66,Morningside Crossing,2612.6925938065565
min_vuln_weighted,420031113004,66,Morningside Crossing,2783.2414306741566
min_vuln_weighted,420031114001,66,Morningside Crossing,2785.4052475943467
min_vuln_weighted,420031114002,66,Morningside Crossing,2892.696829894597
min_vuln_weighted,420031115002,66,Morningside Crossing,3297.1093906585556
min_vuln_weighted,420031302001,1,Homewood Senior Center,304.90843621211036
min_vuln_weighted,420031405001,1,Homewood Senior Center,1079.2684645964612
min_vuln_weighted,420031405002,1,Homewood Senior Center,1518.933566727511
min_vuln_weighted,420031408001,0,Greenfield Senior Center,2679.8755714589447
min_vuln_weighted,420031414003,0,Greenfield Senior Center,1976.1020866766216
min_vuln_weighted,420034883001,41,McBride Swimming Pool Building,863.6907751173143
min_vuln_weighted,420034520002,2,Sheraden Senior Center,17445.839378585693
min_vuln_weighted,420034927001,41,McBride Swimming Pool Building,10190.75333629743
min_vuln_weighted,420034520001,2,Sheraden Senior Center,24715.14235142147
min_vuln_weighted,420034513003,2,Sheraden Senior Center,16425.409149960138
min_vuln_weighted,420034736013,70,BROOKLINE LIBRARY,4537.200846119509
min_vuln_weighted,420034390001,25,Brighton Heights Pool Guard Room,21620.42733582187
min_vuln_weighted,420034141022,66,Morningside Crossing,14005.18036804558
min_vuln_weighted,420034131001,25,Brighton Heights Pool Guard Room,17027.432202333996
min_vuln_weighted,420035100002,41,McBride Swimming Pool Building,8261.808965329368
min_vuln_weighted,420034296001,25,Brighton Heights Pool Guard Room,4115.399954668877
min_vuln_weighted,420034150012,66,Morningside Crossing,12945.80389151696
min_vuln_weighted,420034100001,25,Brighton Heights Pool Guard Room,22334.877913151955
min_vuln_weighted,420034120022,25,Brighton Heights Pool Guard Room,12165.206649575432
min_vuln_weighted,420031413002,0,Greenfield Senior Center,1206.9898621624131
min_vuln_weighted,420031413003,0,Greenfield Senior Center,1641.8556748135015
min_vuln_weighted,420031516001,0,Greenfield Senior Center,596.4463322444366
min_vuln_weighted,420034560033,70,BROOKLINE LIBRARY,19182.98955637787
min_vuln_weighted,420034742022,70,BROOKLINE LIBRARY,11722.953503866367
min_vuln_weighted,420034132011,25,Brighton Heights Pool Guard Room,13197.403892072954
min_vuln_weighted,420034132012,25,Brighton Heights Pool Guard Room,13258.229070354377
min_vuln_weighted,420034132013,25,Brighton Heights Pool Guard Room,12250.220734986226
min_vuln_weighted,420034272004,66,Morningside Crossing,4100.95598811425
min_vuln_weighted,420034315001,25,Brighton Heights Pool Guard Room,3541.885059295625
min_vuln_weighted,420031401001,0,Greenfield Senior Center,2895.093016066782
min_vuln_weighted,420031408002,0,Greenfield Senior Center,2498.4583625221826
min_vuln_weighted,420031408003,0,Greenfield Senior Center,1919.155828907629
min_vuln_weighted,420031413001,0,Greenfield Senior Center,1897.308283977284
min_vuln_weighted,420031403001,1,Homewood Senior Center,2918.2832633443136
min_vuln_weighted,420034742011,70,BROOKLINE LIBRARY,10102.185670224017
min_vuln_weighted,420034220004,66,Morningside Crossing,6260.321128100234
min_vuln_weighted,420034802002,41,McBride Swimming Pool Building,7449.854643848354
min_vuln_weighted,420033001002,4,Mount Washington Senior Center,2766.99345037876
min_vuln_weighted,420035080002,41,McBride Swimming Pool Building,11206.053599245091
min_vuln_weighted,420034962004,41,McBride Swimming Pool Building,13883.727440179637
min_vuln_weighted,420034272003,66,Morningside Crossing,4170.529249246012
min_vuln_weighted,420034020004,30,East Hills Pool Building,26206.412144352988
min_vuln_weighted,420034150021,66,Morningside Crossing,11248.858216405188
min_vuln_weighted,420034591023,2,Sheraden Senior Center,10198.338707933544
min_vuln_weighted,420030705002,1,Homewood Senior Center,4120.14563360626
min_vuln_weighted,420034520004,2,Sheraden Senior Center,27516.448725949096
min_vuln_weighted,420034508002,2,Sheraden Senior Center,14714.925859980802
min_vuln_weighted,420034886004,41,McBride Swimming Pool Building,4735.719662402444
min_vuln_weighted,420034804004,41,McBride Swimming Pool Building,5193.490859472335
min_vuln_weighted,420034790002,70,BROOKLINE LIBRARY,2395.145241479792
min_vuln_weighted,420031807001,4,Mount Washington Senior Center,870.2730062824587
min_vuln_weighted,420034070022,66,Morningside Crossing,19800.889980542193
min_vuln_weighted,420034592013,2,Sheraden Senior Center,8892.76067220934
min_vuln_weighted,420034600023,2,Sheraden Senior Center,7098.019689202441
min_vuln_weighted,420031517001,0,Greenfield Senior Center,955.7932151661354
min_vuln_weighted,420035212002,30,East Hills Pool Building,9187.338102439186
min_vuln_weighted,420035524003,41,McBride Swimming Pool Building,8572.750667901628
min_vuln_weighted,420035261021,30,East Hills Pool Building,17902.612541725743
min_vuln_weighted,420034150011,66,Morningside Crossing,15260.056402542015
min_vuln_weighted,420034211003,66,Morningside Crossing,6360.623314863617
min_vuln_weighted,420034141021,66,Morningside Crossing,17267.003154105732
min_vuln_weighted,420032022001,2,Sheraden Senior Center,853.1701756076578
min_vuln_weighted,420032815002,2,Sheraden Senior Center,2085.503196978058
min_vuln_weighted,420034324002,25,Brighton Heights Pool Guard Room,4635.729919559891
min_vuln_weighted,420034773001,41,McBride Swimming Pool Building,6234.0915981576445
min_vuln_weighted,420035041004,41,McBride Swimming Pool Building,7939.50446600902
min_vuln_weighted,420034292022,25,Brighton Heights Pool Guard Room,6312.299402316739
min_vuln_weighted,420031102001,66,Morningside Crossing,1365.771897363764
min_vuln_weighted,420033001001,4,Mount Washington Senior Center,2530.134897961823
min_vuln_weighted,420034929002,41,McBride Swimming Pool Building,11870.970008570715
min_vuln_weighted,420035212003,30,East Hills Pool Building,9276.349871590592
min_vuln_weighted,420035213014,30,East Hills Pool Building,13890.52119634392
min_vuln_weighted,420034560041,70,BROOKLINE LIBRARY,13616.01703151968
min_vuln_weighted,420032904001,70,BROOKLINE LIBRARY,3810.443366380825
min_vuln_weighted,420032904002,70,BROOKLINE LIBRARY,4513.549316751132
min_vuln_weighted,420033102003,41,McBride Swimming Pool Building,1439.408173418344
min_vuln_weighted,420031106001,66,Morningside Crossing,2492.936160249986
min_vuln_weighted,420034131004,25,Brighton Heights Pool Guard Room,16847.604216360996
min_vuln_weighted,420034370001,25,Brighton Heights Pool Guard Room,9085.499192659438
min_vuln_weighted,420034070012,66,Morningside Crossing,26281.928008938725
min_vuln_weighted,420034870002,41,McBride Swimming Pool Building,3582.253612166379
min_vuln_weighted,420031920005,70,BROOKLINE LIBRARY,2037.5970541135375
min_vuln_weighted,420034804002,41,McBride Swimming Pool Building,4533.981637954188
min_vuln_weighted,420034511012,2,Sheraden Senior Center,20305.49587217784
min_vuln_weighted,420030404002,0,Greenfield Senior Center,3780.6774722826704
min_vuln_weighted,420034131002,25,Brighton Heights Pool Guard Room,15342.523970283884
min_vuln_weighted,420035638001,25,Brighton Heights Pool Guard Room,8841.963381152491
min_vuln_weighted,420035633001,25,Brighton Heights Pool Guard Room,15784.089094669123
min_vuln_weighted,420034511041,2,Sheraden Senior Center,24892.688410552633
min_vuln_weighted,420034511023,2,Sheraden Senior Center,18948.54232423965
min_vuln_weighted,420034511053,2,Sheraden Senior Center,22459.379586420506
min_vuln_weighted,420034513001,2,Sheraden Senior Center,14086.44027256016
min_vuln_weighted,420034530041,2,Sheraden Senior Center,18233.779959120737
min_vuln_weighted,420031915001,4,Mount Washington Senior Center,1594.6287887266349
min_vuln_weighted,420031916001,4,Mount Washington Senior Center,2102.6258385570686
min_vuln_weighted,420034530032,2,Sheraden Senior Center,14138.59607225882
min_vuln_weighted,420035640002,2,Sheraden Senior Center,19996.30756990263
min_vuln_weighted,420034687001,2,Sheraden Senior Center,6941.831456759994
min_vuln_weighted,420031014003,66,Morningside Crossing,1664.665270176955
min_vuln_weighted,420032022002,2,Sheraden Senior Center,631.2268392176344
min_vuln_weighted,420032023001,4,Mount Washington Senior Center,3452.9778147456004
min_vuln_weighted,420032023002,70,BROOKLINE LIBRARY,2931.7081856153823
min_vuln_weighted,420032023003,70,BROOKLINE LIBRARY,2890.350935154845
min_vuln_weighted,420034190001,66,Morningside Crossing,13950.415632994793
min_vuln_weighted,420034741012,70,BROOKLINE LIBRARY,8814.872624975496
min_vuln_weighted,420034961012,41,McBride Swimming Pool Building,18294.92331211463
min_vuln_weighted,420035200022,30,East Hills Pool Building,6698.820750121905
min_vuln_weighted,420035237011,30,East Hills Pool Building,10560.620009718312
min_vuln_weighted,420035030025,41,McBride Swimming Pool Building,11335.111789693618
min_vuln_weighted,420034080012,66,Morningside Crossing,24915.73479620948
min_vuln_weighted,420034020001,30,East Hills Pool Building,27169.478355903502
min_vuln_weighted,420034752004,70,BROOKLINE LIBRARY,12058.698178086604
min_vuln_weighted,420034600022,2,Sheraden Senior Center,5374.972389838918
min_vuln_weighted,420035214022,30,East Hills Pool Building,15679.196377258528
min_vuln_weighted,420034885002,41,McBride Swimming Pool Building,3275.8557211978514
min_vuln_weighted,420035215001,30,East Hills Pool Building,16978.355353059942
min_vuln_weighted,420034838003,41,McBride Swimming Pool Building,4663.080997917035
min_vuln_weighted,420035262011,30,East Hills Pool Building,12886.523721951213
min_vuln_weighted,420035211002,30,East Hills Pool Building,10513.020920157516
min_vuln_weighted,420035263021,30,East Hills Pool Building,18022.12659993035
min_vuln_weighted,420035237012,30,East Hills Pool Building,9196.487429077515
min_vuln_weighted,420034070023,66,Morningside Crossing,19413.318144892703
min_vuln_weighted,420034133003,25,Brighton Heights Pool Guard Room,10890.78432344786
min_vuln_weighted,420032703002,25,Brighton Heights Pool Guard Room,1741.183537908456
min_vuln_weighted,420034070021,66,Morningside Crossing,20216.608076677217
min_vuln_weighted,420034070014,66,Morningside Crossing,23222.94667586515
min_vuln_weighted,420031920004,70,BROOKLINE LIBRARY,1306.15453405096
min_vuln_weighted,420034292023,25,Brighton Heights Pool Guard Room,6120.878564328102
min_vuln_weighted,420034838002,0,Greenfield Senior Center,3537.799296711811
min_vuln_weighted,420034560012,70,BROOKLINE LIBRARY,14769.408753675749
min_vuln_weighted,420031302002,1,Homewood Senior Center,439.1093617999581
min_vuln_weighted,420031916003,70,BROOKLINE LIBRARY,2436.1297139643134
min_vuln_weighted,420035215002,30,East Hills Pool Building,14208.003799056552
min_vuln_weighted,420034560031,70,BROOKLINE LIBRARY,17370.702085297584
min_vuln_weighted,420035212001,30,East Hills Pool Building,9558.430063023552
min_vuln_weighted,420031702002,3,South Side Senior Center,1933.541798013117
min_vuln_weighted,420035235021,30,East Hills Pool Building,9048.969830054875
min_vuln_weighted,420035262022,30,East Hills Pool Building,13704.19067813872
min_vuln_weighted,420034011002,30,East Hills Pool Building,33360.504692145754
min_vuln_weighted,420034060001,66,Morningside Crossing,28781.67887197221
min_vuln_weighted,420034132021,25,Brighton Heights Pool Guard Room,14763.51807633756
min_vuln_weighted,420034268002,66,Morningside Crossing,8459.948635800032
min_vuln_weighted,420034560011,70,BROOKLINE LIBRARY,15021.555231642844
min_vuln_weighted,420034291002,25,Brighton Heights Pool Guard Room,3549.7566160909023
min_vuln_weighted,420034150013,66,Morningside Crossing,16823.78561155059
min_vuln_weighted,420034212003,66,Morningside Crossing,3162.504668014188
min_vuln_weighted,420034135001,25,Brighton Heights Pool Guard Room,14977.79514646411
min_vuln_weighted,420034272001,66,Morningside Crossing,4164.434809130734
min_vuln_weighted,420034911011,41,McBride Swimming Pool Building,10344.616918841655
min_vuln_weighted,420034639001,2,Sheraden Senior Center,2856.782166620478
min_vuln_weighted,420034120021,25,Brighton Heights Pool Guard Room,13767.757757748728
min_vuln_weighted,420031517002,0,Greenfield Senior Center,465.31090503052616
min_vuln_weighted,420034886001,41,McBride Swimming Pool Building,2979.4189807764856
min_vuln_weighted,420035641001,2,Sheraden Senior Center,5887.730579886317
min_vuln_weighted,420034705021,70,BROOKLINE LIBRARY,5560.858909957218
min_vuln_weighted,420034658001,2,Sheraden Senior Center,3347.841795459156
min_vuln_weighted,420034690001,70,BROOKLINE LIBRARY,3801.549083919093
min_vuln_weighted,420034013003,30,East Hills Pool Building,27770.99057872198
min_vuln_weighted,420034773005,70,BROOKLINE LIBRARY,7320.306562490505
min_vuln_weighted,420035234006,30,East Hills Pool Building,4876.369115367487
min_vuln_weighted,420034212004,66,Morningside Crossing,5861.876525549635
min_vuln_weighted,420035638006,25,Brighton Heights Pool Guard Room,5925.5884987337495
min_vuln_weighted,420034131003,25,Brighton Heights Pool Guard Room,16594.830280739236
min_vuln_weighted,420034993002,41,McBride Swimming Pool Building,6261.365414886486
min_vuln_weighted,420034994001,41,McBride Swimming Pool Building,7884.001045367751
min_vuln_weighted,420034994002,41,McBride Swimming Pool Building,7163.92352437854
min_vuln_weighted,420035030021,41,McBride Swimming Pool Building,9583.64276680715
min_vuln_weighted,420035030022,41,McBride Swimming Pool Building,9638.652505304375
min_vuln_weighted,420035030023,41,McBride Swimming Pool Building,11261.483608570272
min_vuln_weighted,420035030024,41,McBride Swimming Pool Building,10669.260792247367
min_vuln_weighted,420035041002,41,McBride Swimming Pool Building,9568.089559634904
min_vuln_weighted,420035041003,41,McBride Swimming Pool Building,9947.088201115086
min_vuln_weighted,420035094005,30,East Hills Pool Building,8187.513329629622
min_vuln_weighted,420035100001,41,McBride Swimming Pool Building,8641.070381822437
min_vuln_weighted,420035138002,41,McBride Swimming Pool Building,6107.400848053717
min_vuln_weighted,420031014002,66,Morningside Crossing,370.34396287552704
min_vuln_weighted,420035120001,30,East Hills Pool Building,8145.829241212553
min_vuln_weighted,420035120002,30,East Hills Pool Building,7296.415731616415
min_vuln_weighted,420035138001,30,East Hills Pool Building,6553.17156226561
min_vuln_weighted,420035140002,0,Greenfield Senior Center,6214.7423431484085
min_vuln_weighted,420035151001,30,East Hills Pool Building,5162.786537980714
min_vuln_weighted,420035151002,30,East Hills Pool Building,5340.290955029632
min_vuln_weighted,420035151003,30,East Hills Pool Building,4809.769212551413
min_vuln_weighted,420035152002,30,East Hills Pool Building,4371.2288540037825
min_vuln_weighted,420035153001,30,East Hills Pool Building,5136.472300448457
min_vuln_weighted,420035153002,0,Greenfield Senior Center,4853.055815014768
min_vuln_weighted,420035161001,1,Homewood Senior Center,3784.098395242285
min_vuln_weighted,420035162001,30,East Hills Pool Building,3051.761138935785
min_vuln_weighted,420035162002,30,East Hills Pool Building,3645.13006943931
min_vuln_weighted,420035211001,30,East Hills Pool Building,11669.409075418023
min_vuln_weighted,420035213011,30,East Hills Pool Building,12184.155989364048
min_vuln_weighted,420035180013,30,East Hills Pool Building,4375.272757841121
min_vuln_weighted,420035200021,30,East Hills Pool Building,6659.1688194721
min_vuln_weighted,420035200023,30,East Hills Pool Building,5245.179131670874
min_vuln_weighted,420035213012,30,East Hills Pool Building,13064.906594159196
min_vuln_weighted,420035231002,30,East Hills Pool Building,2329.534194175974
min_vuln_weighted,420035231003,30,East Hills Pool Building,1292.0125640875708
min_vuln_weighted,420035232002,30,East Hills Pool Building,2454.6534664032924
min_vuln_weighted,420035232003,30,East Hills Pool Building,2402.5868326551895
min_vuln_weighted,420035232004,30,East Hills Pool Building,1512.730681709518
min_vuln_weighted,420035233001,30,East Hills Pool Building,6100.671985263807
min_vuln_weighted,420035233003,30,East Hills Pool Building,4648.596577224327
min_vuln_weighted,420035234002,30,East Hills Pool Building,3287.9344536875537
min_vuln_weighted,420035237022,30,East Hills Pool Building,10166.308846422637
min_vuln_weighted,420035238001,30,East Hills Pool Building,6994.833394361059
min_vuln_weighted,420035238002,30,East Hills Pool Building,6512.896079965367
min_vuln_weighted,420035640001,2,Sheraden Senior Center,22111.925215895004
min_vuln_weighted,420034530031,2,Sheraden Senior Center,15911.769613279694
min_vuln_weighted,420035253001,30,East Hills Pool Building,11342.43526108209
min_vuln_weighted,420034263002,25,Brighton Heights Pool Guard Room,9379.972772723228
min_vuln_weighted,420034511011,2,Sheraden Senior Center,21844.4868162252
min_vuln_weighted,420035234005,30,East Hills Pool Building,4067.008108790677
min_vuln_weighted,420035235011,30,East Hills Pool Building,7899.204439038768
min_vuln_weighted,420035235012,30,East Hills Pool Building,6998.699930798481
min_vuln_weighted,420035235013,30,East Hills Pool Building,6457.2338739633
min_vuln_weighted,420035236001,30,East Hills Pool Building,6371.67488293862
min_vuln_weighted,420034511052,2,Sheraden Senior Center,20545.405962558936
min_vuln_weighted,420035237013,30,East Hills Pool Building,8872.636223144578
min_vuln_weighted,420035237014,30,East Hills Pool Building,8291.456757712542
min_vuln_weighted,420035237023,30,East Hills Pool Building,8874.268202665302
min_vuln_weighted,420035238003,30,East Hills Pool Building,5405.442741626126
min_vuln_weighted,420035240001,30,East Hills Pool Building,8291.181601360964
min_vuln_weighted,420035251001,30,East Hills Pool Building,10280.533478221105
min_vuln_weighted,420035252001,30,East Hills Pool Building,9711.101032660736
min_vuln_weighted,420035252002,30,East Hills Pool Building,9389.196593376391
min_vuln_weighted,420035262021,30,East Hills Pool Building,11761.390811411928
min_vuln_weighted,420035262023,30,East Hills Pool Building,11045.71513910341
min_vuln_weighted,420035263011,30,East Hills Pool Building,18469.57432000951
min_vuln_weighted,420035263022,30,East Hills Pool Building,17122.861126682812
min_vuln_weighted,420035263023,30,East Hills Pool Building,18029.43824318515
min_vuln_weighted,420035263024,30,East Hills Pool Building,17460.12395035964
min_vuln_weighted,420035509001,41,McBride Swimming Pool Building,7216.389089311165
min_vuln_weighted,420035509002,41,McBride Swimming Pool Building,6514.567377656518
min_vuln_weighted,420035512001,41,McBride Swimming Pool Building,7963.45596887122
min_vuln_weighted,420035512002,41,McBride Swimming Pool Building,8816.650207956218
min_vuln_weighted,420035512003,41,McBride Swimming Pool Building,8335.81907755366
min_vuln_weighted,420035513001,41,McBride Swimming Pool Building,9659.180990636867
min_vuln_weighted,420035519001,41,McBride Swimming Pool Building,6681.662706841383
min_vuln_weighted,420035520002,41,McBride Swimming Pool Building,8290.016100533956
min_vuln_weighted,420035520003,41,McBride Swimming Pool Building,8487.769372591652
min_vuln_weighted,420035520004,41,McBride Swimming Pool Building,8770.94712653675
min_vuln_weighted,420035521001,41,McBride Swimming Pool Building,6037.764590532637
min_vuln_weighted,420035521002,41,McBride Swimming Pool Building,6034.444136648213
min_vuln_weighted,420035522001,41,McBride Swimming Pool Building,4519.423652106642
min_vuln_weighted,420034886002,41,McBride Swimming Pool Building,3770.117511535504
min_vuln_weighted,420031918003,70,BROOKLINE LIBRARY,847.0354366506784
min_vuln_weighted,420035630002,2,Sheraden Senior Center,2424.914952540024
min_vuln_weighted,420032022003,2,Sheraden Senior Center,982.7927153984092
min_vuln_weighted,420034900024,70,BROOKLINE LIBRARY,15989.213001011263
min_vuln_weighted,420034900025,70,BROOKLINE LIBRARY,15535.77683509776
min_vuln_weighted,420032814002,2,Sheraden Senior Center,1470.556967713888
min_vuln_weighted,420034890012,41,McBride Swimming Pool Building,7190.896845662341
min_vuln_weighted,420034890013,41,McBride Swimming Pool Building,8013.861928093878
min_vuln_weighted,420034900032,70,BROOKLINE LIBRARY,10077.202978510795
min_vuln_weighted,420034900033,70,BROOKLINE LIBRARY,11443.05438236982
min_vuln_weighted,420034928001,41,McBride Swimming Pool Building,11158.447075410084
min_vuln_weighted,420034928002,41,McBride Swimming Pool Building,12005.243360235878
min_vuln_weighted,420034929001,41,McBride Swimming Pool Building,11982.922504468948
min_vuln_weighted,420034940001,41,McBride Swimming Pool Building,14441.78996173228
min_vuln_weighted,420034962001,41,McBride Swimming Pool Building,13289.277952890996
min_vuln_weighted,420035627002,4,Mount Washington Senior Center,3304.485185359795
min_vuln_weighted,420035190001,30,East Hills Pool Building,4847.275187622615
min_vuln_weighted,420034962002,41,McBride Swimming Pool Building,15047.044242208029
min_vuln_weighted,420034980001,41,McBride Swimming Pool Building,9205.1036761887
min_vuln_weighted,420035003001,41,McBride Swimming Pool Building,5966.286291010509
min_vuln_weighted,420035003002,41,McBride Swimming Pool Building,5785.4829184736645
min_vuln_weighted,420035003003,41,McBride Swimming Pool Building,6893.337132595408
min_vuln_weighted,420035003004,41,McBride Swimming Pool Building,5970.561563388868
min_vuln_weighted,420035010001,41,McBride Swimming Pool Building,11355.203997479128
min_vuln_weighted,420035041001,41,McBride Swimming Pool Building,10376.005788125294
min_vuln_weighted,420035070001,41,McBride Swimming Pool Building,11663.486190846574
min_vuln_weighted,420035070002,41,McBride Swimming Pool Building,10768.217326383789
min_vuln_weighted,420035080001,30,East Hills Pool Building,10537.84069676108
min_vuln_weighted,420035094001,30,East Hills Pool Building,8106.606588475119
min_vuln_weighted,420035094002,30,East Hills Pool Building,8608.90377431261
min_vuln_weighted,420035094003,30,East Hills Pool Building,8947.844138304592
min_vuln_weighted,420035094004,30,East Hills Pool Building,9020.365177460972
min_vuln_weighted,420030402001,3,South Side Senior Center,2267.6612203782984
min_vuln_weighted,420035152001,30,East Hills Pool Building,4149.937641921458
min_vuln_weighted,420035170002,30,East Hills Pool Building,5666.093421213568
min_vuln_weighted,420035190002,30,East Hills Pool Building,3415.899988947578
min_vuln_weighted,420035213021,30,East Hills Pool Building,11639.392503394349
min_vuln_weighted,420035214012,30,East Hills Pool Building,17638.74654311958
min_vuln_weighted,420035215003,30,East Hills Pool Building,12484.305161215449
min_vuln_weighted,420035220003,30,East Hills Pool Building,12060.315308185112
min_vuln_weighted,420034240002,66,Morningside Crossing,1030.8147671888348
min_vuln_weighted,420034240003,66,Morningside Crossing,1475.2902338170668
min_vuln_weighted,420034742012,70,BROOKLINE LIBRARY,11589.282368881595
min_vuln_weighted,420031115001,66,Morningside Crossing,3609.072353304701
min_vuln_weighted,420034513006,2,Sheraden Senior Center,17502.939142413088
min_vuln_weighted,420035640004,2,Sheraden Senior Center,22343.342990846024
min_vuln_weighted,420031019001,66,Morningside Crossing,2717.0851757188348
min_vuln_weighted,420031019002,66,Morningside Crossing,3341.521061608444
min_vuln_weighted,420031019003,66,Morningside Crossing,3153.0255233028993
min_vuln_weighted,420031307002,1,Homewood Senior Center,655.9454372006082
min_vuln_weighted,420031115003,1,Homewood Senior Center,2857.320956059891
min_vuln_weighted,420031209002,1,Homewood Senior Center,2216.6419146396
min_vuln_weighted,420031209001,1,Homewood Senior Center,2228.124401481755
min_vuln_weighted,420031307003,1,Homewood Senior Center,1200.4097151439587
min_vuln_weighted,420031412003,1,Homewood Senior Center,1922.2629517062808
min_vuln_weighted,420030103022,3,South Side Senior Center,2500.2921035015625
min_vuln_weighted,420031308002,1,Homewood Senior Center,482.076259086295
min_vuln_weighted,420031308003,1,Homewood Senior Center,776.4774086349552
min_vuln_weighted,420031307001,1,Homewood Senior Center,1081.131662814345
min_vuln_weighted,420031308001,1,Homewood Senior Center,911.0245124436497
min_vuln_weighted,420035648001,30,East Hills Pool Building,1125.2957471114344
min_vuln_weighted,420034911013,41,McBride Swimming Pool Building,12687.264391598428
min_vuln_weighted,420030103011,3,South Side Senior Center,2548.6847029647784
min_vuln_weighted,420030406002,3,South Side Senior Center,2292.914750920831
min_vuln_weighted,420035653001,41,McBride Swimming Pool Building,4631.065810729511
min_vuln_weighted,420034883002,41,McBride Swimming Pool Building,2528.265699245397
min_vuln_weighted,420034580021,2,Sheraden Senior Center,9036.832261812102
min_vuln_weighted,420034580011,2,Sheraden Senior Center,13966.05468774607
min_vuln_weighted,420034580022,2,Sheraden Senior Center,11515.062113009024
min_vuln_weighted,420034580023,2,Sheraden Senior Center,9346.609748875077
min_vuln_weighted,420034580012,70,BROOKLINE LIBRARY,10200.432591298846
min_vuln_weighted,420035647001,30,East Hills Pool Building,2198.426479061931
min_vuln_weighted,420033001003,4,Mount Washington Senior Center,2984.64083113892
min_vuln_weighted,420034490002,2,Sheraden Senior Center,23782.456543153712
min_vuln_weighted,420031403004,0,Greenfield Senior Center,3246.225916605397
min_vuln_weighted,420033001004,4,Mount Washington Senior Center,3204.6519305484794
min_vuln_weighted,420030103021,4,Mount Washington Senior Center,2221.5420960927872
min_vuln_weighted,420030305003,4,Mount Washington Senior Center,2627.8155313092957
min_vuln_weighted,420034644002,2,Sheraden Senior Center,2441.671339472947
min_vuln_weighted,420034511024,2,Sheraden Senior Center,19480.209520298788
min_vuln_weighted,420034120042,25,Brighton Heights Pool Guard Room,19296.37821333206
min_vuln_weighted,420035130002,30,East Hills Pool Building,6366.914515379982
min_vuln_weighted,420034120032,25,Brighton Heights Pool Guard Room,17743.328220247793
min_vuln_weighted,420035632011,4,Mount Washington Senior Center,3053.947525838035
min_vuln_weighted,420035632021,4,Mount Washington Senior Center,3596.74750082787
min_vuln_weighted,420035130001,41,McBride Swimming Pool Building,7095.167080132276
min_vuln_weighted,420034110022,25,Brighton Heights Pool Guard Room,20834.61101414772
min_vuln_weighted,420034110011,25,Brighton Heights Pool Guard Room,23980.82368923408
min_vuln_weighted,420034110021,25,Brighton Heights Pool Guard Room,25323.726648354303
min_vuln_weighted,420034090021,25,Brighton Heights Pool Guard Room,25592.20825717815
min_vuln_weighted,420034120041,25,Brighton Heights Pool Guard Room,17771.79051732018
min_vuln_weighted,420034090022,25,Brighton Heights Pool Guard Room,24718.050875269877
min_vuln_weighted,420034090014,25,Brighton Heights Pool Guard Room,20290.65894157256
min_vuln_weighted,420034090012,25,Brighton Heights Pool Guard Room,20511.321460890573
min_vuln_weighted,420034080023,66,Morningside Crossing,19670.702968349797
min_vuln_weighted,420032413002,4,Mount Washington Senior Center,5144.711312201579
min_vuln_weighted,420035632022,4,Mount Washington Senior Center,4122.480623362683
min_vuln_weighted,420035652002,2,Sheraden Senior Center,3355.7157307400576
min_vuln_weighted,420034142004,66,Morningside Crossing,12446.436013240049
min_vuln_weighted,420034142003,66,Morningside Crossing,10942.588051547318
min_vuln_weighted,420031412002,1,Homewood Senior Center,2290.3609108690384
min_vuln_weighted,420035652003,2,Sheraden Senior Center,3899.6951013916714
min_vuln_weighted,420035651001,4,Mount Washington Senior Center,3917.020343457202
min_vuln_weighted,420032413001,4,Mount Washington Senior Center,5619.202164975642
min_vuln_weighted,420032613002,25,Brighton Heights Pool Guard Room,2609.6509453398003
min_vuln_weighted,420032613001,25,Brighton Heights Pool Guard Room,3410.1096743420057
min_vuln_weighted,420032716001,25,Brighton Heights Pool Guard Room,1884.56875645985
min_vuln_weighted,420032716003,25,Brighton Heights Pool Guard Room,2234.689585368332
min_vuln_weighted,420032716002,25,Brighton Heights Pool Guard Room,2364.863617649315
min_vuln_weighted,420035652001,2,Sheraden Senior Center,3654.226766231261
min_vuln_weighted,420032716004,25,Brighton Heights Pool Guard Room,3125.4745047358756
min_vuln_weighted,420035648002,30,East Hills Pool Building,1643.9375205118668
min_vuln_weighted,420031306002,30,East Hills Pool Building,79.0828303275025
min_vuln_weighted,420034560034,70,BROOKLINE LIBRARY,14071.115669366402
min_vuln_weighted,420035629011,0,Greenfield Senior Center,2321.9109097382084
min_vuln_weighted,420035629012,0,Greenfield Senior Center,1297.051522754999
min_vuln_weighted,420031403005,0,Greenfield Senior Center,3209.831357876909
min_vuln_weighted,420035647003,30,East Hills Pool Building,2360.849772137657
min_vuln_weighted,420035647002,30,East Hills Pool Building,2665.361680721924
min_vuln_weighted,420031610001,3,South Side Senior Center,1611.560312106045
min_vuln_weighted,420034513005,2,Sheraden Senior Center,12772.055490462417
min_vuln_weighted,420031608002,3,South Side Senior Center,664.8059812663654
min_vuln_weighted,420035626002,2,Sheraden Senior Center,2473.6982859344826
min_vuln_weighted,420034560043,70,BROOKLINE LIBRARY,15779.51264210133
min_vuln_weighted,420035625002,2,Sheraden Senior Center,880.5448668964876
min_vuln_weighted,420034600013,2,Sheraden Senior Center,5703.01657053489
min_vuln_weighted,420034513004,2,Sheraden Senior Center,12939.22692072457
min_vuln_weighted,420031609003,3,South Side Senior Center,936.2452764049804
min_vuln_weighted,420034110012,25,Brighton Heights Pool Guard Room,26820.68205506691
min_vuln_weighted,420034120031,25,Brighton Heights Pool Guard Room,15773.70100124838
min_vuln_weighted,420034090011,25,Brighton Heights Pool Guard Room,23046.93471005767
min_vuln_weighted,420034120033,25,Brighton Heights Pool Guard Room,18018.91825597431
min_vuln_weighted,420034090013,25,Brighton Heights Pool Guard Room,20803.418436654785
min_vuln_weighted,420034080021,66,Morningside Crossing,20358.58129039369
min_vuln_weighted,420034142001,66,Morningside Crossing,11582.795258611288
min_vuln_weighted,420032413003,25,Brighton Heights Pool Guard Room,5330.134553180193
min_worst_case,420031702004,3,South Side Senior Center,1486.631536287512
min_worst_case,420034530043,2,Sheraden Senior Center,14738.447599662191
min_worst_case,420035639003,1,Homewood Senior Center,7471.5766824060975
min_worst_case,420034690003,2,Sheraden Senior Center,4833.618004206787
min_worst_case,420032904004,3,South Side Senior Center,4824.723406545987
min_worst_case,420034886003,0,Greenfield Senior Center,13133.30193055895
min_worst_case,420035644004,1,Homewood Senior Center,16102.847195379432
min_worst_case,420035213024,1,Homewood Senior Center,13518.93581520814
min_worst_case,420035639001,1,Homewood Senior Center,9070.48666206327
min_worst_case,420030901002,3,South Side Senior Center,7288.783990636862
min_worst_case,420035645001,0,Greenfield Senior Center,21287.639269760664
min_worst_case,420035645002,0,Greenfield Senior Center,22658.264532611345
min_worst_case,420034970001,0,Greenfield Senior Center,20104.79137539541
min_worst_case,420034962003,0,Greenfield Senior Center,24473.21489420764
min_worst_case,420034212002,1,Homewood Senior Center,7180.220474725124
min_worst_case,420034721001,4,Mount Washington Senior Center,5384.331504330645
min_worst_case,420035614004,1,Homewood Senior Center,3637.3832855858714
min_worst_case,420035639004,1,Homewood Senior Center,6701.195884046556
min_worst_case,420034782002,3,South Side Senior Center,7183.037555492004
min_worst_case,420034846001,0,Greenfield Senior Center,6507.261128528467
min_worst_case,420035638004,2,Sheraden Senior Center,15085.411289127276
min_worst_case,420035644002,1,Homewood Senior Center,16612.790551478025
min_worst_case,420034994003,0,Greenfield Senior Center,14895.914841477148
min_worst_case,420035623001,0,Greenfield Senior Center,2699.7204305833443
min_worst_case,420034884002,0,Greenfield Senior Center,11952.116862508416
min_worst_case,420035631001,4,Mount Washington Senior Center,3413.114066314215
min_worst_case,420031517005,0,Greenfield Senior Center,667.6623426068006
min_worst_case,420035644001,1,Homewood Senior Center,17810.658536774943
min_worst_case,420034884003,0,Greenfield Senior Center,12518.162151608389
min_worst_case,420034885001,0,Greenfield Senior Center,8823.843549769052
min_worst_case,420035630003,2,Sheraden Senior Center,1637.4907638067682
min_worst_case,420033001005,4,Mount Washington Senior Center,3425.3462262581747
min_worst_case,420035624003,4,Mount Washington Senior Center,1659.4432148150986
min_worst_case,420034762003,4,Mount Washington Senior Center,10139.179765908217
min_worst_case,420035631002,2,Sheraden Senior Center,3364.453616329444
min_worst_case,420034752001,4,Mount Washington Senior Center,17045.252492525902
min_worst_case,420035644005,1,Homewood Senior Center,14921.76764980186
min_worst_case,420034722002,4,Mount Washington Senior Center,6486.534747752991
min_worst_case,420034731002,4,Mount Washington Senior Center,7420.108798435987
min_worst_case,420035644006,1,Homewood Senior Center,15164.042307862268
min_worst_case,420034882001,0,Greenfield Senior Center,8460.720514535982
min_worst_case,420035523002,0,Greenfield Senior Center,15297.325216093344
min_worst_case,420031915002,4,Mount Washington Senior Center,977.2925681759094
min_worst_case,420031914002,4,Mount Washington Senior Center,858.2953016522029
min_worst_case,420039809001,2,Sheraden Senior Center,2317.065102572378
min_worst_case,420034751021,4,Mount Washington Senior Center,13749.74879119152
min_worst_case,420034753014,4,Mount Washington Senior Center,15195.358974285666
min_worst_case,420031911001,4,Mount Washington Senior Center,1654.844625372472
min_worst_case,420034782003,3,South Side Senior Center,6009.287559205613
min_worst_case,420034869001,0,Greenfield Senior Center,12663.252411189616
min_worst_case,420034869002,0,Greenfield Senior Center,13199.232337951882
min_worst_case,420034870001,0,Greenfield Senior Center,11322.320171057616
min_worst_case,420034881002,0,Greenfield Senior Center,8075.258204145707
min_worst_case,420034882002,0,Greenfield Senior Center,9070.159286969369
min_worst_case,420034882003,0,Greenfield Senior Center,7564.556247817456
min_worst_case,420034884001,0,Greenfield Senior Center,11013.71327975051
min_worst_case,420032509001,4,Mount Washington Senior Center,4482.524343405915
min_worst_case,420032614004,4,Mount Washington Senior Center,5556.529132569969
min_worst_case,420035625003,2,Sheraden Senior Center,446.8509752846816
min_worst_case,420035523003,0,Greenfield Senior Center,15289.007432348984
min_worst_case,420034270002,3,South Side Senior Center,7608.183876721806
min_worst_case,420035639002,1,Homewood Senior Center,8043.038368511519
min_worst_case,420034993001,0,Greenfield Senior Center,14069.891323975904
min_worst_case,420035234001,1,Homewood Senior Center,6660.919336003612
min_worst_case,420035190003,1,Homewood Senior Center,5635.917107267723
min_worst_case,420035628001,2,Sheraden Senior Center,5413.501771340255
min_worst_case,420034643002,2,Sheraden Senior Center,1946.484325976557
min_worst_case,420034141014,1,Homewood Senior Center,21986.984940948223
min_worst_case,420031414005,0,Greenfield Senior Center,1358.0932727443926
min_worst_case,420032614001,2,Sheraden Senior Center,4626.171510229467
min_worst_case,420035628002,2,Sheraden Senior Center,4196.572670692092
min_worst_case,420035234003,1,Homewood Senior Center,6009.243955117701
min_worst_case,420035234004,1,Homewood Senior Center,7019.590403893238
min_worst_case,420034884004,0,Greenfield Senior Center,11878.711547836809
min_worst_case,420034511042,2,Sheraden Senior Center,24722.785846736053
min_worst_case,420034511022,2,Sheraden Senior Center,18438.570802258422
min_worst_case,420035633002,2,Sheraden Senior Center,18414.800712744825
min_worst_case,420034706001,2,Sheraden Senior Center,9376.316492912329
min_worst_case,420034741021,4,Mount Washington Senior Center,13881.65084173431
min_worst_case,420034900031,3,South Side Senior Center,16475.30644188086
min_worst_case,420034900023,3,South Side Senior Center,18061.637381630753
min_worst_case,420034900022,3,South Side Senior Center,19588.479581611355
min_worst_case,420031306001,1,Homewood Senior Center,1639.16532461138
min_worst_case,420035623003,0,Greenfield Senior Center,2178.050851666594
min_worst_case,420031018002,1,Homewood Senior Center,6393.989222345274
min_worst_case,420030802002,0,Greenfield Senior Center,5683.570605883341
min_worst_case,420035261014,1,Homewood Senior Center,14090.878530496157
min_worst_case,420031414004,0,Greenfield Senior Center,2262.7856346385606
min_worst_case,420032023004,4,Mount Washington Senior Center,3899.4722820463785
min_worst_case,420032708003,2,Sheraden Senior Center,5424.771637197857
min_worst_case,420034271003,1,Homewood Senior Center,12011.790459840262
min_worst_case,420035642003,0,Greenfield Senior Center,19759.760852447085
min_worst_case,420034530042,2,Sheraden Senior Center,17359.38858100792
min_worst_case,420034600021,2,Sheraden Senior Center,4675.49640172126
min_worst_case,420035200011,1,Homewood Senior Center,9511.792209045843
min_worst_case,420034530044,2,Sheraden Senior Center,18566.67204924305
min_worst_case,420032620003,4,Mount Washington Senior Center,5917.50674348415
min_worst_case,420034250003,1,Homewood Senior Center,8404.444213390174
min_worst_case,420034480001,2,Sheraden Senior Center,23587.125464096705
min_worst_case,420034250001,1,Homewood Senior Center,8826.293161603551
min_worst_case,420034250002,1,Homewood Senior Center,9370.427646522072
min_worst_case,420034490001,2,Sheraden Senior Center,24040.876620122435
min_worst_case,420034507001,2,Sheraden Senior Center,13269.85462982469
min_worst_case,420034507002,2,Sheraden Senior Center,14459.699251228838
min_worst_case,420034250004,1,Homewood Senior Center,7764.979756940633
min_worst_case,420034263001,1,Homewood Senior Center,15012.350933249742
min_worst_case,420034263003,2,Sheraden Senior Center,15960.684994302948
min_worst_case,420034511021,2,Sheraden Senior Center,18030.76672611188
min_worst_case,420034264001,1,Homewood Senior Center,12599.753769347844
min_worst_case,420034264002,1,Homewood Senior Center,11305.31319136031
min_worst_case,420034264003,1,Homewood Senior Center,10167.037935384747
min_worst_case,420034267001,1,Homewood Senior Center,8480.844196205328
min_worst_case,420034592011,2,Sheraden Senior Center,5975.278175635613
min_worst_case,420034610001,2,Sheraden Senior Center,9545.469695330705
min_worst_case,420034621001,2,Sheraden Senior Center,4151.504194568792
min_worst_case,420034240004,1,Homewood Senior Center,7054.027464446118
min_worst_case,420034267002,1,Homewood Senior Center,10632.46375048658
min_worst_case,420034268001,1,Homewood Senior Center,14830.277989713752
min_worst_case,420034270001,4,Mount Washington Senior Center,9454.223469921048
min_worst_case,420034270003,4,Mount Washington Senior Center,8234.686288090192
min_worst_case,420034550001,2,Sheraden Senior Center,16435.33200168228
min_worst_case,420034560042,2,Sheraden Senior Center,20454.251428449137
min_worst_case,420034571001,2,Sheraden Senior Center,14811.204154655514
min_worst_case,420034571002,2,Sheraden Senior Center,15154.198580884084
min_worst_case,420034572001,4,Mount Washington Senior Center,14392.200130041156
min_worst_case,420034572002,4,Mount Washington Senior Center,14461.665990402722
min_worst_case,420034294002,2,Sheraden Senior Center,11984.571441155102
min_worst_case,420034272002,4,Mount Washington Senior Center,10593.828075196509
min_worst_case,420034281001,4,Mount Washington Senior Center,7254.058811894739
min_worst_case,420034281002,4,Mount Washington Senior Center,6605.348198965786
min_worst_case,420034572003,4,Mount Washington Senior Center,14926.293532143114
min_worst_case,420034572004,4,Mount Washington Senior Center,15627.338849290203
min_worst_case,420034591011,2,Sheraden Senior Center,10575.474236251865
min_worst_case,420034282001,4,Mount Washington Senior Center,8931.099635764274
min_worst_case,420034282002,2,Sheraden Senior Center,7916.3526093344435
min_worst_case,420034292021,2,Sheraden Senior Center,13506.690415803943
min_worst_case,420034293001,2,Sheraden Senior Center,13412.784688218226
min_worst_case,420034508001,2,Sheraden Senior Center,15754.613600760367
min_worst_case,420034508003,2,Sheraden Senior Center,15523.313912970149
min_worst_case,420034293003,2,Sheraden Senior Center,10252.279228356294
min_worst_case,420034293004,2,Sheraden Senior Center,12593.533853832332
min_worst_case,420034294001,2,Sheraden Senior Center,13189.451113465851
min_worst_case,420034294003,2,Sheraden Senior Center,10864.441671425291
min_worst_case,420034294004,2,Sheraden Senior Center,10981.548401131931
min_worst_case,420034295001,2,Sheraden Senior Center,13937.125769857215
min_worst_case,420034295002,2,Sheraden Senior Center,12919.611829821722
min_worst_case,420034296002,2,Sheraden Senior Center,6950.98443510252
min_worst_case,420034297002,2,Sheraden Senior Center,6008.995875459935
min_worst_case,420034301001,2,Sheraden Senior Center,9627.28397693744
min_worst_case,420035626001,2,Sheraden Senior Center,3223.183922338063
min_worst_case,420035624002,4,Mount Washington Senior Center,2252.334211959419
min_worst_case,420034301002,2,Sheraden Senior Center,9094.976952870493
min_worst_case,420034302001,2,Sheraden Senior Center,10233.39233113796
min_worst_case,420034302002,2,Sheraden Senior Center,9560.60593708235
min_worst_case,420034302003,2,Sheraden Senior Center,9651.161168784372
min_worst_case,420034302004,2,Sheraden Senior Center,9444.266633651916
min_worst_case,420034302005,2,Sheraden Senior Center,8904.416730044632
min_worst_case,420035619002,1,Homewood Senior Center,1473.5794518559144
min_worst_case,420039818001,1,Homewood Senior Center,3388.3802322563497
min_worst_case,420035642001,0,Greenfield Senior Center,23359.418565585125
min_worst_case,420034639003,2,Sheraden Senior Center,2151.834992065169
min_worst_case,420035625001,2,Sheraden Senior Center,873.4584061403996
min_worst_case,420035641002,2,Sheraden Senior Center,4234.336108374256
min_worst_case,420034626003,2,Sheraden Senior Center,3704.808459477617
min_worst_case,420035620002,3,South Side Senior Center,4813.633302156793
min_worst_case,420031516002,0,Greenfield Senior Center,1072.6629216675665
min_worst_case,420034773004,3,South Side Senior Center,9769.3517394895
min_worst_case,420034782001,3,South Side Senior Center,8517.617317459217
min_worst_case,420034013002,1,Homewood Senior Center,29969.3757974442
min_worst_case,420035644003,1,Homewood Senior Center,15679.83882224922
min_worst_case,420034592014,2,Sheraden Senior Center,6970.505614361481
min_worst_case,420034513002,2,Sheraden Senior Center,13946.54412979374
min_worst_case,420035640003,2,Sheraden Senior Center,22327.517088629193
min_worst_case,420034705011,4,Mount Washington Senior Center,6935.509305078968
min_worst_case,420034741022,4,Mount Washington Senior Center,15974.200695416032
min_worst_case,420034511051,2,Sheraden Senior Center,18995.605854529294
min_worst_case,420035638005,2,Sheraden Senior Center,16423.99888466333
min_worst_case,420034742033,4,Mount Washington Senior Center,18908.59950994697
min_worst_case,420035240002,1,Homewood Senior Center,8529.050060276917
min_worst_case,420035236003,1,Homewood Senior Center,9585.45035053702
min_worst_case,420034845003,0,Greenfield Senior Center,6675.646762934549
min_worst_case,420034060002,34,Highland Park Pool Building,31191.88008196926
min_worst_case,420034742021,4,Mount Washington Senior Center,19215.094881008357
min_worst_case,420034011001,34,Highland Park Pool Building,32479.135118132785
min_worst_case,420034845002,0,Greenfield Senior Center,7263.673971522353
min_worst_case,420034900021,4,Mount Washington Senior Center,19875.582473224353
min_worst_case,420034890024,3,South Side Senior Center,13611.11322096695
min_worst_case,420034324003,2,Sheraden Senior Center,6201.467165799534
min_worst_case,420034460001,2,Sheraden Senior Center,20641.373158134593
min_worst_case,420031106002,1,Homewood Senior Center,3652.183264967299
min_worst_case,420035154013,1,Homewood Senior Center,3841.594430903593
min_worst_case,420035620003,3,South Side Senior Center,3750.3756643328743
min_worst_case,420030902003,3,South Side Senior Center,6283.225539687556
min_worst_case,420031011003,1,Homewood Senior Center,6977.712111084537
min_worst_case,420035524001,0,Greenfield Senior Center,16795.979856387235
min_worst_case,420035524002,0,Greenfield Senior Center,17163.1242536333
min_worst_case,420035604002,1,Homewood Senior Center,2209.317650885034
min_worst_case,420034311001,2,Sheraden Senior Center,5520.644585338198
min_worst_case,420034311002,2,Sheraden Senior Center,4808.526378437716
min_worst_case,420034314001,2,Sheraden Senior Center,6903.651121570458
min_worst_case,420034315002,2,Sheraden Senior Center,6092.789506821866
min_worst_case,420034323001,2,Sheraden Senior Center,7413.181926090983
min_worst_case,420034323002,2,Sheraden Senior Center,6727.236415909529
min_worst_case,420035642002,0,Greenfield Senior Center,20601.485441136152
min_worst_case,420030409003,3,South Side Senior Center,1940.76271158817
min_worst_case,420034890023,3,South Side Senior Center,14253.615064725584
min_worst_case,420030201005,4,Mount Washington Senior Center,2525.5496342737315
min_worst_case,420030603001,3,South Side Senior Center,5601.429355857068
min_worst_case,420031608001,3,South Side Senior Center,651.212989928802
min_worst_case,420034340001,2,Sheraden Senior Center,7795.391387555478
min_worst_case,420034340002,2,Sheraden Senior Center,7826.056284100974
min_worst_case,420034350001,2,Sheraden Senior Center,9419.866482391924
min_worst_case,420034350002,2,Sheraden Senior Center,9041.32925432096
min_worst_case,420032904003,3,South Side Senior Center,6130.525585587882
min_worst_case,420035644007,1,Homewood Senior Center,17417.641762783976
min_worst_case,420035154011,1,Homewood Senior Center,4699.508576049417
min_worst_case,420035154012,0,Greenfield Senior Center,4335.700657685925
min_worst_case,420035220001,1,Homewood Senior Center,15346.919623879943
min_worst_case,420035220002,1,Homewood Senior Center,14893.988363219853
min_worst_case,420034705012,4,Mount Washington Senior Center,7687.432533606938
min_worst_case,420034455001,2,Sheraden Senior Center,17588.616667081296
min_worst_case,420035605001,1,Homewood Senior Center,2523.406436344717
min_worst_case,420035614001,1,Homewood Senior Center,4242.81759352168
min_worst_case,420034455002,2,Sheraden Senior Center,18894.735050689917
min_worst_case,420034455003,2,Sheraden Senior Center,17931.66597907446
min_worst_case,420034460002,2,Sheraden Senior Center,20869.299890259008
min_worst_case,420034470001,2,Sheraden Senior Center,23601.831162000104
min_worst_case,420035614002,1,Homewood Senior Center,3553.664202425194
min_worst_case,420035614003,1,Homewood Senior Center,3255.069444356434
min_worst_case,420035615001,1,Homewood Senior Center,3842.94575728122
min_worst_case,420034591021,2,Sheraden Senior Center,8283.245312298004
min_worst_case,420035615002,1,Homewood Senior Center,4070.762736706384
min_worst_case,420035615003,1,Homewood Senior Center,2973.1963310954407
min_worst_case,420031916004,4,Mount Washington Senior Center,2924.8864982158043
min_worst_case,420034292012,2,Sheraden Senior Center,13664.518126036086
min_worst_case,420034592021,2,Sheraden Senior Center,6251.133359602186
min_worst_case,420034911012,0,Greenfield Senior Center,18227.70314851774
min_worst_case,420034643003,2,Sheraden Senior Center,1678.811371917895
min_worst_case,420034881001,0,Greenfield Senior Center,7352.667501388093
min_worst_case,420034900043,3,South Side Senior Center,21039.90853655557
min_worst_case,420034912001,0,Greenfield Senior Center,16615.727966627554
min_worst_case,420034961022,0,Greenfield Senior Center,25726.952658280443
min_worst_case,420035140001,1,Homewood Senior Center,6958.145922711514
min_worst_case,420035214023,1,Homewood Senior Center,18235.35457863533
min_worst_case,420035233004,1,Homewood Senior Center,6047.415253928998
min_worst_case,420035263012,1,Homewood Senior Center,18914.42889147744
min_worst_case,420035520001,0,Greenfield Senior Center,15478.349460817431
min_worst_case,420039807001,4,Mount Washington Senior Center,1160.372389044513
min_worst_case,420035627001,4,Mount Washington Senior Center,3090.3725650117813
min_worst_case,420032615002,2,Sheraden Senior Center,4636.229860453799
min_worst_case,420030709003,0,Greenfield Senior Center,3635.259036765842
min_worst_case,420039806001,2,Sheraden Senior Center,3189.829611394658
min_worst_case,420034268003,1,Homewood Senior Center,12653.493023389432
min_worst_case,420031903002,4,Mount Washington Senior Center,878.5962909907836
min_worst_case,420031517003,0,Greenfield Senior Center,361.09688579876297
min_worst_case,420031517004,0,Greenfield Senior Center,395.0787356472627
min_worst_case,420031609002,3,South Side Senior Center,767.5133624399675
min_worst_case,420031702001,4,Mount Washington Senior Center,1848.974495627641
min_worst_case,420031702003,3,South Side Senior Center,2120.079556478761
min_worst_case,420031706001,3,South Side Senior Center,2065.4837200569323
min_worst_case,420031706002,3,South Side Senior Center,1989.1105309882375
min_worst_case,420031807003,4,Mount Washington Senior Center,1297.4082061714885
min_worst_case,420031903001,4,Mount Washington Senior Center,923.4421063948738
min_worst_case,420031916002,4,Mount Washington Senior Center,2517.506197613299
min_worst_case,420031916005,4,Mount Washington Senior Center,3343.9522365672683
min_worst_case,420031917001,4,Mount Washington Senior Center,3694.169011552278
min_worst_case,420031917002,4,Mount Washington Senior Center,4208.346504036532
min_worst_case,420031918002,4,Mount Washington Senior Center,5905.838201764178
min_worst_case,420031918004,4,Mount Washington Senior Center,5612.528426160111
min_worst_case,420031918005,4,Mount Washington Senior Center,6549.330200214121
min_worst_case,420031918006,4,Mount Washington Senior Center,6328.022346313344
min_worst_case,420031918007,4,Mount Washington Senior Center,5760.425778863865
min_worst_case,420031919001,4,Mount Washington Senior Center,4869.086320805609
min_worst_case,420031919002,4,Mount Washington Senior Center,5216.176651404994
min_worst_case,420031919003,4,Mount Washington Senior Center,5252.428046469121
min_worst_case,420035261013,1,Homewood Senior Center,15590.133247571226
min_worst_case,420034135002,2,Sheraden Senior Center,18359.94140149573
min_worst_case,420034020002,1,Homewood Senior Center,27847.56553415825
min_worst_case,420035214011,1,Homewood Senior Center,17763.379905426376
min_worst_case,420031918001,4,Mount Washington Senior Center,5587.519326276711
min_worst_case,420034271002,2,Sheraden Senior Center,13492.99532145082
min_worst_case,420030806002,0,Greenfield Senior Center,4920.880216165192
min_worst_case,420035233002,1,Homewood Senior Center,7128.543420807202
min_worst_case,420031403002,0,Greenfield Senior Center,2634.1270747084664
min_worst_case,420031609001,3,South Side Senior Center,903.6852488142652
min_worst_case,420031803001,4,Mount Washington Senior Center,1705.1620571789815
min_worst_case,420031803002,4,Mount Washington Senior Center,2146.8757095583023
min_worst_case,420031803003,4,Mount Washington Senior Center,2309.335960382938
min_worst_case,420031807002,4,Mount Washington Senior Center,1089.1025087785952
min_worst_case,420034012004,1,Homewood Senior Center,28711.959535804683
min_worst_case,420034013001,1,Homewood Senior Center,30370.21322657892
min_worst_case,420034220002,1,Homewood Senior Center,8645.628463900619
min_worst_case,420034220003,1,Homewood Senior Center,6260.943220824684
min_worst_case,420034134003,2,Sheraden Senior Center,16523.135764196933
min_worst_case,420031911002,4,Mount Washington Senior Center,2335.95943465605
min_worst_case,420031914001,4,Mount Washington Senior Center,224.5058236146433
min_worst_case,420032614002,4,Mount Washington Senior Center,4671.203056161042
min_worst_case,420032701001,2,Sheraden Senior Center,4647.427882314179
min_worst_case,420032701002,2,Sheraden Senior Center,4094.873398811055
min_worst_case,420032703001,2,Sheraden Senior Center,4103.630283789904
min_worst_case,420032708001,2,Sheraden Senior Center,5238.915614137552
min_worst_case,420034804001,3,South Side Senior Center,5517.188003362542
min_worst_case,420034927002,0,Greenfield Senior Center,16898.2226079784
min_worst_case,420032708002,2,Sheraden Senior Center,4714.826790786893
min_worst_case,420035638003,2,Sheraden Senior Center,12687.392515696802
min_worst_case,420032902005,3,South Side Senior Center,3677.980088948022
min_worst_case,420033102001,0,Greenfield Senior Center,7305.618666045153
min_worst_case,420033102002,0,Greenfield Senior Center,8712.832787764655
min_worst_case,420033204001,3,South Side Senior Center,6632.786693151313
min_worst_case,420033204002,3,South Side Senior Center,5822.981066878636
min_worst_case,420033206001,4,Mount Washington Senior Center,4729.641901955022
min_worst_case,420034961023,0,Greenfield Senior Center,29941.280783224945
min_worst_case,420035523001,0,Greenfield Senior Center,14897.426223083894
min_worst_case,420034012001,1,Homewood Senior Center,29626.339028296763
min_worst_case,420034012002,1,Homewood Senior Center,30047.09106610246
min_worst_case,420034012003,1,Homewood Senior Center,28576.53154499083
min_worst_case,420034070011,1,Homewood Senior Center,27568.549802905254
min_worst_case,420034070013,1,Homewood Senior Center,27796.805713595
min_worst_case,420034070024,1,Homewood Senior Center,21681.90773591723
min_worst_case,420034080011,1,Homewood Senior Center,27995.44064014188
min_worst_case,420034080022,1,Homewood Senior Center,25389.208593310817
min_worst_case,420030203001,4,Mount Washington Senior Center,4607.074302829214
min_worst_case,420030305001,4,Mount Washington Senior Center,3289.6645982877426
min_worst_case,420030305002,3,South Side Senior Center,2926.085223667684
min_worst_case,420030506001,3,South Side Senior Center,4643.1273175434
min_worst_case,420030506002,3,South Side Senior Center,4052.498182572287
min_worst_case,420030509001,3,South Side Senior Center,4055.433862883044
min_worst_case,420030510001,3,South Side Senior Center,2701.7153901148768
min_worst_case,420034315004,2,Sheraden Senior Center,4978.005122513254
min_worst_case,420035604001,1,Homewood Senior Center,1646.2479521506489
min_worst_case,420030802001,0,Greenfield Senior Center,5313.688053010989
min_worst_case,420030804001,0,Greenfield Senior Center,4861.444071547635
min_worst_case,420030804002,0,Greenfield Senior Center,4632.170505811148
min_worst_case,420030806001,1,Homewood Senior Center,5123.230194506882
min_worst_case,420030807001,1,Homewood Senior Center,4495.834832925264
min_worst_case,420030807002,1,Homewood Senior Center,4593.7726215902685
min_worst_case,420030809001,0,Greenfield Senior Center,5609.5326798854185
min_worst_case,420030809002,1,Homewood Senior Center,5359.686685821192
min_worst_case,420032814001,2,Sheraden Senior Center,797.0780752405528
min_worst_case,420032815001,2,Sheraden Senior Center,2247.8472906049756
min_worst_case,420032901001,4,Mount Washington Senior Center,4339.513551679795
min_worst_case,420034011004,1,Homewood Senior Center,31767.13064623493
min_worst_case,420034132022,2,Sheraden Senior Center,17056.589163506822
min_worst_case,420034150022,1,Homewood Senior Center,13160.91277326909
min_worst_case,420034211002,1,Homewood Senior Center,7517.81669361479
min_worst_case,420034211004,1,Homewood Senior Center,5471.768936817136
min_worst_case,420034212001,1,Homewood Senior Center,8335.595719383655
min_worst_case,420034220001,1,Homewood Senior Center,12066.57212167948
min_worst_case,420034133001,2,Sheraden Senior Center,15743.81674026894
min_worst_case,420034133002,2,Sheraden Senior Center,15162.536978313108
min_worst_case,420034134001,2,Sheraden Senior Center,16674.139412464403
min_worst_case,420034134002,2,Sheraden Senior Center,15816.940143245203
min_worst_case,420034160001,1,Homewood Senior Center,17129.532162639498
min_worst_case,420034160002,1,Homewood Senior Center,18512.76081371163
min_worst_case,420034171001,1,Homewood Senior Center,17860.077194929607
min_worst_case,420034171003,1,Homewood Senior Center,17096.63769642639
min_worst_case,420034172001,1,Homewood Senior Center,17194.963763266183
min_worst_case,420034230001,1,Homewood Senior Center,5875.404394329816
min_worst_case,420034230002,1,Homewood Senior Center,4844.789065896409
min_worst_case,420034230003,1,Homewood Senior Center,5085.99733851533
min_worst_case,420034240001,1,Homewood Senior Center,6092.696512593191
min_worst_case,420034200001,1,Homewood Senior Center,6304.423711478941
min_worst_case,420034035003,1,Homewood Senior Center,26273.586295957288
min_worst_case,420034135003,2,Sheraden Senior Center,18339.625612123287
min_worst_case,420034141011,1,Homewood Senior Center,22519.85831226684
min_worst_case,420034141013,1,Homewood Senior Center,21229.61350372133
min_worst_case,420034142002,2,Sheraden Senior Center,17421.277639294323
min_worst_case,420034190002,1,Homewood Senior Center,15820.132604634127
min_worst_case,420034190003,1,Homewood Senior Center,13385.59940312106
min_worst_case,420034211001,1,Homewood Senior Center,9717.003390476084
min_worst_case,420034180001,1,Homewood Senior Center,16040.81479587217
min_worst_case,420034020003,1,Homewood Senior Center,27337.26744867109
min_worst_case,420034035001,1,Homewood Senior Center,25844.489367709357
min_worst_case,420034035002,1,Homewood Senior Center,26539.552511825575
min_worst_case,420031401002,0,Greenfield Senior Center,2386.2844895541575
min_worst_case,420034035004,1,Homewood Senior Center,26076.302538762215
min_worst_case,420034035005,1,Homewood Senior Center,25005.0926074497
min_worst_case,420034040001,1,Homewood Senior Center,22712.63740388776
min_worst_case,420034050001,1,Homewood Senior Center,24103.192676355455
min_worst_case,420031402001,1,Homewood Senior Center,3531.4575421321747
min_worst_case,420031402002,0,Greenfield Senior Center,3368.229140250862
min_worst_case,420031403003,0,Greenfield Senior Center,3032.0380439367254
min_worst_case,420031404001,1,Homewood Senior Center,2175.719937194446
min_worst_case,420031404002,1,Homewood Senior Center,2677.8116526933172
min_worst_case,420034885003,3,South Side Senior Center,10981.852852109874
min_worst_case,420035638002,2,Sheraden Senior Center,14750.36151173686
min_worst_case,420039822001,3,South Side Senior Center,3292.3295915060366
min_worst_case,420035630001,2,Sheraden Senior Center,3158.605875833942
min_worst_case,420034772004,3,South Side Senior Center,8828.085510361318
min_worst_case,420034773002,3,South Side Senior Center,8188.933126181344
min_worst_case,420035624001,4,Mount Washington Senior Center,3296.0154307789417
min_worst_case,420034731001,4,Mount Washington Senior Center,6639.577625736727
min_worst_case,420034731003,4,Mount Washington Senior Center,7665.4900740853645
min_worst_case,420034734011,4,Mount Washington Senior Center,8980.991224829526
min_worst_case,420035213022,1,Homewood Senior Center,13162.233249615154
min_worst_case,420035620001,0,Greenfield Senior Center,4175.145856171614
min_worst_case,420034772003,3,South Side Senior Center,10331.208648917664
min_worst_case,420034843003,0,Greenfield Senior Center,4532.856731967597
min_worst_case,420034706002,2,Sheraden Senior Center,8922.647621857477
min_worst_case,420034710001,2,Sheraden Senior Center,9991.779338802273
min_worst_case,420034721002,4,Mount Washington Senior Center,5392.682317492693
min_worst_case,420034722001,4,Mount Washington Senior Center,6013.491785599492
min_worst_case,420034723001,4,Mount Washington Senior Center,5825.853734087224
min_worst_case,420034723002,4,Mount Washington Senior Center,6208.717762630286
min_worst_case,420034724001,4,Mount Washington Senior Center,6743.43719087933
min_worst_case,420034724002,4,Mount Washington Senior Center,7091.442405258847
min_worst_case,420034781001,3,South Side Senior Center,6593.744379046968
min_worst_case,420034781002,3,South Side Senior Center,7292.379701836579
min_worst_case,420034781003,3,South Side Senior Center,8205.015391383053
min_worst_case,420034731004,4,Mount Washington Senior Center,7519.5182999542385
min_worst_case,420034731005,4,Mount Washington Senior Center,7050.518327832587
min_worst_case,420034732001,4,Mount Washington Senior Center,7832.772890948269
min_worst_case,420034732002,4,Mount Washington Senior Center,8145.066290278533
min_worst_case,420034732003,4,Mount Washington Senior Center,8649.572663016923
min_worst_case,420034781004,3,South Side Senior Center,7143.86292687336
min_worst_case,420030709004,0,Greenfield Senior Center,4159.501309225367
min_worst_case,420034733001,4,Mount Washington Senior Center,6732.811273091149
min_worst_case,420034733002,4,Mount Washington Senior Center,7636.623258262573
min_worst_case,420034733003,4,Mount Washington Senior Center,8365.285640128624
min_worst_case,420034733004,4,Mount Washington Senior Center,8298.636201214742
min_worst_case,420034790001,4,Mount Washington Senior Center,6956.792761024031
min_worst_case,420034801011,3,South Side Senior Center,11384.145359136628
min_worst_case,420034801012,3,South Side Senior Center,12555.357458111475
min_worst_case,420034801013,3,South Side Senior Center,11705.6086718751
min_worst_case,420034801014,3,South Side Senior Center,12317.894376265269
min_worst_case,420034801021,3,South Side Senior Center,11525.20701021388
min_worst_case,420034890021,3,South Side Senior Center,12350.671102565497
min_worst_case,420035645003,0,Greenfield Senior Center,22427.6577352144
min_worst_case,420039805001,0,Greenfield Senior Center,1591.6980757775505
min_worst_case,420034773003,3,South Side Senior Center,9011.165207783424
min_worst_case,420034733005,4,Mount Washington Senior Center,7826.7922471617185
min_worst_case,420034734012,4,Mount Washington Senior Center,8661.020344398556
min_worst_case,420034802003,3,South Side Senior Center,11002.466693251505
min_worst_case,420034734013,4,Mount Washington Senior Center,8810.96897466334
min_worst_case,420034734014,4,Mount Washington Senior Center,9726.606633578922
min_worst_case,420034734021,4,Mount Washington Senior Center,11451.549988221848
min_worst_case,420034801022,3,South Side Senior Center,12142.496986381477
min_worst_case,420034801023,3,South Side Senior Center,12383.063986938969
min_worst_case,420035619001,1,Homewood Senior Center,2317.4923202054974
min_worst_case,420034734022,4,Mount Washington Senior Center,9958.007443201566
min_worst_case,420034734023,4,Mount Washington Senior Center,10881.29575498153
min_worst_case,420034735001,4,Mount Washington Senior Center,9529.376497399502
min_worst_case,420034735002,4,Mount Washington Senior Center,10457.142303846147
min_worst_case,420032614003,2,Sheraden Senior Center,5318.001824840801
min_worst_case,420031920002,4,Mount Washington Senior Center,4491.783052380621
min_worst_case,420031517006,0,Greenfield Senior Center,507.7711901065992
min_worst_case,420031414002,0,Greenfield Senior Center,1709.901864782424
min_worst_case,420034705022,4,Mount Washington Senior Center,8516.561667093441
min_worst_case,420034843002,0,Greenfield Senior Center,5783.708932458454
min_worst_case,420034626001,2,Sheraden Senior Center,2913.069753053647
min_worst_case,420034639002,2,Sheraden Senior Center,1976.3436264584864
min_worst_case,420034621002,2,Sheraden Senior Center,6151.981626338076
min_worst_case,420034621003,2,Sheraden Senior Center,4223.0565338212145
min_worst_case,420034626004,2,Sheraden Senior Center,3063.5976701173327
min_worst_case,420034706003,2,Sheraden Senior Center,8956.87315887933
min_worst_case,420035236002,1,Homewood Senior Center,8094.540338878513
min_worst_case,420034890022,3,South Side Senior Center,13110.044996403589
min_worst_case,420034736011,4,Mount Washington Senior Center,8643.61533020923
min_worst_case,420034736012,4,Mount Washington Senior Center,8884.359034028506
min_worst_case,420034736021,4,Mount Washington Senior Center,10141.470940591907
min_worst_case,420034803002,3,South Side Senior Center,4389.168919504314
min_worst_case,420034736022,4,Mount Washington Senior Center,10868.684564738289
min_worst_case,420034736023,4,Mount Washington Senior Center,11458.389246813202
min_worst_case,420034741011,4,Mount Washington Senior Center,12227.13802528467
min_worst_case,420034742031,4,Mount Washington Senior Center,17116.179703648715
min_worst_case,420034742032,4,Mount Washington Senior Center,19127.394951887338
min_worst_case,420034751011,4,Mount Washington Senior Center,11613.3957708506
min_worst_case,420034845001,0,Greenfield Senior Center,7737.789756904169
min_worst_case,420034845004,0,Greenfield Senior Center,6305.355543913964
min_worst_case,420034751012,4,Mount Washington Senior Center,11970.448905705489
min_worst_case,420034751013,4,Mount Washington Senior Center,13106.010195491255
min_worst_case,420034751014,4,Mount Washington Senior Center,12806.113198330037
min_worst_case,420034752002,4,Mount Washington Senior Center,14523.207951985589
min_worst_case,420031920001,4,Mount Washington Senior Center,3769.4836784906342
min_worst_case,420034600012,2,Sheraden Senior Center,7660.528966400996
min_worst_case,420034293002,2,Sheraden Senior Center,11830.352314208469
min_worst_case,420035180012,1,Homewood Senior Center,5213.091566923421
min_worst_case,420035180011,1,Homewood Senior Center,5321.476647444674
min_worst_case,420035170001,1,Homewood Senior Center,5360.158381509569
min_worst_case,420030201004,4,Mount Washington Senior Center,1801.613839238204
min_worst_case,420034772002,3,South Side Senior Center,8594.491429083186
min_worst_case,420031414001,0,Greenfield Senior Center,1535.1103937640723
min_worst_case,420031018001,1,Homewood Senior Center,5804.986388775788
min_worst_case,420034656002,2,Sheraden Senior Center,2604.5285627368157
min_worst_case,420034753031,4,Mount Washington Senior Center,17468.367849127597
min_worst_case,420034658002,2,Sheraden Senior Center,3489.7150101420007
min_worst_case,420034658003,2,Sheraden Senior Center,4636.357680393951
min_worst_case,420032902001,3,South Side Senior Center,3511.6586261426205
min_worst_case,420034754021,4,Mount Washington Senior Center,16134.276029088442
min_worst_case,420034643001,2,Sheraden Senior Center,2422.5060230326067
min_worst_case,420034644001,2,Sheraden Senior Center,2423.474569017398
min_worst_case,420034752003,4,Mount Washington Senior Center,15533.284086514715
min_worst_case,420034753011,4,Mount Washington Senior Center,14031.90339612084
min_worst_case,420034753012,4,Mount Washington Senior Center,15302.09624859192
min_worst_case,420034753013,4,Mount Washington Senior Center,16271.50637931317
min_worst_case,420034846002,0,Greenfield Senior Center,5670.712714070768
min_worst_case,420034868001,0,Greenfield Senior Center,13181.358728454152
min_worst_case,420034868002,0,Greenfield Senior Center,12036.265013687402
min_worst_case,420034735003,4,Mount Washington Senior Center,11146.579990487342
min_worst_case,420034271001,2,Sheraden Senior Center,11354.807745645809
min_worst_case,420035231004,1,Homewood Senior Center,1624.7852158853527
min_worst_case,420035253002,1,Homewood Senior Center,11567.065116459931
min_worst_case,420034644003,2,Sheraden Senior Center,1599.5881171039534
min_worst_case,420034656001,2,Sheraden Senior Center,2906.4712723549433
min_worst_case,420034753032,4,Mount Washington Senior Center,18374.568499108103
min_worst_case,420034753033,4,Mount Washington Senior Center,18588.943935763804
min_worst_case,420034753041,4,Mount Washington Senior Center,18616.19077929833
min_worst_case,420034850001,0,Greenfield Senior Center,6469.441462682988
min_worst_case,420034867001,0,Greenfield Senior Center,11031.937880821812
min_worst_case,420034802001,3,South Side Senior Center,9058.518195660366
min_worst_case,420031920003,4,Mount Washington Senior Center,4361.169833439165
min_worst_case,420032509002,4,Mount Washington Senior Center,4970.983695626141
min_worst_case,420035041005,1,Homewood Senior Center,14392.076898257115
min_worst_case,420034600011,2,Sheraden Senior Center,8269.8057281826
min_worst_case,420034961011,0,Greenfield Senior Center,23862.485551762755
min_worst_case,420034753042,4,Mount Washington Senior Center,19669.34700634819
min_worst_case,420034753043,4,Mount Washington Senior Center,20083.434725067928
min_worst_case,420034753044,4,Mount Washington Senior Center,18938.820290222226
min_worst_case,420034754011,4,Mount Washington Senior Center,11501.215774446971
min_worst_case,420034754012,4,Mount Washington Senior Center,12912.265944419574
min_worst_case,420034867002,0,Greenfield Senior Center,11681.299566999223
min_worst_case,420032901002,3,South Side Senior Center,4790.241724605428
min_worst_case,420032901003,3,South Side Senior Center,5033.086155680918
min_worst_case,420032902002,3,South Side Senior Center,4781.516503436739
min_worst_case,420032902003,3,South Side Senior Center,4533.637951426857
min_worst_case,420032902004,3,South Side Senior Center,4108.328387157303
min_worst_case,420034135004,2,Sheraden Senior Center,18393.89540684723
min_worst_case,420034141012,1,Homewood Senior Center,19495.767313762077
min_worst_case,420034141023,2,Sheraden Senior Center,21625.32196625201
min_worst_case,420034080013,1,Homewood Senior Center,27688.334999349023
min_worst_case,420034171002,1,Homewood Senior Center,17148.89293773851
min_worst_case,420034264004,1,Homewood Senior Center,12507.426246234838
min_worst_case,420034291001,2,Sheraden Senior Center,9463.088030186527
min_worst_case,420034292011,2,Sheraden Senior Center,14992.348507866687
min_worst_case,420034297001,2,Sheraden Senior Center,7281.693086668182
min_worst_case,420034315003,2,Sheraden Senior Center,5746.466298632259
min_worst_case,420034324001,2,Sheraden Senior Center,6162.859247742857
min_worst_case,420034370002,2,Sheraden Senior Center,15071.592403697628
min_worst_case,420034520003,2,Sheraden Senior Center,22263.257393334883
min_worst_case,420034560032,2,Sheraden Senior Center,17911.111638649363
min_worst_case,420034591022,2,Sheraden Senior Center,7750.666049996928
min_worst_case,420034626002,2,Sheraden Senior Center,3872.755280475296
min_worst_case,420034703001,4,Mount Washington Senior Center,10324.901679332534
min_worst_case,420034592012,2,Sheraden Senior Center,11245.6859668776
min_worst_case,420034950001,0,Greenfield Senior Center,27584.36763764775
min_worst_case,420034687002,2,Sheraden Senior Center,6933.249525398731
min_worst_case,420034688001,2,Sheraden Senior Center,8386.34275694401
min_worst_case,420034688002,2,Sheraden Senior Center,8438.35757833982
min_worst_case,420034688003,2,Sheraden Senior Center,7976.183916939041
min_worst_case,420033206002,4,Mount Washington Senior Center,5394.196677029986
min_worst_case,420033207001,4,Mount Washington Senior Center,6424.009178361725
min_worst_case,420034689001,2,Sheraden Senior Center,7356.506600139577
min_worst_case,420034754013,4,Mount Washington Senior Center,14134.95300440765
min_worst_case,420034754022,4,Mount Washington Senior Center,18183.353490045905
min_worst_case,420034761001,4,Mount Washington Senior Center,7685.121423263969
min_worst_case,420033207002,3,South Side Senior Center,7458.636111949165
min_worst_case,420034011003,1,Homewood Senior Center,31609.883523442055
min_worst_case,420034825001,0,Greenfield Senior Center,4299.714449404634
min_worst_case,420034762001,4,Mount Washington Senior Center,8404.060699091666
min_worst_case,420031411001,0,Greenfield Senior Center,3488.651950373752
min_worst_case,420034761002,4,Mount Washington Senior Center,8332.935729716888
min_worst_case,420035238004,1,Homewood Senior Center,7119.259219845748
min_worst_case,420034689002,2,Sheraden Senior Center,7949.264341041897
min_worst_case,420034761005,4,Mount Washington Senior Center,10676.450922286116
min_worst_case,420034736024,4,Mount Washington Senior Center,10843.873650433172
min_worst_case,420034803003,3,South Side Senior Center,4665.249941522201
min_worst_case,420034843001,0,Greenfield Senior Center,4955.48660828649
min_worst_case,420034890011,3,South Side Senior Center,11907.486132828337
min_worst_case,420034900042,3,South Side Senior Center,19931.707577006913
min_worst_case,420034950002,0,Greenfield Senior Center,31039.12681964398
min_worst_case,420034961021,0,Greenfield Senior Center,25111.356311958574
min_worst_case,420034980002,0,Greenfield Senior Center,16463.578800962037
min_worst_case,420035211003,1,Homewood Senior Center,12326.600384920155
min_worst_case,420035213013,1,Homewood Senior Center,15246.347738739494
min_worst_case,420035213023,1,Homewood Senior Center,13119.85576924864
min_worst_case,420034689003,2,Sheraden Senior Center,8105.613558448769
min_worst_case,420034690002,4,Mount Washington Senior Center,5761.820409559504
min_worst_case,420034761003,4,Mount Washington Senior Center,9069.683071203854
min_worst_case,420034761004,4,Mount Washington Senior Center,9541.090964273948
min_worst_case,420035237024,1,Homewood Senior Center,12181.643259373115
min_worst_case,420034762002,4,Mount Washington Senior Center,9397.948668042603
min_worst_case,420035214021,1,Homewood Senior Center,17326.111642853717
min_worst_case,420035231001,1,Homewood Senior Center,4041.182211675712
min_worst_case,420035232001,1,Homewood Senior Center,4540.780688728936
min_worst_case,420035237021,1,Homewood Senior Center,11605.438270803634
min_worst_case,420035261011,1,Homewood Senior Center,20570.710367345757
min_worst_case,420035261012,1,Homewood Senior Center,16905.50431850694
min_worst_case,420035262012,1,Homewood Senior Center,15985.778600143998
min_worst_case,420035513002,0,Greenfield Senior Center,18326.531285559995
min_worst_case,420030201002,4,Mount Washington Senior Center,2013.0191125930571
min_worst_case,420035240003,1,Homewood Senior Center,9655.349372453338
min_worst_case,420035605002,1,Homewood Senior Center,2937.0347902047574
min_worst_case,420030201001,4,Mount Washington Senior Center,1449.2106509163682
min_worst_case,420034838001,0,Greenfield Senior Center,4418.524847864815
min_worst_case,420030703001,0,Greenfield Senior Center,4114.8342567628915
min_worst_case,420034804003,3,South Side Senior Center,5973.213961212628
min_worst_case,420034810001,3,South Side Senior Center,2325.696626639107
min_worst_case,420034810002,3,South Side Senior Center,2547.683839251395
min_worst_case,420034810003,3,South Side Senior Center,3096.666179301989
min_worst_case,420034810004,3,South Side Senior Center,3061.037332730982
min_worst_case,420030201003,4,Mount Washington Senior Center,1944.564848852896
min_worst_case,420030402002,3,South Side Senior Center,2591.382308949886
min_worst_case,420030404001,0,Greenfield Senior Center,3387.509991103976
min_worst_case,420030405001,3,South Side Senior Center,2824.305219239564
min_worst_case,420030405002,3,South Side Senior Center,2311.5772313041025
min_worst_case,420030510002,3,South Side Senior Center,3225.003985267155
min_worst_case,420030511001,3,South Side Senior Center,2815.097392175769
min_worst_case,420030603002,3,South Side Senior Center,6222.1771695304715
min_worst_case,420030605001,3,South Side Senior Center,4841.62504237143
min_worst_case,420030605002,3,South Side Senior Center,5093.7383267776195
min_worst_case,420034704002,4,Mount Washington Senior Center,12182.123599156126
min_worst_case,420030708002,1,Homewood Senior Center,2727.5813625941796
min_worst_case,420030703002,0,Greenfield Senior Center,3765.284373674284
min_worst_case,420034703002,4,Mount Washington Senior Center,11119.497455399503
min_worst_case,420034704001,4,Mount Washington Senior Center,12083.305496660065
min_worst_case,420032602001,2,Sheraden Senior Center,7123.144715755025
min_worst_case,420032602002,2,Sheraden Senior Center,6486.556603913941
min_worst_case,420032607001,2,Sheraden Senior Center,6479.2009596365415
min_worst_case,420032607002,2,Sheraden Senior Center,6034.277869478192
min_worst_case,420034900041,3,South Side Senior Center,19288.477361091835
min_worst_case,420034704003,4,Mount Washington Senior Center,12672.305440044604
min_worst_case,420034771001,3,South Side Senior Center,9487.880151314408
min_worst_case,420034771002,3,South Side Senior Center,10865.147816315348
min_worst_case,420034771003,4,Mount Washington Senior Center,10513.86433382397
min_worst_case,420034772001,3,South Side Senior Center,7599.807095659703
min_worst_case,420034295003,2,Sheraden Senior Center,11217.520731026976
min_worst_case,420030409001,3,South Side Senior Center,1779.059328671734
min_worst_case,420030409002,3,South Side Senior Center,1698.527567416197
min_worst_case,420030501001,3,South Side Senior Center,3459.1404344548305
min_worst_case,420030406001,0,Greenfield Senior Center,2608.179810246527
min_worst_case,420030501002,3,South Side Senior Center,3664.997645049873
min_worst_case,420030703003,0,Greenfield Senior Center,3736.230978599411
min_worst_case,420030705001,1,Homewood Senior Center,3752.000848155051
min_worst_case,420030705003,1,Homewood Senior Center,3949.703374454963
min_worst_case,420030706001,1,Homewood Senior Center,3315.9927727240333
min_worst_case,420030706002,1,Homewood Senior Center,3804.1349467656432
min_worst_case,420030708001,1,Homewood Senior Center,3144.4188812098796
min_worst_case,420030901001,3,South Side Senior Center,7775.672929202176
min_worst_case,420030709001,0,Greenfield Senior Center,4355.421601378781
min_worst_case,420030709002,0,Greenfield Senior Center,4056.3315290952655
min_worst_case,420035200012,1,Homewood Senior Center,9163.259401234976
min_worst_case,420031102003,1,Homewood Senior Center,4568.37355427475
min_worst_case,420030902001,3,South Side Senior Center,6676.020925759456
min_worst_case,420030902002,3,South Side Senior Center,6711.187209423285
min_worst_case,420030903001,0,Greenfield Senior Center,5990.829359930559
min_worst_case,420030903002,3,South Side Senior Center,6027.358370876698
min_worst_case,420031102002,1,Homewood Senior Center,4100.709092604133
min_worst_case,420031102004,1,Homewood Senior Center,3936.293135533037
min_worst_case,420031203001,1,Homewood Senior Center,2263.421254363591
min_worst_case,420031203002,1,Homewood Senior Center,1620.8814105895606
min_worst_case,420032615001,2,Sheraden Senior Center,5808.461139862156
min_worst_case,420032620001,4,Mount Washington Senior Center,5057.756455084476
min_worst_case,420032620002,4,Mount Washington Senior Center,5731.352678311165
min_worst_case,420031005001,1,Homewood Senior Center,5279.879112027587
min_worst_case,420031005002,1,Homewood Senior Center,5918.67673086468
min_worst_case,420031011001,1,Homewood Senior Center,7202.556105603563
min_worst_case,420031011002,1,Homewood Senior Center,7437.216477456564
min_worst_case,420031113001,1,Homewood Senior Center,4459.399598118646
min_worst_case,420031014001,1,Homewood Senior Center,5681.797254263782
min_worst_case,420031014004,1,Homewood Senior Center,5223.552080726632
min_worst_case,420031106003,1,Homewood Senior Center,3372.017513605453
min_worst_case,420031404003,1,Homewood Senior Center,2933.75598042216
min_worst_case,420034803001,3,South Side Senior Center,3305.2757296038553
min_worst_case,420031113002,1,Homewood Senior Center,3775.007448753877
min_worst_case,420031113003,1,Homewood Senior Center,3882.723024077118
min_worst_case,420031113004,1,Homewood Senior Center,3259.1538082357224
min_worst_case,420031114001,1,Homewood Senior Center,4308.067687768651
min_worst_case,420031114002,1,Homewood Senior Center,4612.397581220871
min_worst_case,420031115002,1,Homewood Senior Center,3606.713669283932
min_worst_case,420031302001,1,Homewood Senior Center,304.90843621211036
min_worst_case,420031405001,1,Homewood Senior Center,1079.2684645964612
min_worst_case,420031405002,1,Homewood Senior Center,1518.933566727511
min_worst_case,420031408001,0,Greenfield Senior Center,2679.8755714589447
min_worst_case,420031414003,0,Greenfield Senior Center,1976.1020866766216
min_worst_case,420034883001,0,Greenfield Senior Center,8616.671977544116
min_worst_case,420034520002,2,Sheraden Senior Center,17445.839378585693
min_worst_case,420034927001,0,Greenfield Senior Center,18589.836067599783
min_worst_case,420034520001,2,Sheraden Senior Center,24715.14235142147
min_worst_case,420034513003,2,Sheraden Senior Center,16425.409149960138
min_worst_case,420034736013,4,Mount Washington Senior Center,9076.74516220806
min_worst_case,420034390001,2,Sheraden Senior Center,23325.183139580524
min_worst_case,420034141022,1,Homewood Senior Center,19223.11137076516
min_worst_case,420034131001,2,Sheraden Senior Center,22037.78350016946
min_worst_case,420035100002,1,Homewood Senior Center,10354.3815435466
min_worst_case,420034296001,2,Sheraden Senior Center,8242.155136799027
min_worst_case,420034150012,1,Homewood Senior Center,16574.15029766997
min_worst_case,420034100001,2,Sheraden Senior Center,26378.359130454493
min_worst_case,420034120022,2,Sheraden Senior Center,15991.74369778871
min_worst_case,420031413002,0,Greenfield Senior Center,1206.9898621624131
min_worst_case,420031413003,0,Greenfield Senior Center,1641.8556748135015
min_worst_case,420031516001,0,Greenfield Senior Center,596.4463322444366
min_worst_case,420034560033,2,Sheraden Senior Center,19742.162565459683
min_worst_case,420034742022,4,Mount Washington Senior Center,16703.53035900511
min_worst_case,420034132011,2,Sheraden Senior Center,17981.811111209696
min_worst_case,420034132012,2,Sheraden Senior Center,17742.993187878466
min_worst_case,420034132013,2,Sheraden Senior Center,16866.156392871635
min_worst_case,420034272004,1,Homewood Senior Center,8676.126784404276
min_worst_case,420034315001,2,Sheraden Senior Center,6375.261345747798
min_worst_case,420031401001,0,Greenfield Senior Center,2895.093016066782
min_worst_case,420031408002,0,Greenfield Senior Center,2498.4583625221826
min_worst_case,420031408003,0,Greenfield Senior Center,1919.155828907629
min_worst_case,420031413001,0,Greenfield Senior Center,1897.308283977284
min_worst_case,420031403001,1,Homewood Senior Center,2918.2832633443136
min_worst_case,420034742011,4,Mount Washington Senior Center,14905.58831779174
min_worst_case,420034220004,1,Homewood Senior Center,9864.821151425173
min_worst_case,420034802002,3,South Side Senior Center,10342.786135041964
min_worst_case,420033001002,4,Mount Washington Senior Center,2766.99345037876
min_worst_case,420035080002,1,Homewood Senior Center,13230.853679686858
min_worst_case,420034962004,0,Greenfield Senior Center,21445.865431305974
min_worst_case,420034272003,1,Homewood Senior Center,9238.573883820776
min_worst_case,420034020004,1,Homewood Senior Center,27283.855772143575
min_worst_case,420034150021,1,Homewood Senior Center,14658.685922409828
min_worst_case,420034591023,2,Sheraden Senior Center,10198.338707933544
min_worst_case,420030705002,1,Homewood Senior Center,4120.14563360626
min_worst_case,420034520004,2,Sheraden Senior Center,27516.448725949096
min_worst_case,420034508002,2,Sheraden Senior Center,14714.925859980802
min_worst_case,420034886004,0,Greenfield Senior Center,12250.049944107272
min_worst_case,420034804004,3,South Side Senior Center,7388.20424391379
min_worst_case,420034790002,4,Mount Washington Senior Center,7550.49549941044
min_worst_case,420031807001,4,Mount Washington Senior Center,870.2730062824587
min_worst_case,420034070022,1,Homewood Senior Center,22928.645004083068
min_worst_case,420034592013,2,Sheraden Senior Center,8892.76067220934
min_worst_case,420034600023,2,Sheraden Senior Center,7098.019689202441
min_worst_case,420031517001,0,Greenfield Senior Center,955.7932151661354
min_worst_case,420035212002,1,Homewood Senior Center,11671.695417039022
min_worst_case,420035524003,0,Greenfield Senior Center,16477.17934255131
min_worst_case,420035261021,1,Homewood Senior Center,20050.813117994818
min_worst_case,420034150011,1,Homewood Senior Center,18991.033787286346
min_worst_case,420034211003,1,Homewood Senior Center,6617.486750413963
min_worst_case,420034141021,1,Homewood Senior Center,22289.493649868156
min_worst_case,420032022001,2,Sheraden Senior Center,853.1701756076578
min_worst_case,420032815002,2,Sheraden Senior Center,2085.503196978058
min_worst_case,420034324002,2,Sheraden Senior Center,6639.404434084454
min_worst_case,420034773001,3,South Side Senior Center,8382.818687351662
min_worst_case,420035041004,1,Homewood Senior Center,12560.39903125508
min_worst_case,420034292022,2,Sheraden Senior Center,11624.82679580129
min_worst_case,420031102001,1,Homewood Senior Center,4181.758063899599
min_worst_case,420033001001,4,Mount Washington Senior Center,2530.134897961823
min_worst_case,420034929002,0,Greenfield Senior Center,20089.30653492474
min_worst_case,420035212003,1,Homewood Senior Center,11537.538694119705
min_worst_case,420035213014,1,Homewood Senior Center,16311.15977218639
min_worst_case,420034560041,4,Mount Washington Senior Center,18285.98130637691
min_worst_case,420032904001,3,South Side Senior Center,5787.648677142555
min_worst_case,420032904002,3,South Side Senior Center,5423.402030796661
min_worst_case,420033102003,0,Greenfield Senior Center,7425.871130165349
min_worst_case,420031106001,1,Homewood Senior Center,3071.783498316729
min_worst_case,420034131004,2,Sheraden Senior Center,21177.643812195485
min_worst_case,420034370001,2,Sheraden Senior Center,12017.187383038296
min_worst_case,420034070012,1,Homewood Senior Center,29497.78786133964
min_worst_case,420034870002,0,Greenfield Senior Center,11992.122345359665
min_worst_case,420031920005,4,Mount Washington Senior Center,3527.7310068669176
min_worst_case,420034804002,0,Greenfield Senior Center,6363.955980630992
min_worst_case,420034511012,2,Sheraden Senior Center,20305.49587217784
min_worst_case,420030404002,0,Greenfield Senior Center,3780.6774722826704
min_worst_case,420034131002,2,Sheraden Senior Center,20117.590258078555
min_worst_case,420035638001,2,Sheraden Senior Center,10469.641007516406
min_worst_case,420035633001,2,Sheraden Senior Center,18053.71819594931
min_worst_case,420034511041,2,Sheraden Senior Center,24892.688410552633
min_worst_case,420034511023,2,Sheraden Senior Center,18948.54232423965
min_worst_case,420034511053,2,Sheraden Senior Center,22459.379586420506
min_worst_case,420034513001,2,Sheraden Senior Center,14086.44027256016
min_worst_case,420034530041,2,Sheraden Senior Center,18233.779959120737
min_worst_case,420031915001,4,Mount Washington Senior Center,1594.6287887266349
min_worst_case,420031916001,4,Mount Washington Senior Center,2102.6258385570686
min_worst_case,420034530032,2,Sheraden Senior Center,14138.59607225882
min_worst_case,420035640002,2,Sheraden Senior Center,19996.30756990263
min_worst_case,420034687001,2,Sheraden Senior Center,6941.831456759994
min_worst_case,420031014003,1,Homewood Senior Center,4795.035143699298
min_worst_case,420032022002,2,Sheraden Senior Center,631.2268392176344
min_worst_case,420032023001,4,Mount Washington Senior Center,3452.9778147456004
min_worst_case,420032023002,4,Mount Washington Senior Center,5650.361195726292
min_worst_case,420032023003,4,Mount Washington Senior Center,4840.849749735498
min_worst_case,420034190001,1,Homewood Senior Center,15040.425669960969
min_worst_case,420034741012,4,Mount Washington Senior Center,13522.798471662016
min_worst_case,420034961012,0,Greenfield Senior Center,26559.09467412503
min_worst_case,420035200022,1,Homewood Senior Center,8701.01203623985
min_worst_case,420035237011,1,Homewood Senior Center,11944.825004888118
min_worst_case,420035030025,0,Greenfield Senior Center,17809.741314762978
min_worst_case,420034080012,1,Homewood Senior Center,29844.727776528885
min_worst_case,420034020001,1,Homewood Senior Center,28180.216590057415
min_worst_case,420034752004,4,Mount Washington Senior Center,17372.525561285278
min_worst_case,420034600022,2,Sheraden Senior Center,5374.972389838918
min_worst_case,420035214022,1,Homewood Senior Center,18122.933438835094
min_worst_case,420034885002,0,Greenfield Senior Center,9386.119548453742
min_worst_case,420035215001,1,Homewood Senior Center,19508.62918332353
min_worst_case,420034838003,0,Greenfield Senior Center,4729.769671771111
min_worst_case,420035262011,1,Homewood Senior Center,14939.17343278482
min_worst_case,420035211002,1,Homewood Senior Center,13034.724284046457
min_worst_case,420035263021,1,Homewood Senior Center,20446.83701880805
min_worst_case,420035237012,1,Homewood Senior Center,10603.064746762682
min_worst_case,420034070023,1,Homewood Senior Center,23103.132678155467
min_worst_case,420034133003,2,Sheraden Senior Center,14945.068247472826
min_worst_case,420032703002,2,Sheraden Senior Center,3656.041301498438
min_worst_case,420034070021,1,Homewood Senior Center,22689.33937505657
min_worst_case,420034070014,1,Homewood Senior Center,27382.58933047587
min_worst_case,420031920004,4,Mount Washington Senior Center,4802.607938127573
min_worst_case,420034292023,2,Sheraden Senior Center,11512.57161112731
min_worst_case,420034838002,0,Greenfield Senior Center,3537.799296711811
min_worst_case,420034560012,2,Sheraden Senior Center,15655.715632558136
min_worst_case,420031302002,1,Homewood Senior Center,439.1093617999581
min_worst_case,420031916003,4,Mount Washington Senior Center,2979.734613482724
min_worst_case,420035215002,1,Homewood Senior Center,16724.01791094192
min_worst_case,420034560031,2,Sheraden Senior Center,20612.77499484296
min_worst_case,420035212001,1,Homewood Senior Center,12093.033225142171
min_worst_case,420031702002,3,South Side Senior Center,1933.541798013117
min_worst_case,420035235021,1,Homewood Senior Center,11453.468626795517
min_worst_case,420035262022,1,Homewood Senior Center,16131.024686270224
min_worst_case,420034011002,34,Highland Park Pool Building,32986.36141781555
min_worst_case,420034060001,1,Homewood Senior Center,30666.919207473857
min_worst_case,420034132021,2,Sheraden Senior Center,19079.35855590073
min_worst_case,420034268002,1,Homewood Senior Center,13773.689300677726
min_worst_case,420034560011,2,Sheraden Senior Center,17124.67645647077
min_worst_case,420034291002,2,Sheraden Senior Center,8939.590055640243
min_worst_case,420034150013,1,Homewood Senior Center,19003.108734468788
min_worst_case,420034212003,1,Homewood Senior Center,5678.234398633609
min_worst_case,420034135001,2,Sheraden Senior Center,20137.47902486896
min_worst_case,420034272001,1,Homewood Senior Center,9556.725824863195
min_worst_case,420034911011,3,South Side Senior Center,15897.161757584929
min_worst_case,420034639001,2,Sheraden Senior Center,2856.782166620478
min_worst_case,420034120021,2,Sheraden Senior Center,17259.354344483938
min_worst_case,420031517002,0,Greenfield Senior Center,465.31090503052616
min_worst_case,420034886001,0,Greenfield Senior Center,10996.299088868116
min_worst_case,420035641001,2,Sheraden Senior Center,5887.730579886317
min_worst_case,420034705021,2,Sheraden Senior Center,7011.848022552987
min_worst_case,420034658001,2,Sheraden Senior Center,3347.841795459156
min_worst_case,420034690001,4,Mount Washington Senior Center,5023.291141279072
min_worst_case,420034013003,1,Homewood Senior Center,28709.452701071812
min_worst_case,420034773005,3,South Side Senior Center,10362.84890954364
min_worst_case,420035234006,1,Homewood Senior Center,7283.63126610528
min_worst_case,420034212004,1,Homewood Senior Center,10695.843101216034
min_worst_case,420035638006,2,Sheraden Senior Center,8479.87792351047
min_worst_case,420034131003,2,Sheraden Senior Center,21175.913091157563
min_worst_case,420034993002,0,Greenfield Senior Center,14679.810403512318
min_worst_case,420034994001,0,Greenfield Senior Center,16302.155497252848
min_worst_case,420034994002,0,Greenfield Senior Center,15565.933299030963
min_worst_case,420035030021,0,Greenfield Senior Center,15879.61771885148
min_worst_case,420035030022,0,Greenfield Senior Center,16432.955170183726
min_worst_case,420035030023,0,Greenfield Senior Center,18411.332777910862
min_worst_case,420035030024,0,Greenfield Senior Center,17439.373366890402
min_worst_case,420035041002,1,Homewood Senior Center,11767.198578212134
min_worst_case,420035041003,1,Homewood Senior Center,14563.62335942078
min_worst_case,420035094005,1,Homewood Senior Center,10137.689580280614
min_worst_case,420035100001,1,Homewood Senior Center,10672.64272131988
min_worst_case,420035138002,0,Greenfield Senior Center,8182.165712785589
min_worst_case,420031014002,1,Homewood Senior Center,5539.687464787681
min_worst_case,420035120001,1,Homewood Senior Center,9740.064082999535
min_worst_case,420035120002,1,Homewood Senior Center,8953.22099025492
min_worst_case,420035138001,1,Homewood Senior Center,7530.466312270176
min_worst_case,420035140002,0,Greenfield Senior Center,6214.7423431484085
min_worst_case,420035151001,1,Homewood Senior Center,5996.752106991679
min_worst_case,420035151002,1,Homewood Senior Center,5848.568645359637
min_worst_case,420035151003,1,Homewood Senior Center,5291.975144166524
min_worst_case,420035152002,1,Homewood Senior Center,4825.584302699233
min_worst_case,420035153001,1,Homewood Senior Center,5268.406709912654
min_worst_case,420035153002,0,Greenfield Senior Center,4853.055815014768
min_worst_case,420035161001,1,Homewood Senior Center,3784.098395242285
min_worst_case,420035162001,1,Homewood Senior Center,3777.85461051011
min_worst_case,420035162002,1,Homewood Senior Center,4178.003784265456
min_worst_case,420035211001,1,Homewood Senior Center,14148.293400971495
min_worst_case,420035213011,1,Homewood Senior Center,14719.378307171084
min_worst_case,420035180013,1,Homewood Senior Center,6229.728026534762
min_worst_case,420035200021,1,Homewood Senior Center,8839.042291776128
min_worst_case,420035200023,1,Homewood Senior Center,7395.201559283458
min_worst_case,420035213012,1,Homewood Senior Center,15592.174638971896
min_worst_case,420035231002,1,Homewood Senior Center,3341.6438448863
min_worst_case,420035231003,1,Homewood Senior Center,2699.6514707878378
min_worst_case,420035232002,1,Homewood Senior Center,4747.9845228003705
min_worst_case,420035232003,1,Homewood Senior Center,4893.212130450474
min_worst_case,420035232004,1,Homewood Senior Center,3681.68175764989
min_worst_case,420035233001,1,Homewood Senior Center,8018.752004547976
min_worst_case,420035233003,1,Homewood Senior Center,6811.401937011083
min_worst_case,420035234002,1,Homewood Senior Center,5741.659327316354
min_worst_case,420035237022,1,Homewood Senior Center,12296.518001139531
min_worst_case,420035238001,1,Homewood Senior Center,8467.544185243198
min_worst_case,420035238002,1,Homewood Senior Center,8228.069851390135
min_worst_case,420035640001,2,Sheraden Senior Center,22111.925215895004
min_worst_case,420034530031,2,Sheraden Senior Center,15911.769613279694
min_worst_case,420035253001,1,Homewood Senior Center,11991.025675699408
min_worst_case,420034263002,2,Sheraden Senior Center,14753.77161038286
min_worst_case,420034511011,2,Sheraden Senior Center,21844.4868162252
min_worst_case,420035234005,1,Homewood Senior Center,6378.920954802906
min_worst_case,420035235011,1,Homewood Senior Center,10149.488992207864
min_worst_case,420035235012,1,Homewood Senior Center,9083.90269199142
min_worst_case,420035235013,1,Homewood Senior Center,8791.242514970681
min_worst_case,420035236001,1,Homewood Senior Center,8904.127586110944
min_worst_case,420034511052,2,Sheraden Senior Center,20545.405962558936
min_worst_case,420035237013,1,Homewood Senior Center,10525.310127415509
min_worst_case,420035237014,1,Homewood Senior Center,9574.0808983455
min_worst_case,420035237023,1,Homewood Senior Center,10913.40515326408
min_worst_case,420035238003,1,Homewood Senior Center,7056.7545439391815
min_worst_case,420035240001,1,Homewood Senior Center,9230.477323139045
min_worst_case,420035251001,1,Homewood Senior Center,11228.149977034072
min_worst_case,420035252001,1,Homewood Senior Center,10415.536025722287
min_worst_case,420035252002,1,Homewood Senior Center,9947.070605604147
min_worst_case,420035262021,1,Homewood Senior Center,14001.432934268443
min_worst_case,420035262023,1,Homewood Senior Center,13213.721141279077
min_worst_case,420035263011,1,Homewood Senior Center,20806.375449519575
min_worst_case,420035263022,1,Homewood Senior Center,19545.03864383317
min_worst_case,420035263023,1,Homewood Senior Center,20525.34773537043
min_worst_case,420035263024,1,Homewood Senior Center,19932.55642459807
min_worst_case,420035509001,0,Greenfield Senior Center,14571.087612510872
min_worst_case,420035509002,0,Greenfield Senior Center,14146.325988410752
min_worst_case,420035512001,0,Greenfield Senior Center,14997.7796998557
min_worst_case,420035512002,0,Greenfield Senior Center,15519.288972761236
min_worst_case,420035512003,0,Greenfield Senior Center,15505.438359324497
min_worst_case,420035513001,0,Greenfield Senior Center,16835.347955271045
min_worst_case,420035519001,0,Greenfield Senior Center,13769.14342394223
min_worst_case,420035520002,0,Greenfield Senior Center,15872.190027630571
min_worst_case,420035520003,0,Greenfield Senior Center,15845.490216000748
min_worst_case,420035520004,0,Greenfield Senior Center,16269.430194473587
min_worst_case,420035521001,0,Greenfield Senior Center,13882.368544989677
min_worst_case,420035521002,0,Greenfield Senior Center,14028.161273071635
min_worst_case,420035522001,0,Greenfield Senior Center,12653.810705504702
min_worst_case,420034886002,0,Greenfield Senior Center,11950.83115771083
min_worst_case,420031918003,4,Mount Washington Senior Center,5905.661647401537
min_worst_case,420035630002,2,Sheraden Senior Center,2424.914952540024
min_worst_case,420032022003,2,Sheraden Senior Center,982.7927153984092
min_worst_case,420034900024,3,South Side Senior Center,20601.66012853547
min_worst_case,420034900025,4,Mount Washington Senior Center,20733.821127497613
min_worst_case,420032814002,2,Sheraden Senior Center,1470.556967713888
min_worst_case,420034890012,0,Greenfield Senior Center,13548.975674162411
min_worst_case,420034890013,3,South Side Senior Center,14139.665758436791
min_worst_case,420034900032,3,South Side Senior Center,14034.07453561256
min_worst_case,420034900033,3,South Side Senior Center,15232.481123964197
min_worst_case,420034928001,0,Greenfield Senior Center,19511.778805998332
min_worst_case,420034928002,0,Greenfield Senior Center,20384.452338447292
min_worst_case,420034929001,0,Greenfield Senior Center,20249.678223935585
min_worst_case,420034940001,0,Greenfield Senior Center,22722.11116609176
min_worst_case,420034962001,0,Greenfield Senior Center,21378.998984142167
min_worst_case,420035627002,4,Mount Washington Senior Center,3304.485185359795
min_worst_case,420035190001,1,Homewood Senior Center,7274.946928033089
min_worst_case,420034962002,0,Greenfield Senior Center,23202.58868959085
min_worst_case,420034980001,0,Greenfield Senior Center,17330.59320239207
min_worst_case,420035003001,0,Greenfield Senior Center,14115.26407478463
min_worst_case,420035003002,0,Greenfield Senior Center,14155.196062626965
min_worst_case,420035003003,0,Greenfield Senior Center,15185.103788073198
min_worst_case,420035003004,0,Greenfield Senior Center,14237.859936527451
min_worst_case,420035010001,0,Greenfield Senior Center,19286.78932252106
min_worst_case,420035041001,1,Homewood Senior Center,12702.880419962716
min_worst_case,420035070001,1,Homewood Senior Center,14057.158162768314
min_worst_case,420035070002,1,Homewood Senior Center,14142.265492595943
min_worst_case,420035080001,1,Homewood Senior Center,12596.257410337235
min_worst_case,420035094001,1,Homewood Senior Center,10275.542221374231
min_worst_case,420035094002,1,Homewood Senior Center,10844.524334805985
min_worst_case,420035094003,1,Homewood Senior Center,11079.570462886428
min_worst_case,420035094004,1,Homewood Senior Center,11072.585940170584
min_worst_case,420030402001,3,South Side Senior Center,2267.6612203782984
min_worst_case,420035152001,1,Homewood Senior Center,4902.90981676806
min_worst_case,420035170002,1,Homewood Senior Center,7096.250868346703
min_worst_case,420035190002,1,Homewood Senior Center,5703.020746489466
min_worst_case,420035213021,1,Homewood Senior Center,14165.301248338208
min_worst_case,420035214012,1,Homewood Senior Center,20170.141626096163
min_worst_case,420035215003,1,Homewood Senior Center,15005.550291534088
min_worst_case,420035220003,1,Homewood Senior Center,14476.232817110033
min_worst_case,420034240002,1,Homewood Senior Center,5857.92065510956
min_worst_case,420034240003,1,Homewood Senior Center,6990.189198998282
min_worst_case,420034742012,4,Mount Washington Senior Center,16260.384025125555
min_worst_case,420031115001,1,Homewood Senior Center,4099.7308244492315
min_worst_case,420034513006,2,Sheraden Senior Center,17502.939142413088
min_worst_case,420035640004,2,Sheraden Senior Center,22343.342990846024
min_worst_case,420031019001,1,Homewood Senior Center,5409.871821238632
min_worst_case,420031019002,1,Homewood Senior Center,5692.203382539403
min_worst_case,420031019003,1,Homewood Senior Center,5110.588609125858
min_worst_case,420031307002,1,Homewood Senior Center,655.9454372006082
min_worst_case,420031115003,1,Homewood Senior Center,2857.320956059891
min_worst_case,420031209002,1,Homewood Senior Center,2216.6419146396
min_worst_case,420031209001,1,Homewood Senior Center,2228.124401481755
min_worst_case,420031307003,1,Homewood Senior Center,1200.4097151439587
min_worst_case,420031412003,1,Homewood Senior Center,1922.2629517062808
min_worst_case,420030103022,3,South Side Senior Center,2500.2921035015625
min_worst_case,420031308002,1,Homewood Senior Center,482.076259086295
min_worst_case,420031308003,1,Homewood Senior Center,776.4774086349552
min_worst_case,420031307001,1,Homewood Senior Center,1081.131662814345
min_worst_case,420031308001,1,Homewood Senior Center,911.0245124436497
min_worst_case,420035648001,1,Homewood Senior Center,2448.4500033253817
min_worst_case,420034911013,3,South Side Senior Center,19270.73377860575
min_worst_case,420030103011,3,South Side Senior Center,2548.6847029647784
min_worst_case,420030406002,3,South Side Senior Center,2292.914750920831
min_worst_case,420035653001,0,Greenfield Senior Center,4829.3534507474005
min_worst_case,420034883002,0,Greenfield Senior Center,9715.469856781474
min_worst_case,420034580021,2,Sheraden Senior Center,9036.832261812102
min_worst_case,420034580011,2,Sheraden Senior Center,13966.05468774607
min_worst_case,420034580022,2,Sheraden Senior Center,11515.062113009024
min_worst_case,420034580023,2,Sheraden Senior Center,9346.609748875077
min_worst_case,420034580012,2,Sheraden Senior Center,12296.26652554862
min_worst_case,420035647001,1,Homewood Senior Center,3107.2839699807596
min_worst_case,420033001003,4,Mount Washington Senior Center,2984.64083113892
min_worst_case,420034490002,2,Sheraden Senior Center,23782.456543153712
min_worst_case,420031403004,0,Greenfield Senior Center,3246.225916605397
min_worst_case,420033001004,4,Mount Washington Senior Center,3204.6519305484794
min_worst_case,420030103021,4,Mount Washington Senior Center,2221.5420960927872
min_worst_case,420030305003,4,Mount Washington Senior Center,2627.8155313092957
min_worst_case,420034644002,2,Sheraden Senior Center,2441.671339472947
min_worst_case,420034511024,2,Sheraden Senior Center,19480.209520298788
min_worst_case,420034120042,2,Sheraden Senior Center,22533.99782673071
min_worst_case,420035130002,1,Homewood Senior Center,7518.683496789861
min_worst_case,420034120032,2,Sheraden Senior Center,21476.110077582856
min_worst_case,420035632011,4,Mount Washington Senior Center,3053.947525838035
min_worst_case,420035632021,4,Mount Washington Senior Center,3596.74750082787
min_worst_case,420035130001,1,Homewood Senior Center,9322.284123238504
min_worst_case,420034110022,2,Sheraden Senior Center,24775.920820420833
min_worst_case,420034110011,2,Sheraden Senior Center,27276.43865123176
min_worst_case,420034110021,2,Sheraden Senior Center,29413.48474463566
min_worst_case,420034090021,2,Sheraden Senior Center,30080.29516932076
min_worst_case,420034120041,2,Sheraden Senior Center,20598.02472722623
min_worst_case,420034090022,2,Sheraden Senior Center,29619.02189634813
min_worst_case,420034090014,2,Sheraden Senior Center,24589.56178565174
min_worst_case,420034090012,2,Sheraden Senior Center,25505.733289753596
min_worst_case,420034080023,1,Homewood Senior Center,24286.87175020628
min_worst_case,420032413002,4,Mount Washington Senior Center,5144.711312201579
min_worst_case,420035632022,4,Mount Washington Senior Center,4122.480623362683
min_worst_case,420035652002,2,Sheraden Senior Center,3355.7157307400576
min_worst_case,420034142004,1,Homewood Senior Center,17153.956748813496
min_worst_case,420034142003,1,Homewood Senior Center,15945.865738704204
min_worst_case,420031412002,1,Homewood Senior Center,2290.3609108690384
min_worst_case,420035652003,2,Sheraden Senior Center,3899.6951013916714
min_worst_case,420035651001,4,Mount Washington Senior Center,3917.020343457202
min_worst_case,420032413001,4,Mount Washington Senior Center,5619.202164975642
min_worst_case,420032613002,2,Sheraden Senior Center,7531.927312826552
min_worst_case,420032613001,2,Sheraden Senior Center,6789.227535229444
min_worst_case,420032716001,2,Sheraden Senior Center,4612.995050274074
min_worst_case,420032716003,2,Sheraden Senior Center,3450.208811700584
min_worst_case,420032716002,2,Sheraden Senior Center,3717.353602148635
min_worst_case,420035652001,2,Sheraden Senior Center,3654.226766231261
min_worst_case,420032716004,2,Sheraden Senior Center,3441.698282668383
min_worst_case,420035648002,1,Homewood Senior Center,1971.875847300612
min_worst_case,420031306002,1,Homewood Senior Center,2482.167783946092
min_worst_case,420034560034,2,Sheraden Senior Center,17784.52067459064
min_worst_case,420035629011,0,Greenfield Senior Center,2321.9109097382084
min_worst_case,420035629012,0,Greenfield Senior Center,1297.051522754999
min_worst_case,420031403005,0,Greenfield Senior Center,3209.831357876909
min_worst_case,420035647003,1,Homewood Senior Center,2608.5611393589975
min_worst_case,420035647002,1,Homewood Senior Center,3743.4900232599143
min_worst_case,420031610001,3,South Side Senior Center,1611.560312106045
min_worst_case,420034513005,2,Sheraden Senior Center,12772.055490462417
min_worst_case,420031608002,3,South Side Senior Center,664.8059812663654
min_worst_case,420035626002,2,Sheraden Senior Center,2473.6982859344826
min_worst_case,420034560043,4,Mount Washington Senior Center,20444.01470293563
min_worst_case,420035625002,2,Sheraden Senior Center,880.5448668964876
min_worst_case,420034600013,2,Sheraden Senior Center,5703.01657053489
min_worst_case,420034513004,2,Sheraden Senior Center,12939.22692072457
min_worst_case,420031609003,3,South Side Senior Center,936.2452764049804
min_worst_case,420034110012,2,Sheraden Senior Center,30488.16895541468
min_worst_case,420034120031,2,Sheraden Senior Center,19526.160643629224
min_worst_case,420034090011,2,Sheraden Senior Center,27401.591261723916
min_worst_case,420034120033,2,Sheraden Senior Center,22001.61184856211
min_worst_case,420034090013,2,Sheraden Senior Center,25426.333959424624
min_worst_case,420034080021,1,Homewood Senior Center,25385.64848148072
min_worst_case,420034142001,1,Homewood Senior Center,16891.29448790191
min_worst_case,420032413003,4,Mount Washington Senior Center,5957.930198858433
max_coverage,420031702004,0,Greenfield Senior Center,4769.497720612443
max_coverage,420034530043,0,Greenfield Senior Center,28223.171137519785
max_coverage,420035639003,0,Greenfield Senior Center,9976.89312559494
max_coverage,420034690003,0,Greenfield Senior Center,13117.903882239598
max_coverage,420032904004,0,Greenfield Senior Center,6541.369240667957
max_coverage,420034886003,0,Greenfield Senior Center,13133.30193055895
max_coverage,420035644004,0,Greenfield Senior Center,17723.489730717934
max_coverage,420035213024,0,Greenfield Senior Center,16067.262275011784
max_coverage,420035639001,0,Greenfield Senior Center,10964.572755600317
max_coverage,420030901002,0,Greenfield Senior Center,7787.622617658242
max_coverage,420035645001,0,Greenfield Senior Center,21287.639269760664
max_coverage,420035645002,0,Greenfield Senior Center,22658.264532611345
max_coverage,420034970001,0,Greenfield Senior Center,20104.79137539541
max_coverage,420034962003,0,Greenfield Senior Center,24473.21489420764
max_coverage,420034212002,0,Greenfield Senior Center,11764.49506876308
max_coverage,420034721001,0,Greenfield Senior Center,11447.191223283457
max_coverage,420035614004,0,Greenfield Senior Center,8549.789876348741
max_coverage,420035639004,0,Greenfield Senior Center,9725.81003647192
max_coverage,420034782002,0,Greenfield Senior Center,8149.311577601339
max_coverage,420034846001,0,Greenfield Senior Center,6507.261128528467
max_coverage,420035638004,0,Greenfield Senior Center,28415.182436270137
max_coverage,420035644002,0,Greenfield Senior Center,17126.340054616867
max_coverage,420034994003,0,Greenfield Senior Center,14895.914841477148
max_coverage,420035623001,0,Greenfield Senior Center,2699.7204305833443
max_coverage,420034884002,0,Greenfield Senior Center,11952.116862508416
max_coverage,420035631001,0,Greenfield Senior Center,11398.494271273636
max_coverage,420031517005,0,Greenfield Senior Center,667.6623426068006
max_coverage,420035644001,0,Greenfield Senior Center,18666.30892814791
max_coverage,420034884003,0,Greenfield Senior Center,12518.162151608389
max_coverage,420034885001,0,Greenfield Senior Center,8823.843549769052
max_coverage,420035630003,0,Greenfield Senior Center,15542.020699691016
max_coverage,420033001005,0,Greenfield Senior Center,6745.830236462195
max_coverage,420035624003,0,Greenfield Senior Center,7425.398442175891
max_coverage,420034762003,0,Greenfield Senior Center,13317.51381742258
max_coverage,420035631002,0,Greenfield Senior Center,12932.768970666946
max_coverage,420034752001,0,Greenfield Senior Center,20493.05546937628
max_coverage,420035644005,0,Greenfield Senior Center,15536.746953730028
max_coverage,420034722002,0,Greenfield Senior Center,12592.931294012757
max_coverage,420034731002,0,Greenfield Senior Center,13738.25500479045
max_coverage,420035644006,0,Greenfield Senior Center,17251.68784630686
max_coverage,420034882001,0,Greenfield Senior Center,8460.720514535982
max_coverage,420035523002,0,Greenfield Senior Center,15297.325216093344
max_coverage,420031915002,4,Mount Washington Senior Center,977.2925681759094
max_coverage,420031914002,4,Mount Washington Senior Center,858.2953016522029
max_coverage,420039809001,0,Greenfield Senior Center,13160.792548637615
max_coverage,420034751021,0,Greenfield Senior Center,16741.862630611788
max_coverage,420034753014,0,Greenfield Senior Center,17788.459720231225
max_coverage,420031911001,0,Greenfield Senior Center,9646.56335336734
max_coverage,420034782003,0,Greenfield Senior Center,7275.361065267207
max_coverage,420034869001,0,Greenfield Senior Center,12663.252411189616
max_coverage,420034869002,0,Greenfield Senior Center,13199.232337951882
max_coverage,420034870001,0,Greenfield Senior Center,11322.320171057616
max_coverage,420034881002,0,Greenfield Senior Center,8075.258204145707
max_coverage,420034882002,0,Greenfield Senior Center,9070.159286969369
max_coverage,420034882003,0,Greenfield Senior Center,7564.556247817456
max_coverage,420034884001,0,Greenfield Senior Center,11013.71327975051
max_coverage,420032509001,0,Greenfield Senior Center,9216.247966449067
max_coverage,420032614004,0,Greenfield Senior Center,10019.027274073333
max_coverage,420035625003,2,Sheraden Senior Center,446.8509752846816
max_coverage,420035523003,0,Greenfield Senior Center,15289.007432348984
max_coverage,420034270002,0,Greenfield Senior Center,8491.77490025242
max_coverage,420035639002,0,Greenfield Senior Center,10150.557165237691
max_coverage,420034993001,0,Greenfield Senior Center,14069.891323975904
max_coverage,420035234001,0,Greenfield Senior Center,11903.1114704717
max_coverage,420035190003,0,Greenfield Senior Center,10580.96524507601
max_coverage,420035628001,0,Greenfield Senior Center,15277.196059214208
max_coverage,420034643002,0,Greenfield Senior Center,15129.192296429525
max_coverage,420034141014,0,Greenfield Senior Center,26453.662778622587
max_coverage,420031414005,0,Greenfield Senior Center,1358.0932727443926
max_coverage,420032614001,0,Greenfield Senior Center,10687.260713379575
max_coverage,420035628002,0,Greenfield Senior Center,14298.952089685978
max_coverage,420035234003,0,Greenfield Senior Center,11601.30954288376
max_coverage,420035234004,0,Greenfield Senior Center,12435.726772187563
max_coverage,420034884004,0,Greenfield Senior Center,11878.711547836809
max_coverage,420034511042,0,Greenfield Senior Center,38556.32355735743
max_coverage,420034511022,0,Greenfield Senior Center,32258.522169664207
max_coverage,420035633002,0,Greenfield Senior Center,30832.58294121378
max_coverage,420034706001,0,Greenfield Senior Center,17033.484640434377
max_coverage,420034741021,0,Greenfield Senior Center,18493.36216266363
max_coverage,420034900031,0,Greenfield Senior Center,17479.92873453354
max_coverage,420034900023,0,Greenfield Senior Center,19254.27044425442
max_coverage,420034900022,0,Greenfield Senior Center,20888.75337881818
max_coverage,420031306001,0,Greenfield Senior Center,7675.695513282011
max_coverage,420035623003,0,Greenfield Senior Center,2178.050851666594
max_coverage,420031018002,0,Greenfield Senior Center,8735.807188383927
max_coverage,420030802002,23,Bloomfield Pool and Recreation Center,160.0687018616063
max_coverage,420035261014,0,Greenfield Senior Center,20738.851850043808
max_coverage,420031414004,0,Greenfield Senior Center,2262.7856346385606
max_coverage,420032023004,0,Greenfield Senior Center,11096.446436564744
max_coverage,420032708003,0,Greenfield Senior Center,13679.59327754293
max_coverage,420034271003,0,Greenfield Senior Center,13605.341604852418
max_coverage,420035642003,0,Greenfield Senior Center,19759.760852447085
max_coverage,420034530042,0,Greenfield Senior Center,30752.38111878537
max_coverage,420034600021,0,Greenfield Senior Center,18644.825152564907
max_coverage,420035200011,0,Greenfield Senior Center,13104.170111871688
max_coverage,420034530044,0,Greenfield Senior Center,31927.21922693424
max_coverage,420032620003,0,Greenfield Senior Center,9351.893070880358
max_coverage,420034250003,0,Greenfield Senior Center,10664.337142928469
max_coverage,420034480001,0,Greenfield Senior Center,36824.27811191556
max_coverage,420034250001,0,Greenfield Senior Center,11460.14332879367
max_coverage,420034250002,0,Greenfield Senior Center,11585.217989742225
max_coverage,420034490001,0,Greenfield Senior Center,37501.11355135576
max_coverage,420034507001,0,Greenfield Senior Center,26944.996811718032
max_coverage,420034507002,0,Greenfield Senior Center,28183.481845002734
max_coverage,420034250004,0,Greenfield Senior Center,9876.32042530238
max_coverage,420034263001,0,Greenfield Senior Center,17698.526931896915
max_coverage,420034263003,0,Greenfield Senior Center,18662.95677676941
max_coverage,420034511021,0,Greenfield Senior Center,31681.537299265103
max_coverage,420034264001,0,Greenfield Senior Center,15225.845839657308
max_coverage,420034264002,0,Greenfield Senior Center,13890.590980051822
max_coverage,420034264003,0,Greenfield Senior Center,12485.59432533224
max_coverage,420034267001,0,Greenfield Senior Center,11514.466237528624
max_coverage,420034592011,0,Greenfield Senior Center,18475.496542954003
max_coverage,420034610001,0,Greenfield Senior Center,22664.208959332907
max_coverage,420034621001,0,Greenfield Senior Center,16458.91210501868
max_coverage,420034240004,0,Greenfield Senior Center,10459.318343353323
max_coverage,420034267002,0,Greenfield Senior Center,13770.27629715731
max_coverage,420034268001,0,Greenfield Senior Center,18183.488676531942
max_coverage,420034270001,0,Greenfield Senior Center,10252.338825433028
max_coverage,420034270003,0,Greenfield Senior Center,9347.100945458496
max_coverage,420034550001,0,Greenfield Senior Center,27903.978751722985
max_coverage,420034560042,0,Greenfield Senior Center,26317.04284480813
max_coverage,420034571001,0,Greenfield Senior Center,21666.726624232266
max_coverage,420034571002,0,Greenfield Senior Center,21597.084896605495
max_coverage,420034572001,0,Greenfield Senior Center,20524.76728577403
max_coverage,420034572002,0,Greenfield Senior Center,20461.108223297593
max_coverage,420034294002,0,Greenfield Senior Center,19044.133588930817
max_coverage,420034272002,0,Greenfield Senior Center,11547.54065962458
max_coverage,420034281001,0,Greenfield Senior Center,8771.087867801822
max_coverage,420034281002,0,Greenfield Senior Center,8532.948413055861
max_coverage,420034572003,0,Greenfield Senior Center,20756.498927405763
max_coverage,420034572004,0,Greenfield Senior Center,21546.418390249022
max_coverage,420034591011,0,Greenfield Senior Center,24342.24691493201
max_coverage,420034282001,0,Greenfield Senior Center,10812.21050573244
max_coverage,420034282002,0,Greenfield Senior Center,11051.946928206333
max_coverage,420034292021,0,Greenfield Senior Center,17166.836930559683
max_coverage,420034293001,0,Greenfield Senior Center,21580.679525253207
max_coverage,420034508001,0,Greenfield Senior Center,29343.470261528037
max_coverage,420034508003,0,Greenfield Senior Center,29255.1727665134
max_coverage,420034293003,0,Greenfield Senior Center,19567.03368089423
max_coverage,420034293004,0,Greenfield Senior Center,21723.710664140937
max_coverage,420034294001,0,Greenfield Senior Center,20405.19656119961
max_coverage,420034294003,0,Greenfield Senior Center,17995.156039378075
max_coverage,420034294004,0,Greenfield Senior Center,17306.383704032676
max_coverage,420034295001,0,Greenfield Senior Center,20541.20836983825
max_coverage,420034295002,0,Greenfield Senior Center,18924.090457871833
max_coverage,420034296002,0,Greenfield Senior Center,16456.263898805853
max_coverage,420034297002,0,Greenfield Senior Center,15209.167014651128
max_coverage,420034301001,0,Greenfield Senior Center,16288.8732826469
max_coverage,420035626001,0,Greenfield Senior Center,11315.0643995876
max_coverage,420035624002,0,Greenfield Senior Center,7548.478179895959
max_coverage,420034301002,0,Greenfield Senior Center,16282.746246548064
max_coverage,420034302001,0,Greenfield Senior Center,18272.713960098463
max_coverage,420034302002,0,Greenfield Senior Center,17284.15340395041
max_coverage,420034302003,0,Greenfield Senior Center,17708.878448109608
max_coverage,420034302004,0,Greenfield Senior Center,18198.28671567267
max_coverage,420034302005,0,Greenfield Senior Center,17869.422535107853
max_coverage,420035619002,0,Greenfield Senior Center,7831.894550399018
max_coverage,420039818001,0,Greenfield Senior Center,9139.373629487814
max_coverage,420035642001,0,Greenfield Senior Center,23359.418565585125
max_coverage,420034639003,0,Greenfield Senior Center,15779.516159637213
max_coverage,420035625001,2,Sheraden Senior Center,873.4584061403996
max_coverage,420035641002,0,Greenfield Senior Center,16373.446586805432
max_coverage,420034626003,0,Greenfield Senior Center,17338.487158993077
max_coverage,420035620002,23,Bloomfield Pool and Recreation Center,990.902385979026
max_coverage,420031516002,0,Greenfield Senior Center,1072.6629216675665
max_coverage,420034773004,0,Greenfield Senior Center,10763.763915712198
max_coverage,420034782001,0,Greenfield Senior Center,9709.519844642176
max_coverage,420034013002,0,Greenfield Senior Center,36550.20136806956
max_coverage,420035644003,0,Greenfield Senior Center,16003.053000120131
max_coverage,420034592014,0,Greenfield Senior Center,20612.42934786226
max_coverage,420034513002,0,Greenfield Senior Center,27831.44366948617
max_coverage,420035640003,0,Greenfield Senior Center,32975.943874696204
max_coverage,420034705011,0,Greenfield Senior Center,13834.456378617837
max_coverage,420034741022,0,Greenfield Senior Center,19896.85569078604
max_coverage,420034511051,0,Greenfield Senior Center,32984.54088045886
max_coverage,420035638005,0,Greenfield Senior Center,29816.398814309006
max_coverage,420034742033,0,Greenfield Senior Center,22723.618626224034
max_coverage,420035240002,0,Greenfield Senior Center,15162.321560593851
max_coverage,420035236003,0,Greenfield Senior Center,14909.009412248057
max_coverage,420034845003,0,Greenfield Senior Center,6675.646762934549
max_coverage,420034060002,0,Greenfield Senior Center,39546.66132966191
max_coverage,420034742021,0,Greenfield Senior Center,23859.61955308393
max_coverage,420034011001,0,Greenfield Senior Center,40700.525407452165
max_coverage,420034845002,0,Greenfield Senior Center,7263.673971522353
max_coverage,420034900021,0,Greenfield Senior Center,21353.44038265485
max_coverage,420034890024,0,Greenfield Senior Center,14329.798578508888
max_coverage,420034324003,0,Greenfield Senior Center,18048.810763399542
max_coverage,420034460001,0,Greenfield Senior Center,33742.34729818252
max_coverage,420031106002,0,Greenfield Senior Center,7682.500737011602
max_coverage,420035154013,0,Greenfield Senior Center,4663.114192023567
max_coverage,420035620003,80,MAIN (OAKLAND) LIBRARY,1013.5905640561072
max_coverage,420030902003,23,Bloomfield Pool and Recreation Center,733.0416222138994
max_coverage,420031011003,0,Greenfield Senior Center,8399.321604362929
max_coverage,420035524001,0,Greenfield Senior Center,16795.979856387235
max_coverage,420035524002,0,Greenfield Senior Center,17163.1242536333
max_coverage,420035604002,0,Greenfield Senior Center,5628.53549866666
max_coverage,420034311001,0,Greenfield Senior Center,15957.40233430684
max_coverage,420034311002,0,Greenfield Senior Center,15692.503281502037
max_coverage,420034314001,0,Greenfield Senior Center,17351.6429120163
max_coverage,420034315002,0,Greenfield Senior Center,16736.669365210175
max_coverage,420034323001,0,Greenfield Senior Center,18759.32820149433
max_coverage,420034323002,0,Greenfield Senior Center,18003.564480380322
max_coverage,420035642002,0,Greenfield Senior Center,20601.485441136152
max_coverage,420030409003,0,Greenfield Senior Center,1958.11383643027
max_coverage,420034890023,0,Greenfield Senior Center,14593.738451309518
max_coverage,420030201005,0,Greenfield Senior Center,7341.216926180216
max_coverage,420030603001,23,Bloomfield Pool and Recreation Center,814.0722919899589
max_coverage,420031608001,3,South Side Senior Center,651.212989928802
max_coverage,420034340001,0,Greenfield Senior Center,19655.462357561733
max_coverage,420034340002,0,Greenfield Senior Center,20008.23522430526
max_coverage,420034350001,0,Greenfield Senior Center,21722.501373670497
max_coverage,420034350002,0,Greenfield Senior Center,21643.40984383276
max_coverage,420032904003,0,Greenfield Senior Center,7761.646245760355
max_coverage,420035644007,0,Greenfield Senior Center,19322.350605235868
max_coverage,420035154011,0,Greenfield Senior Center,4833.9633832584495
max_coverage,420035154012,0,Greenfield Senior Center,4335.700657685925
max_coverage,420035220001,0,Greenfield Senior Center,18263.898696313096
max_coverage,420035220002,0,Greenfield Senior Center,17685.1176546489
max_coverage,420034705012,0,Greenfield Senior Center,14422.986246824195
max_coverage,420034455001,0,Greenfield Senior Center,30757.91713122339
max_coverage,420035605001,0,Greenfield Senior Center,5379.945927803298
max_coverage,420035614001,0,Greenfield Senior Center,9599.5114816714
max_coverage,420034455002,0,Greenfield Senior Center,32268.97079492571
max_coverage,420034455003,0,Greenfield Senior Center,31387.49540731076
max_coverage,420034460002,0,Greenfield Senior Center,34207.85503731363
max_coverage,420034470001,0,Greenfield Senior Center,36555.9816997183
max_coverage,420035614002,0,Greenfield Senior Center,9326.308106167222
max_coverage,420035614003,0,Greenfield Senior Center,8675.326911735903
max_coverage,420035615001,0,Greenfield Senior Center,8154.779523173998
max_coverage,420034591021,0,Greenfield Senior Center,22295.11890576888
max_coverage,420035615002,0,Greenfield Senior Center,7740.302554869489
max_coverage,420035615003,0,Greenfield Senior Center,7426.989060030905
max_coverage,420031916004,0,Greenfield Senior Center,9847.556270058518
max_coverage,420034292012,0,Greenfield Senior Center,18625.187371711065
max_coverage,420034592021,0,Greenfield Senior Center,18196.045803618228
max_coverage,420034911012,0,Greenfield Senior Center,18227.70314851774
max_coverage,420034643003,0,Greenfield Senior Center,14188.474709170863
max_coverage,420034881001,0,Greenfield Senior Center,7352.667501388093
max_coverage,420034900043,0,Greenfield Senior Center,21765.293825180474
max_coverage,420034912001,0,Greenfield Senior Center,16615.727966627554
max_coverage,420034961022,0,Greenfield Senior Center,25726.952658280443
max_coverage,420035140001,0,Greenfield Senior Center,7052.250364957013
max_coverage,420035214023,0,Greenfield Senior Center,21795.645808765097
max_coverage,420035233004,0,Greenfield Senior Center,12312.149500736652
max_coverage,420035263012,0,Greenfield Senior Center,24508.231010670865
max_coverage,420035520001,0,Greenfield Senior Center,15478.349460817431
max_coverage,420039807001,4,Mount Washington Senior Center,1160.372389044513
max_coverage,420035627001,0,Greenfield Senior Center,9431.182090685385
max_coverage,420032615002,0,Greenfield Senior Center,11278.86624904365
max_coverage,420030709003,80,MAIN (OAKLAND) LIBRARY,1016.607208774453
max_coverage,420039806001,0,Greenfield Senior Center,10888.959038931487
max_coverage,420034268003,0,Greenfield Senior Center,15980.189386830769
max_coverage,420031903002,4,Mount Washington Senior Center,878.5962909907836
max_coverage,420031517003,0,Greenfield Senior Center,361.09688579876297
max_coverage,420031517004,0,Greenfield Senior Center,395.0787356472627
max_coverage,420031609002,3,South Side Senior Center,767.5133624399675
max_coverage,420031702001,0,Greenfield Senior Center,6158.7287355548
max_coverage,420031702003,0,Greenfield Senior Center,5420.107128199471
max_coverage,420031706001,0,Greenfield Senior Center,5412.660825285148
max_coverage,420031706002,0,Greenfield Senior Center,5305.248462427025
max_coverage,420031807003,0,Greenfield Senior Center,7150.7495643850225
max_coverage,420031903001,4,Mount Washington Senior Center,923.4421063948738
max_coverage,420031916002,0,Greenfield Senior Center,9064.290258501727
max_coverage,420031916005,0,Greenfield Senior Center,10267.32760095994
max_coverage,420031917001,0,Greenfield Senior Center,8729.080320704952
max_coverage,420031917002,0,Greenfield Senior Center,9605.962776457904
max_coverage,420031918002,0,Greenfield Senior Center,10730.151956931017
max_coverage,420031918004,0,Greenfield Senior Center,10885.010339234566
max_coverage,420031918005,0,Greenfield Senior Center,10216.774402721216
max_coverage,420031918006,0,Greenfield Senior Center,9768.079106470135
max_coverage,420031918007,0,Greenfield Senior Center,9733.176814590011
max_coverage,420031919001,0,Greenfield Senior Center,10038.77322807066
max_coverage,420031919002,0,Greenfield Senior Center,10083.940994095576
max_coverage,420031919003,0,Greenfield Senior Center,10783.987260524113
max_coverage,420035261013,0,Greenfield Senior Center,22187.742985654422
max_coverage,420034135002,0,Greenfield Senior Center,24214.76956947127
max_coverage,420034020002,0,Greenfield Senior Center,34455.19347390988
max_coverage,420035214011,0,Greenfield Senior Center,21883.781142118132
max_coverage,420031918001,0,Greenfield Senior Center,10372.250208858146
max_coverage,420034271002,0,Greenfield Senior Center,15828.53101261732
max_coverage,420030806002,0,Greenfield Senior Center,4920.880216165192
max_coverage,420035233002,0,Greenfield Senior Center,13461.75913714236
max_coverage,420031403002,84,SQUIRREL HILL LIBRARY,188.68348210547185
max_coverage,420031609001,3,South Side Senior Center,903.6852488142652
max_coverage,420031803001,0,Greenfield Senior Center,6415.464684236979
max_coverage,420031803002,0,Greenfield Senior Center,6261.22529067283
max_coverage,420031803003,0,Greenfield Senior Center,6277.916362757604
max_coverage,420031807002,4,Mount Washington Senior Center,1089.1025087785952
max_coverage,420034012004,0,Greenfield Senior Center,35320.78792931011
max_coverage,420034013001,0,Greenfield Senior Center,36966.77214983616
max_coverage,420034220002,0,Greenfield Senior Center,14557.195844197058
max_coverage,420034220003,0,Greenfield Senior Center,12002.65818589496
max_coverage,420034134003,0,Greenfield Senior Center,20458.288022116707
max_coverage,420031911002,0,Greenfield Senior Center,10130.93829752362
max_coverage,420031914001,4,Mount Washington Senior Center,224.5058236146433
max_coverage,420032614002,0,Greenfield Senior Center,10111.201970688076
max_coverage,420032701001,0,Greenfield Senior Center,14342.990243273587
max_coverage,420032701002,0,Greenfield Senior Center,14759.127245525173
max_coverage,420032703001,0,Greenfield Senior Center,13414.36104829902
max_coverage,420032708001,0,Greenfield Senior Center,14513.937840624018
max_coverage,420034804001,0,Greenfield Senior Center,5595.786132933567
max_coverage,420034927002,0,Greenfield Senior Center,16898.2226079784
max_coverage,420032708002,0,Greenfield Senior Center,13274.74534868558
max_coverage,420035638003,0,Greenfield Senior Center,25804.19420746634
max_coverage,420032902005,0,Greenfield Senior Center,6412.0464227345665
max_coverage,420033102001,0,Greenfield Senior Center,7305.618666045153
max_coverage,420033102002,0,Greenfield Senior Center,8712.832787764655
max_coverage,420033204001,0,Greenfield Senior Center,8607.945429222087
max_coverage,420033204002,0,Greenfield Senior Center,8169.150685666548
max_coverage,420033206001,0,Greenfield Senior Center,8719.745654577338
max_coverage,420034961023,0,Greenfield Senior Center,29941.280783224945
max_coverage,420035523001,0,Greenfield Senior Center,14897.426223083894
max_coverage,420034012001,0,Greenfield Senior Center,36256.18062175826
max_coverage,420034012002,0,Greenfield Senior Center,36661.63626330499
max_coverage,420034012003,0,Greenfield Senior Center,35203.190497599324
max_coverage,420034070011,0,Greenfield Senior Center,33523.572984788
max_coverage,420034070013,0,Greenfield Senior Center,33183.2883259676
max_coverage,420034070024,0,Greenfield Senior Center,26521.54040888087
max_coverage,420034080011,0,Greenfield Senior Center,32407.635482927064
max_coverage,420034080022,0,Greenfield Senior Center,29842.298114144334
max_coverage,420030203001,0,Greenfield Senior Center,6601.680785511513
max_coverage,420030305001,8,Hill House Senior Center,432.9428149106053
max_coverage,420030305002,8,Hill House Senior Center,350.4951213795443
max_coverage,420030506001,23,Bloomfield Pool and Recreation Center,1195.6680162020975
max_coverage,420030506002,0,Greenfield Senior Center,4675.083383836694
max_coverage,420030509001,0,Greenfield Senior Center,5708.399374998883
max_coverage,420030510001,8,Hill House Senior Center,1219.6448915473757
max_coverage,420034315004,0,Greenfield Senior Center,16515.818516523766
max_coverage,420035604001,0,Greenfield Senior Center,5954.947314287691
max_coverage,420030802001,23,Bloomfield Pool and Recreation Center,494.4475615302853
max_coverage,420030804001,23,Bloomfield Pool and Recreation Center,1245.9591994752907
max_coverage,420030804002,23,Bloomfield Pool and Recreation Center,1190.8449320561283
max_coverage,420030806001,0,Greenfield Senior Center,5397.138818336303
max_coverage,420030807001,73,EAST LIBERTY LIBRARY,825.239629780897
max_coverage,420030807002,73,EAST LIBERTY LIBRARY,978.5760124207123
max_coverage,420030809001,23,Bloomfield Pool and Recreation Center,798.4143368444535
max_coverage,420030809002,0,Greenfield Senior Center,5736.526046624097
max_coverage,420032814001,2,Sheraden Senior Center,797.0780752405528
max_coverage,420032815001,0,Greenfield Senior Center,12857.108456181892
max_coverage,420032901001,0,Greenfield Senior Center,7204.25040198405
max_coverage,420034011004,0,Greenfield Senior Center,38358.36724553938
max_coverage,420034132022,0,Greenfield Senior Center,25426.43533423612
max_coverage,420034150022,0,Greenfield Senior Center,17406.67420475968
max_coverage,420034211002,0,Greenfield Senior Center,14087.867919910896
max_coverage,420034211004,0,Greenfield Senior Center,11600.476839721843
max_coverage,420034212001,0,Greenfield Senior Center,12199.0568395329
max_coverage,420034220001,0,Greenfield Senior Center,17877.12659730879
max_coverage,420034133001,0,Greenfield Senior Center,22521.018993903017
max_coverage,420034133002,0,Greenfield Senior Center,23254.859781718547
max_coverage,420034134001,0,Greenfield Senior Center,21227.08703106276
max_coverage,420034134002,0,Greenfield Senior Center,21515.00638349518
max_coverage,420034160001,0,Greenfield Senior Center,23694.315351183497
max_coverage,420034160002,0,Greenfield Senior Center,25148.790023040827
max_coverage,420034171001,0,Greenfield Senior Center,24511.056272437178
max_coverage,420034171003,0,Greenfield Senior Center,23740.95574701862
max_coverage,420034172001,0,Greenfield Senior Center,23844.39373385517
max_coverage,420034230001,0,Greenfield Senior Center,10990.54278285286
max_coverage,420034230002,0,Greenfield Senior Center,10257.378920814288
max_coverage,420034230003,0,Greenfield Senior Center,10187.410262463112
max_coverage,420034240001,0,Greenfield Senior Center,10455.872451649506
max_coverage,420034200001,0,Greenfield Senior Center,12915.111248464853
max_coverage,420034035003,0,Greenfield Senior Center,32858.155846442474
max_coverage,420034135003,0,Greenfield Senior Center,22537.765004118664
max_coverage,420034141011,0,Greenfield Senior Center,26729.18694416836
max_coverage,420034141013,0,Greenfield Senior Center,25278.468133357845
max_coverage,420034142002,0,Greenfield Senior Center,20276.547810695574
max_coverage,420034190002,0,Greenfield Senior Center,22387.99762253315
max_coverage,420034190003,0,Greenfield Senior Center,19571.874963362985
max_coverage,420034211001,0,Greenfield Senior Center,16062.128895626627
max_coverage,420034180001,0,Greenfield Senior Center,22668.444342529183
max_coverage,420034020003,0,Greenfield Senior Center,33929.91057006509
max_coverage,420034035001,0,Greenfield Senior Center,32379.75468963427
max_coverage,420034035002,0,Greenfield Senior Center,33110.73401580645
max_coverage,420031401002,84,SQUIRREL HILL LIBRARY,1173.8667379273334
max_coverage,420034035004,0,Greenfield Senior Center,32677.07211491965
max_coverage,420034035005,0,Greenfield Senior Center,31581.680076502777
max_coverage,420034040001,0,Greenfield Senior Center,29255.91566254799
max_coverage,420034050001,0,Greenfield Senior Center,30476.9990664181
max_coverage,420031402001,0,Greenfield Senior Center,3743.213865622038
max_coverage,420031402002,0,Greenfield Senior Center,3368.229140250862
max_coverage,420031403003,84,SQUIRREL HILL LIBRARY,602.310206527181
max_coverage,420031404001,0,Greenfield Senior Center,4749.7973137913295
max_coverage,420031404002,0,Greenfield Senior Center,4104.291258585687
max_coverage,420034885003,0,Greenfield Senior Center,11270.068417850018
max_coverage,420035638002,0,Greenfield Senior Center,27710.04838722719
max_coverage,420039822001,80,MAIN (OAKLAND) LIBRARY,651.780949111803
max_coverage,420035630001,0,Greenfield Senior Center,16819.532167758483
max_coverage,420034772004,0,Greenfield Senior Center,10649.0530607022
max_coverage,420034773002,0,Greenfield Senior Center,8976.957304953161
max_coverage,420035624001,0,Greenfield Senior Center,7557.622925096991
max_coverage,420034731001,0,Greenfield Senior Center,13218.481882620728
max_coverage,420034731003,0,Greenfield Senior Center,13621.113369216951
max_coverage,420034734011,0,Greenfield Senior Center,13501.7008988262
max_coverage,420035213022,0,Greenfield Senior Center,17543.002426609382
max_coverage,420035620001,80,MAIN (OAKLAND) LIBRARY,1099.962800403009
max_coverage,420034772003,0,Greenfield Senior Center,11811.80601327066
max_coverage,420034843003,0,Greenfield Senior Center,4532.856731967597
max_coverage,420034706002,0,Greenfield Senior Center,17203.034682744812
max_coverage,420034710001,0,Greenfield Senior Center,17848.58615943873
max_coverage,420034721002,0,Greenfield Senior Center,11785.840226013668
max_coverage,420034722001,0,Greenfield Senior Center,12114.389225161764
max_coverage,420034723001,0,Greenfield Senior Center,11406.035350837015
max_coverage,420034723002,0,Greenfield Senior Center,11791.111103227127
max_coverage,420034724001,0,Greenfield Senior Center,12375.427687520058
max_coverage,420034724002,0,Greenfield Senior Center,12452.326471693936
max_coverage,420034781001,0,Greenfield Senior Center,8046.889751694716
max_coverage,420034781002,0,Greenfield Senior Center,8680.099570643342
max_coverage,420034781003,0,Greenfield Senior Center,9573.995298040329
max_coverage,420034731004,0,Greenfield Senior Center,13665.117863657217
max_coverage,420034731005,0,Greenfield Senior Center,12999.752474803445
max_coverage,420034732001,0,Greenfield Senior Center,13597.886466945414
max_coverage,420034732002,0,Greenfield Senior Center,13753.026360975726
max_coverage,420034732003,0,Greenfield Senior Center,14048.624546323974
max_coverage,420034781004,0,Greenfield Senior Center,8730.445108873177
max_coverage,420030709004,0,Greenfield Senior Center,4159.501309225367
max_coverage,420034733001,0,Greenfield Senior Center,11493.63616035513
max_coverage,420034733002,0,Greenfield Senior Center,12781.985511997113
max_coverage,420034733003,0,Greenfield Senior Center,12312.83048615548
max_coverage,420034733004,0,Greenfield Senior Center,12836.463274857528
max_coverage,420034790001,0,Greenfield Senior Center,10341.189786048337
max_coverage,420034801011,0,Greenfield Senior Center,12690.813314218223
max_coverage,420034801012,0,Greenfield Senior Center,13687.29693467848
max_coverage,420034801013,0,Greenfield Senior Center,12570.67284316946
max_coverage,420034801014,0,Greenfield Senior Center,13240.444628271003
max_coverage,420034801021,0,Greenfield Senior Center,13190.058561612155
max_coverage,420034890021,0,Greenfield Senior Center,12978.552628714251
max_coverage,420035645003,0,Greenfield Senior Center,22427.6577352144
max_coverage,420039805001,0,Greenfield Senior Center,1591.6980757775505
max_coverage,420034773003,0,Greenfield Senior Center,9910.017644804802
max_coverage,420034733005,0,Greenfield Senior Center,12461.75920397794
max_coverage,420034734012,0,Greenfield Senior Center,13569.20381195887
max_coverage,420034802003,0,Greenfield Senior Center,11622.05115758818
max_coverage,420034734013,0,Greenfield Senior Center,13816.310877351943
max_coverage,420034734014,0,Greenfield Senior Center,14505.55930910713
max_coverage,420034734021,0,Greenfield Senior Center,15698.649586998632
max_coverage,420034801022,0,Greenfield Senior Center,13661.165665762845
max_coverage,420034801023,0,Greenfield Senior Center,13698.563783878732
max_coverage,420035619001,0,Greenfield Senior Center,8421.107141882818
max_coverage,420034734022,0,Greenfield Senior Center,14165.04953743364
max_coverage,420034734023,0,Greenfield Senior Center,14892.752643629328
max_coverage,420034735001,0,Greenfield Senior Center,14894.729636561147
max_coverage,420034735002,0,Greenfield Senior Center,15551.8398565624
max_coverage,420032614003,0,Greenfield Senior Center,10418.684629904596
max_coverage,420031920002,0,Greenfield Senior Center,10364.036890381172
max_coverage,420031517006,0,Greenfield Senior Center,507.7711901065992
max_coverage,420031414002,0,Greenfield Senior Center,1709.901864782424
max_coverage,420034705022,0,Greenfield Senior Center,15454.310775656742
max_coverage,420034843002,0,Greenfield Senior Center,5783.708932458454
max_coverage,420034626001,0,Greenfield Senior Center,16200.785723813353
max_coverage,420034639002,0,Greenfield Senior Center,15863.54064818361
max_coverage,420034621002,0,Greenfield Senior Center,19259.72242397863
max_coverage,420034621003,0,Greenfield Senior Center,17315.256557300287
max_coverage,420034626004,0,Greenfield Senior Center,16713.485419740166
max_coverage,420034706003,0,Greenfield Senior Center,17641.6575158193
max_coverage,420035236002,0,Greenfield Senior Center,13852.943833516518
max_coverage,420034890022,0,Greenfield Senior Center,13636.018952297358
max_coverage,420034736011,0,Greenfield Senior Center,15133.650845231936
max_coverage,420034736012,0,Greenfield Senior Center,15019.39112285507
max_coverage,420034736021,0,Greenfield Senior Center,15750.068230480898
max_coverage,420034803002,0,Greenfield Senior Center,5467.07575891451
max_coverage,420034736022,0,Greenfield Senior Center,16514.55374611772
max_coverage,420034736023,0,Greenfield Senior Center,17246.41738754858
max_coverage,420034741011,0,Greenfield Senior Center,17174.306938779602
max_coverage,420034742031,0,Greenfield Senior Center,21194.85420113406
max_coverage,420034742032,0,Greenfield Senior Center,23226.118731899624
max_coverage,420034751011,0,Greenfield Senior Center,15044.767788154815
max_coverage,420034845001,0,Greenfield Senior Center,7737.789756904169
max_coverage,420034845004,0,Greenfield Senior Center,6305.355543913964
max_coverage,420034751012,0,Greenfield Senior Center,15052.405751080449
max_coverage,420034751013,0,Greenfield Senior Center,16576.27965353794
max_coverage,420034751014,0,Greenfield Senior Center,16699.385608193774
max_coverage,420034752002,0,Greenfield Senior Center,18193.48532979184
max_coverage,420031920001,0,Greenfield Senior Center,9798.959548190614
max_coverage,420034600012,0,Greenfield Senior Center,21133.911143985948
max_coverage,420034293002,0,Greenfield Senior Center,19894.706831327836
max_coverage,420035180012,0,Greenfield Senior Center,8511.315966459175
max_coverage,420035180011,0,Greenfield Senior Center,7798.314345812007
max_coverage,420035170001,0,Greenfield Senior Center,7190.557557296982
max_coverage,420030201004,0,Greenfield Senior Center,6918.932070301704
max_coverage,420034772002,0,Greenfield Senior Center,10200.822355583692
max_coverage,420031414001,0,Greenfield Senior Center,1535.1103937640723
max_coverage,420031018001,0,Greenfield Senior Center,8470.205710414193
max_coverage,420034656002,0,Greenfield Senior Center,14185.114276433498
max_coverage,420034753031,0,Greenfield Senior Center,20062.16344829114
max_coverage,420034658002,0,Greenfield Senior Center,15066.819266445356
max_coverage,420034658003,0,Greenfield Senior Center,15757.257341820849
max_coverage,420032902001,0,Greenfield Senior Center,5950.314108808576
max_coverage,420034754021,0,Greenfield Senior Center,17908.124361110873
max_coverage,420034643001,0,Greenfield Senior Center,15287.302276338543
max_coverage,420034644001,0,Greenfield Senior Center,15509.06293405698
max_coverage,420034752003,0,Greenfield Senior Center,18968.158167980208
max_coverage,420034753011,0,Greenfield Senior Center,16476.03977153964
max_coverage,420034753012,0,Greenfield Senior Center,17531.894803487587
max_coverage,420034753013,0,Greenfield Senior Center,18854.727975634694
max_coverage,420034846002,0,Greenfield Senior Center,5670.712714070768
max_coverage,420034868001,0,Greenfield Senior Center,13181.358728454152
max_coverage,420034868002,0,Greenfield Senior Center,12036.265013687402
max_coverage,420034735003,0,Greenfield Senior Center,15908.189806736102
max_coverage,420034271001,0,Greenfield Senior Center,13221.35451081709
max_coverage,420035231004,0,Greenfield Senior Center,8275.439672049657
max_coverage,420035253002,0,Greenfield Senior Center,18141.085821760676
max_coverage,420034644003,0,Greenfield Senior Center,14955.5164299483
max_coverage,420034656001,0,Greenfield Senior Center,15187.685743082217
max_coverage,420034753032,0,Greenfield Senior Center,21293.914501491425
max_coverage,420034753033,0,Greenfield Senior Center,21043.421961501583
max_coverage,420034753041,0,Greenfield Senior Center,21882.18943276213
max_coverage,420034850001,0,Greenfield Senior Center,6469.441462682988
max_coverage,420034867001,0,Greenfield Senior Center,11031.937880821812
max_coverage,420034802001,0,Greenfield Senior Center,9469.969281664877
max_coverage,420031920003,0,Greenfield Senior Center,10843.445959130242
max_coverage,420032509002,0,Greenfield Senior Center,9427.1722584758
max_coverage,420035041005,0,Greenfield Senior Center,14438.14901045956
max_coverage,420034600011,0,Greenfield Senior Center,21995.276353038505
max_coverage,420034961011,0,Greenfield Senior Center,23862.485551762755
max_coverage,420034753042,0,Greenfield Senior Center,22514.36686092873
max_coverage,420034753043,0,Greenfield Senior Center,22123.13252567932
max_coverage,420034753044,0,Greenfield Senior Center,20966.877888696985
max_coverage,420034754011,0,Greenfield Senior Center,14032.73407168791
max_coverage,420034754012,0,Greenfield Senior Center,14601.049829978208
max_coverage,420034867002,0,Greenfield Senior Center,11681.299566999223
max_coverage,420032901002,0,Greenfield Senior Center,7360.429552880556
max_coverage,420032901003,0,Greenfield Senior Center,7411.338599024333
max_coverage,420032902002,0,Greenfield Senior Center,6850.421654186208
max_coverage,420032902003,0,Greenfield Senior Center,6762.328222748337
max_coverage,420032902004,0,Greenfield Senior Center,6606.455434445128
max_coverage,420034135004,0,Greenfield Senior Center,23221.332856782177
max_coverage,420034141012,0,Greenfield Senior Center,23742.47263884314
max_coverage,420034141023,0,Greenfield Senior Center,24881.069467657868
max_coverage,420034080013,0,Greenfield Senior Center,31703.208403382618
max_coverage,420034171002,0,Greenfield Senior Center,23798.578796587844
max_coverage,420034264004,0,Greenfield Senior Center,14720.043754703122
max_coverage,420034291001,0,Greenfield Senior Center,13360.24783854697
max_coverage,420034292011,0,Greenfield Senior Center,19356.47962235988
max_coverage,420034297001,0,Greenfield Senior Center,15320.379075894069
max_coverage,420034315003,0,Greenfield Senior Center,16788.156639189765
max_coverage,420034324001,0,Greenfield Senior Center,17595.35170913217
max_coverage,420034370002,0,Greenfield Senior Center,26382.002496930025
max_coverage,420034520003,0,Greenfield Senior Center,36032.721822382366
max_coverage,420034560032,0,Greenfield Senior Center,23793.45169348281
max_coverage,420034591022,0,Greenfield Senior Center,21676.811072882636
max_coverage,420034626002,0,Greenfield Senior Center,17348.88676861762
max_coverage,420034703001,0,Greenfield Senior Center,17024.906456795823
max_coverage,420034592012,0,Greenfield Senior Center,24675.604806834453
max_coverage,420034950001,0,Greenfield Senior Center,27584.36763764775
max_coverage,420034687002,0,Greenfield Senior Center,16940.432687759898
max_coverage,420034688001,0,Greenfield Senior Center,17320.58189176283
max_coverage,420034688002,0,Greenfield Senior Center,17658.8811956626
max_coverage,420034688003,0,Greenfield Senior Center,17799.33910563414
max_coverage,420033206002,0,Greenfield Senior Center,8727.659025059356
max_coverage,420033207001,0,Greenfield Senior Center,9050.399804392531
max_coverage,420034689001,0,Greenfield Senior Center,15785.713859841886
max_coverage,420034754013,0,Greenfield Senior Center,15840.056966788754
max_coverage,420034754022,0,Greenfield Senior Center,19891.068530090568
max_coverage,420034761001,0,Greenfield Senior Center,10744.49114155619
max_coverage,420033207002,0,Greenfield Senior Center,9618.437648341382
max_coverage,420034011003,0,Greenfield Senior Center,38228.263603468375
max_coverage,420034825001,0,Greenfield Senior Center,4299.714449404634
max_coverage,420034762001,0,Greenfield Senior Center,10745.948416723182
max_coverage,420031411001,0,Greenfield Senior Center,3488.651950373752
max_coverage,420034761002,0,Greenfield Senior Center,11441.597628063437
max_coverage,420035238004,0,Greenfield Senior Center,13764.754960792958
max_coverage,420034689002,0,Greenfield Senior Center,15722.373256959425
max_coverage,420034761005,0,Greenfield Senior Center,14283.063746279482
max_coverage,420034736024,0,Greenfield Senior Center,16964.00521134558
max_coverage,420034803003,0,Greenfield Senior Center,6179.560577518577
max_coverage,420034843001,0,Greenfield Senior Center,4955.48660828649
max_coverage,420034890011,0,Greenfield Senior Center,12296.800140457146
max_coverage,420034900042,0,Greenfield Senior Center,20437.492217983938
max_coverage,420034950002,0,Greenfield Senior Center,31039.12681964398
max_coverage,420034961021,0,Greenfield Senior Center,25111.356311958574
max_coverage,420034980002,0,Greenfield Senior Center,16463.578800962037
max_coverage,420035211003,0,Greenfield Senior Center,17408.633259759394
max_coverage,420035213013,0,Greenfield Senior Center,18770.97998158734
max_coverage,420035213023,0,Greenfield Senior Center,16663.727749003647
max_coverage,420034689003,0,Greenfield Senior Center,16707.121297461123
max_coverage,420034690002,0,Greenfield Senior Center,13247.581252683029
max_coverage,420034761003,0,Greenfield Senior Center,12352.713552640782
max_coverage,420034761004,0,Greenfield Senior Center,13410.060788217756
max_coverage,420035237024,0,Greenfield Senior Center,18591.44222692174
max_coverage,420034762002,0,Greenfield Senior Center,12001.301472296362
max_coverage,420035214021,0,Greenfield Senior Center,20223.887351533685
max_coverage,420035231001,0,Greenfield Senior Center,10689.238580415313
max_coverage,420035232001,0,Greenfield Senior Center,10917.509430192484
max_coverage,420035237021,0,Greenfield Senior Center,18108.253080087517
max_coverage,420035261011,0,Greenfield Senior Center,27168.953362103955
max_coverage,420035261012,0,Greenfield Senior Center,23454.10602675285
max_coverage,420035262012,0,Greenfield Senior Center,22015.378228819813
max_coverage,420035513002,0,Greenfield Senior Center,18326.531285559995
max_coverage,420030201002,0,Greenfield Senior Center,8003.479149213492
max_coverage,420035240003,0,Greenfield Senior Center,16281.85301997757
max_coverage,420035605002,0,Greenfield Senior Center,5296.9015839903905
max_coverage,420030201001,0,Greenfield Senior Center,8116.815819234824
max_coverage,420034838001,0,Greenfield Senior Center,4418.524847864815
max_coverage,420030703001,0,Greenfield Senior Center,4114.8342567628915
max_coverage,420034804003,0,Greenfield Senior Center,6688.446849233501
max_coverage,420034810001,0,Greenfield Senior Center,5532.32928408395
max_coverage,420034810002,0,Greenfield Senior Center,5572.1580954017445
max_coverage,420034810003,0,Greenfield Senior Center,6113.569157843589
max_coverage,420034810004,0,Greenfield Senior Center,5902.8812687452155
max_coverage,420030201003,0,Greenfield Senior Center,7360.192540656463
max_coverage,420030402002,0,Greenfield Senior Center,3801.712455227739
max_coverage,420030404001,80,MAIN (OAKLAND) LIBRARY,347.29646507581424
max_coverage,420030405001,80,MAIN (OAKLAND) LIBRARY,701.0835070629319
max_coverage,420030405002,0,Greenfield Senior Center,3150.360506217816
max_coverage,420030510002,0,Greenfield Senior Center,4467.382456871059
max_coverage,420030511001,8,Hill House Senior Center,660.7900066148727
max_coverage,420030603002,0,Greenfield Senior Center,6988.118679664695
max_coverage,420030605001,0,Greenfield Senior Center,5972.422761741937
max_coverage,420030605002,23,Bloomfield Pool and Recreation Center,989.2653718649308
max_coverage,420034704002,0,Greenfield Senior Center,17942.416638623647
max_coverage,420030708002,73,EAST LIBERTY LIBRARY,1246.844928122901
max_coverage,420030703002,0,Greenfield Senior Center,3765.284373674284
max_coverage,420034703002,0,Greenfield Senior Center,17468.966260741316
max_coverage,420034704001,0,Greenfield Senior Center,18044.06652692525
max_coverage,420032602001,0,Greenfield Senior Center,13026.359660952672
max_coverage,420032602002,0,Greenfield Senior Center,13496.598249952878
max_coverage,420032607001,0,Greenfield Senior Center,11933.638808813495
max_coverage,420032607002,0,Greenfield Senior Center,11534.367509019874
max_coverage,420034900041,0,Greenfield Senior Center,20090.066799206532
max_coverage,420034704003,0,Greenfield Senior Center,18906.186867926604
max_coverage,420034771001,0,Greenfield Senior Center,11408.447814417254
max_coverage,420034771002,0,Greenfield Senior Center,12526.857695081222
max_coverage,420034771003,0,Greenfield Senior Center,12653.67388787349
max_coverage,420034772001,0,Greenfield Senior Center,9382.732244744682
max_coverage,420034295003,0,Greenfield Senior Center,16672.884094327215
max_coverage,420030409001,0,Greenfield Senior Center,3337.823996988757
max_coverage,420030409002,0,Greenfield Senior Center,2405.3766231160994
max_coverage,420030501001,8,Hill House Senior Center,684.3800829528172
max_coverage,420030406001,80,MAIN (OAKLAND) LIBRARY,858.0991099539435
max_coverage,420030501002,0,Greenfield Senior Center,5124.731852069382
max_coverage,420030703003,0,Greenfield Senior Center,3736.230978599411
max_coverage,420030705001,73,EAST LIBERTY LIBRARY,845.9287101546205
max_coverage,420030705003,73,EAST LIBERTY LIBRARY,601.5650308121456
max_coverage,420030706001,73,EAST LIBERTY LIBRARY,976.3060901237762
max_coverage,420030706002,0,Greenfield Senior Center,4106.321806031274
max_coverage,420030708001,73,EAST LIBERTY LIBRARY,616.5119710687968
max_coverage,420030901001,0,Greenfield Senior Center,8050.749988596131
max_coverage,420030709001,0,Greenfield Senior Center,4355.421601378781
max_coverage,420030709002,80,MAIN (OAKLAND) LIBRARY,1118.0520467698493
max_coverage,420035200012,0,Greenfield Senior Center,13535.20291088314
max_coverage,420031102003,0,Greenfield Senior Center,7618.937038576631
max_coverage,420030902001,23,Bloomfield Pool and Recreation Center,1230.891110900865
max_coverage,420030902002,23,Bloomfield Pool and Recreation Center,1054.165720016206
max_coverage,420030903001,23,Bloomfield Pool and Recreation Center,479.5137723261796
max_coverage,420030903002,23,Bloomfield Pool and Recreation Center,348.3125054539718
max_coverage,420031102002,0,Greenfield Senior Center,7611.6330971300995
max_coverage,420031102004,0,Greenfield Senior Center,7124.985434588875
max_coverage,420031203001,0,Greenfield Senior Center,7555.988921161562
max_coverage,420031203002,0,Greenfield Senior Center,7282.764867084627
max_coverage,420032615001,0,Greenfield Senior Center,10766.99512353004
max_coverage,420032620001,0,Greenfield Senior Center,8507.205001069888
max_coverage,420032620002,0,Greenfield Senior Center,8840.512337709673
max_coverage,420031005001,0,Greenfield Senior Center,7473.46958780656
max_coverage,420031005002,0,Greenfield Senior Center,7787.740129218463
max_coverage,420031011001,0,Greenfield Senior Center,8168.73270912603
max_coverage,420031011002,0,Greenfield Senior Center,8911.97834621303
max_coverage,420031113001,0,Greenfield Senior Center,6796.586334123911
max_coverage,420031014001,0,Greenfield Senior Center,9196.27920779503
max_coverage,420031014004,0,Greenfield Senior Center,8057.681969086427
max_coverage,420031106003,0,Greenfield Senior Center,6988.182568809125
max_coverage,420031404003,0,Greenfield Senior Center,4109.335200141798
max_coverage,420034803001,0,Greenfield Senior Center,4356.789151112401
max_coverage,420031113002,73,EAST LIBERTY LIBRARY,1213.5534187907497
max_coverage,420031113003,73,EAST LIBERTY LIBRARY,1024.142989472315
max_coverage,420031113004,73,EAST LIBERTY LIBRARY,1197.141255276566
max_coverage,420031114001,73,EAST LIBERTY LIBRARY,980.9356021358036
max_coverage,420031114002,73,EAST LIBERTY LIBRARY,1137.5261467131295
max_coverage,420031115002,73,EAST LIBERTY LIBRARY,366.1127248645657
max_coverage,420031302001,1,Homewood Senior Center,304.90843621211036
max_coverage,420031405001,1,Homewood Senior Center,1079.2684645964612
max_coverage,420031405002,0,Greenfield Senior Center,5326.045958431185
max_coverage,420031408001,0,Greenfield Senior Center,2679.8755714589447
max_coverage,420031414003,0,Greenfield Senior Center,1976.1020866766216
max_coverage,420034883001,0,Greenfield Senior Center,8616.671977544116
max_coverage,420034520002,0,Greenfield Senior Center,31199.29879263446
max_coverage,420034927001,0,Greenfield Senior Center,18589.836067599783
max_coverage,420034520001,0,Greenfield Senior Center,38710.602533543635
max_coverage,420034513003,0,Greenfield Senior Center,30293.008049953125
max_coverage,420034736013,0,Greenfield Senior Center,14875.554874544168
max_coverage,420034390001,0,Greenfield Senior Center,35435.91839070899
max_coverage,420034141022,0,Greenfield Senior Center,22488.412808866924
max_coverage,420034131001,0,Greenfield Senior Center,27301.038038329883
max_coverage,420035100002,0,Greenfield Senior Center,11169.659158404327
max_coverage,420034296001,0,Greenfield Senior Center,17740.997983634432
max_coverage,420034150012,0,Greenfield Senior Center,21860.479144649336
max_coverage,420034100001,0,Greenfield Senior Center,34586.40545934162
max_coverage,420034120022,0,Greenfield Senior Center,25242.901129821963
max_coverage,420031413002,0,Greenfield Senior Center,1206.9898621624131
max_coverage,420031413003,84,SQUIRREL HILL LIBRARY,988.7901445371564
max_coverage,420031516001,0,Greenfield Senior Center,596.4463322444366
max_coverage,420034560033,0,Greenfield Senior Center,29385.006258535923
max_coverage,420034742022,0,Greenfield Senior Center,21557.57957778039
max_coverage,420034132011,0,Greenfield Senior Center,24663.033108202515
max_coverage,420034132012,0,Greenfield Senior Center,25369.110090781312
max_coverage,420034132013,0,Greenfield Senior Center,24218.499482744777
max_coverage,420034272004,0,Greenfield Senior Center,9264.79613919669
max_coverage,420034315001,0,Greenfield Senior Center,17316.225913152786
max_coverage,420031401001,80,MAIN (OAKLAND) LIBRARY,1054.923093225756
max_coverage,420031408002,84,SQUIRREL HILL LIBRARY,585.1745943997664
max_coverage,420031408003,84,SQUIRREL HILL LIBRARY,1097.9845738631695
max_coverage,420031413001,84,SQUIRREL HILL LIBRARY,741.0327202693445
max_coverage,420031403001,84,SQUIRREL HILL LIBRARY,1235.7013059033377
max_coverage,420034742011,0,Greenfield Senior Center,20190.1218236743
max_coverage,420034220004,0,Greenfield Senior Center,15055.6566821396
max_coverage,420034802002,0,Greenfield Senior Center,11104.888130141471
max_coverage,420033001002,0,Greenfield Senior Center,6391.638584373401
max_coverage,420035080002,0,Greenfield Senior Center,14749.777777626996
max_coverage,420034962004,0,Greenfield Senior Center,21445.865431305974
max_coverage,420034272003,0,Greenfield Senior Center,10367.0850600328
max_coverage,420034020004,0,Greenfield Senior Center,33901.14130489363
max_coverage,420034150021,0,Greenfield Senior Center,20080.06534063733
max_coverage,420034591023,0,Greenfield Senior Center,24201.98625343392
max_coverage,420030705002,73,EAST LIBERTY LIBRARY,1119.9365367866396
max_coverage,420034520004,0,Greenfield Senior Center,41175.60971655337
max_coverage,420034508002,0,Greenfield Senior Center,28276.45528455324
max_coverage,420034886004,0,Greenfield Senior Center,12250.049944107272
max_coverage,420034804004,0,Greenfield Senior Center,7633.497216310378
max_coverage,420034790002,0,Greenfield Senior Center,11190.806839499455
max_coverage,420031807001,4,Mount Washington Senior Center,870.2730062824587
max_coverage,420034070022,0,Greenfield Senior Center,28603.37995640698
max_coverage,420034592013,0,Greenfield Senior Center,22062.99239063367
max_coverage,420034600023,0,Greenfield Senior Center,21039.460762222425
max_coverage,420031517001,0,Greenfield Senior Center,955.7932151661354
max_coverage,420035212002,0,Greenfield Senior Center,15595.230554843938
max_coverage,420035524003,0,Greenfield Senior Center,16477.17934255131
max_coverage,420035261021,0,Greenfield Senior Center,26196.06278093853
max_coverage,420034150011,0,Greenfield Senior Center,24212.242329106095
max_coverage,420034211003,0,Greenfield Senior Center,13008.869284708411
max_coverage,420034141021,0,Greenfield Senior Center,25931.035788545443
max_coverage,420032022001,2,Sheraden Senior Center,853.1701756076578
max_coverage,420032815002,0,Greenfield Senior Center,13514.934841074904
max_coverage,420034324002,0,Greenfield Senior Center,18312.40923723218
max_coverage,420034773001,0,Greenfield Senior Center,9002.185550422611
max_coverage,420035041004,0,Greenfield Senior Center,12585.463237322898
max_coverage,420034292022,0,Greenfield Senior Center,14737.308125045589
max_coverage,420031102001,0,Greenfield Senior Center,7965.145029544126
max_coverage,420033001001,0,Greenfield Senior Center,6302.773075921358
max_coverage,420034929002,0,Greenfield Senior Center,20089.30653492474
max_coverage,420035212003,0,Greenfield Senior Center,14295.57129002188
max_coverage,420035213014,0,Greenfield Senior Center,19434.89892221605
max_coverage,420034560041,0,Greenfield Senior Center,23734.105314351866
max_coverage,420032904001,0,Greenfield Senior Center,7867.89378153976
max_coverage,420032904002,0,Greenfield Senior Center,7263.944617794596
max_coverage,420033102003,0,Greenfield Senior Center,7425.871130165349
max_coverage,420031106001,0,Greenfield Senior Center,7253.679002536993
max_coverage,420034131004,0,Greenfield Senior Center,28930.890421006636
max_coverage,420034370001,0,Greenfield Senior Center,22820.698742623783
max_coverage,420034070012,0,Greenfield Senior Center,35140.340537587486
max_coverage,420034870002,0,Greenfield Senior Center,11992.122345359665
max_coverage,420031920005,0,Greenfield Senior Center,9908.399572175937
max_coverage,420034804002,0,Greenfield Senior Center,6363.955980630992
max_coverage,420034511012,0,Greenfield Senior Center,34092.447723322824
max_coverage,420030404002,80,MAIN (OAKLAND) LIBRARY,704.2560195111012
max_coverage,420034131002,0,Greenfield Senior Center,26583.912788339872
max_coverage,420035638001,0,Greenfield Senior Center,22615.527922637255
max_coverage,420035633001,0,Greenfield Senior Center,29552.14744153705
max_coverage,420034511041,0,Greenfield Senior Center,38828.42459379783
max_coverage,420034511023,0,Greenfield Senior Center,32877.992708584374
max_coverage,420034511053,0,Greenfield Senior Center,36428.199840332214
max_coverage,420034513001,0,Greenfield Senior Center,27999.209661430607
max_coverage,420034530041,0,Greenfield Senior Center,31758.09768846512
max_coverage,420031915001,0,Greenfield Senior Center,8372.6726055342
max_coverage,420031916001,0,Greenfield Senior Center,9725.52067924412
max_coverage,420034530032,0,Greenfield Senior Center,27185.56003516903
max_coverage,420035640002,0,Greenfield Senior Center,31664.45856726669
max_coverage,420034687001,0,Greenfield Senior Center,16889.636092922032
max_coverage,420031014003,0,Greenfield Senior Center,7356.437518348833
max_coverage,420032022002,2,Sheraden Senior Center,631.2268392176344
max_coverage,420032023001,0,Greenfield Senior Center,11019.517388087172
max_coverage,420032023002,0,Greenfield Senior Center,12443.833694684445
max_coverage,420032023003,0,Greenfield Senior Center,11820.008525696474
max_coverage,420034190001,0,Greenfield Senior Center,21486.988944497814
max_coverage,420034741012,0,Greenfield Senior Center,19006.25396127672
max_coverage,420034961012,0,Greenfield Senior Center,26559.09467412503
max_coverage,420035200022,0,Greenfield Senior Center,11102.611694730338
max_coverage,420035237011,0,Greenfield Senior Center,18583.620845157737
max_coverage,420035030025,0,Greenfield Senior Center,17809.741314762978
max_coverage,420034080012,0,Greenfield Senior Center,33592.97879196152
max_coverage,420034020001,0,Greenfield Senior Center,34776.97727862939
max_coverage,420034752004,0,Greenfield Senior Center,20658.812579498714
max_coverage,420034600022,0,Greenfield Senior Center,19346.365803898756
max_coverage,420035214022,0,Greenfield Senior Center,21304.622401416094
max_coverage,420034885002,0,Greenfield Senior Center,9386.119548453742
max_coverage,420035215001,0,Greenfield Senior Center,24130.831856826033
max_coverage,420034838003,0,Greenfield Senior Center,4729.769671771111
max_coverage,420035262011,0,Greenfield Senior Center,21221.10993169771
max_coverage,420035211002,0,Greenfield Senior Center,18001.14913838151
max_coverage,420035263021,0,Greenfield Senior Center,25892.966093885138
max_coverage,420035237012,0,Greenfield Senior Center,17234.612306590494
max_coverage,420034070023,0,Greenfield Senior Center,28372.589910745726
max_coverage,420034133003,0,Greenfield Senior Center,23837.566953761816
max_coverage,420032703002,0,Greenfield Senior Center,13708.375856197634
max_coverage,420034070021,0,Greenfield Senior Center,28725.078729555193
max_coverage,420034070014,0,Greenfield Senior Center,32217.27219363778
max_coverage,420031920004,0,Greenfield Senior Center,10849.392450056008
max_coverage,420034292023,0,Greenfield Senior Center,15700.42802701281
max_coverage,420034838002,0,Greenfield Senior Center,3537.799296711811
max_coverage,420034560012,0,Greenfield Senior Center,24930.692427518232
max_coverage,420031302002,1,Homewood Senior Center,439.1093617999581
max_coverage,420031916003,0,Greenfield Senior Center,9421.799166135112
max_coverage,420035215002,0,Greenfield Senior Center,21644.24228928314
max_coverage,420034560031,0,Greenfield Senior Center,27693.971010433674
max_coverage,420035212001,0,Greenfield Senior Center,16668.398645996043
max_coverage,420031702002,0,Greenfield Senior Center,5012.787909833604
max_coverage,420035235021,0,Greenfield Senior Center,17110.21079520577
max_coverage,420035262022,0,Greenfield Senior Center,21623.10355700603
max_coverage,420034011002,0,Greenfield Senior Center,41031.95793860227
max_coverage,420034060001,0,Greenfield Senior Center,36986.017976054885
max_coverage,420034132021,0,Greenfield Senior Center,27030.588564904472
max_coverage,420034268002,0,Greenfield Senior Center,16971.258506794395
max_coverage,420034560011,0,Greenfield Senior Center,25335.87238383612
max_coverage,420034291002,0,Greenfield Senior Center,15055.906978205376
max_coverage,420034150013,0,Greenfield Senior Center,25139.60010774718
max_coverage,420034212003,0,Greenfield Senior Center,11072.278263026785
max_coverage,420034135001,0,Greenfield Senior Center,24826.571978083393
max_coverage,420034272001,0,Greenfield Senior Center,11325.48386158368
max_coverage,420034911011,0,Greenfield Senior Center,16303.69977873437
max_coverage,420034639001,0,Greenfield Senior Center,16713.457624969837
max_coverage,420034120021,0,Greenfield Senior Center,27037.16806615322
max_coverage,420031517002,0,Greenfield Senior Center,465.31090503052616
max_coverage,420034886001,0,Greenfield Senior Center,10996.299088868116
max_coverage,420035641001,0,Greenfield Senior Center,16804.49504590954
max_coverage,420034705021,0,Greenfield Senior Center,14829.995852495438
max_coverage,420034658001,0,Greenfield Senior Center,13969.79123500571
max_coverage,420034690001,0,Greenfield Senior Center,12379.439987673475
max_coverage,420034013003,0,Greenfield Senior Center,35279.56324647115
max_coverage,420034773005,0,Greenfield Senior Center,11540.493819638425
max_coverage,420035234006,0,Greenfield Senior Center,13048.043660052488
max_coverage,420034212004,0,Greenfield Senior Center,14830.943043374364
max_coverage,420035638006,0,Greenfield Senior Center,19745.96678325177
max_coverage,420034131003,0,Greenfield Senior Center,28196.648290594265
max_coverage,420034993002,0,Greenfield Senior Center,14679.810403512318
max_coverage,420034994001,0,Greenfield Senior Center,16302.155497252848
max_coverage,420034994002,0,Greenfield Senior Center,15565.933299030963
max_coverage,420035030021,0,Greenfield Senior Center,15879.61771885148
max_coverage,420035030022,0,Greenfield Senior Center,16432.955170183726
max_coverage,420035030023,0,Greenfield Senior Center,18411.332777910862
max_coverage,420035030024,0,Greenfield Senior Center,17439.373366890402
max_coverage,420035041002,0,Greenfield Senior Center,12915.351601386012
max_coverage,420035041003,0,Greenfield Senior Center,14953.128481453452
max_coverage,420035094005,0,Greenfield Senior Center,12040.297062414786
max_coverage,420035100001,0,Greenfield Senior Center,11625.785496995532
max_coverage,420035138002,0,Greenfield Senior Center,8182.165712785589
max_coverage,420031014002,0,Greenfield Senior Center,8732.391830015002
max_coverage,420035120001,0,Greenfield Senior Center,10700.515959635206
max_coverage,420035120002,0,Greenfield Senior Center,10313.73884752794
max_coverage,420035138001,0,Greenfield Senior Center,7753.232051014608
max_coverage,420035140002,0,Greenfield Senior Center,6214.7423431484085
max_coverage,420035151001,0,Greenfield Senior Center,6834.847770833145
max_coverage,420035151002,0,Greenfield Senior Center,6112.831163719666
max_coverage,420035151003,0,Greenfield Senior Center,5991.957727236909
max_coverage,420035152002,0,Greenfield Senior Center,5928.239153257343
max_coverage,420035153001,0,Greenfield Senior Center,5280.775386363849
max_coverage,420035153002,0,Greenfield Senior Center,4853.055815014768
max_coverage,420035161001,0,Greenfield Senior Center,5339.831680863031
max_coverage,420035162001,0,Greenfield Senior Center,6459.556607590735
max_coverage,420035162002,0,Greenfield Senior Center,6112.029382342495
max_coverage,420035211001,0,Greenfield Senior Center,19428.671349051237
max_coverage,420035213011,0,Greenfield Senior Center,19251.61591976954
max_coverage,420035180013,0,Greenfield Senior Center,9090.545256832156
max_coverage,420035200021,0,Greenfield Senior Center,11762.31676731442
max_coverage,420035200023,0,Greenfield Senior Center,10586.519451642014
max_coverage,420035213012,0,Greenfield Senior Center,19764.382830001203
max_coverage,420035231002,0,Greenfield Senior Center,9944.9069728147
max_coverage,420035231003,0,Greenfield Senior Center,9129.11643686554
max_coverage,420035232002,0,Greenfield Senior Center,10784.271400143676
max_coverage,420035232003,0,Greenfield Senior Center,10551.155057571326
max_coverage,420035232004,0,Greenfield Senior Center,9833.67418628408
max_coverage,420035233001,0,Greenfield Senior Center,14414.93714071648
max_coverage,420035233003,0,Greenfield Senior Center,12984.180656971645
max_coverage,420035234002,0,Greenfield Senior Center,11453.055458098172
max_coverage,420035237022,0,Greenfield Senior Center,18488.36367591518
max_coverage,420035238001,0,Greenfield Senior Center,15074.326417428332
max_coverage,420035238002,0,Greenfield Senior Center,14745.534411356117
max_coverage,420035640001,0,Greenfield Senior Center,34785.292548829704
max_coverage,420034530031,0,Greenfield Senior Center,28511.351339688725
max_coverage,420035253001,0,Greenfield Senior Center,18527.79508389943
max_coverage,420034263002,0,Greenfield Senior Center,17066.399208110524
max_coverage,420034511011,0,Greenfield Senior Center,35528.21455796109
max_coverage,420035234005,0,Greenfield Senior Center,12358.470267483448
max_coverage,420035235011,0,Greenfield Senior Center,16176.160824918634
max_coverage,420035235012,0,Greenfield Senior Center,15336.395100425818
max_coverage,420035235013,0,Greenfield Senior Center,14681.831650819451
max_coverage,420035236001,0,Greenfield Senior Center,13914.601745416969
max_coverage,420034511052,0,Greenfield Senior Center,34542.93301381094
max_coverage,420035237013,0,Greenfield Senior Center,17085.09272420771
max_coverage,420035237014,0,Greenfield Senior Center,16219.080596996466
max_coverage,420035237023,0,Greenfield Senior Center,17212.72447769523
max_coverage,420035238003,0,Greenfield Senior Center,13590.816436957972
max_coverage,420035240001,0,Greenfield Senior Center,15868.21136288187
max_coverage,420035251001,0,Greenfield Senior Center,17856.80466982009
max_coverage,420035252001,0,Greenfield Senior Center,16991.04285140992
max_coverage,420035252002,0,Greenfield Senior Center,16478.172984484125
max_coverage,420035262021,0,Greenfield Senior Center,20015.0071620912
max_coverage,420035262023,0,Greenfield Senior Center,19349.758488309264
max_coverage,420035263011,0,Greenfield Senior Center,26553.3606178293
max_coverage,420035263022,0,Greenfield Senior Center,25011.690287243404
max_coverage,420035263023,0,Greenfield Senior Center,25561.80789883095
max_coverage,420035263024,0,Greenfield Senior Center,25142.81377921796
max_coverage,420035509001,0,Greenfield Senior Center,14571.087612510872
max_coverage,420035509002,0,Greenfield Senior Center,14146.325988410752
max_coverage,420035512001,0,Greenfield Senior Center,14997.7796998557
max_coverage,420035512002,0,Greenfield Senior Center,15519.288972761236
max_coverage,420035512003,0,Greenfield Senior Center,15505.438359324497
max_coverage,420035513001,0,Greenfield Senior Center,16835.347955271045
max_coverage,420035519001,0,Greenfield Senior Center,13769.14342394223
max_coverage,420035520002,0,Greenfield Senior Center,15872.190027630571
max_coverage,420035520003,0,Greenfield Senior Center,15845.490216000748
max_coverage,420035520004,0,Greenfield Senior Center,16269.430194473587
max_coverage,420035521001,0,Greenfield Senior Center,13882.368544989677
max_coverage,420035521002,0,Greenfield Senior Center,14028.161273071635
max_coverage,420035522001,0,Greenfield Senior Center,12653.810705504702
max_coverage,420034886002,0,Greenfield Senior Center,11950.83115771083
max_coverage,420031918003,0,Greenfield Senior Center,10242.087230311376
max_coverage,420035630002,0,Greenfield Senior Center,16434.82213857339
max_coverage,420032022003,2,Sheraden Senior Center,982.7927153984092
max_coverage,420034900024,0,Greenfield Senior Center,21675.45752082857
max_coverage,420034900025,0,Greenfield Senior Center,22129.24345471109
max_coverage,420032814002,0,Greenfield Senior Center,12963.538062548612
max_coverage,420034890012,0,Greenfield Senior Center,13548.975674162411
max_coverage,420034890013,0,Greenfield Senior Center,14252.667213316126
max_coverage,420034900032,0,Greenfield Senior Center,15165.998323560783
max_coverage,420034900033,0,Greenfield Senior Center,16200.783692887771
max_coverage,420034928001,0,Greenfield Senior Center,19511.778805998332
max_coverage,420034928002,0,Greenfield Senior Center,20384.452338447292
max_coverage,420034929001,0,Greenfield Senior Center,20249.678223935585
max_coverage,420034940001,0,Greenfield Senior Center,22722.11116609176
max_coverage,420034962001,0,Greenfield Senior Center,21378.998984142167
max_coverage,420035627002,0,Greenfield Senior Center,8793.485959522952
max_coverage,420035190001,0,Greenfield Senior Center,11443.6650098143
max_coverage,420034962002,0,Greenfield Senior Center,23202.58868959085
max_coverage,420034980001,0,Greenfield Senior Center,17330.59320239207
max_coverage,420035003001,0,Greenfield Senior Center,14115.26407478463
max_coverage,420035003002,0,Greenfield Senior Center,14155.196062626965
max_coverage,420035003003,0,Greenfield Senior Center,15185.103788073198
max_coverage,420035003004,0,Greenfield Senior Center,14237.859936527451
max_coverage,420035010001,0,Greenfield Senior Center,19286.78932252106
max_coverage,420035041001,0,Greenfield Senior Center,13974.613874894876
max_coverage,420035070001,0,Greenfield Senior Center,15511.601726164045
max_coverage,420035070002,0,Greenfield Senior Center,15109.165826651808
max_coverage,420035080001,0,Greenfield Senior Center,14430.24147562238
max_coverage,420035094001,0,Greenfield Senior Center,12876.71637905143
max_coverage,420035094002,0,Greenfield Senior Center,13600.250471130548
max_coverage,420035094003,0,Greenfield Senior Center,13409.386959031566
max_coverage,420035094004,0,Greenfield Senior Center,13125.566298640955
max_coverage,420030402001,0,Greenfield Senior Center,4241.811430757504
max_coverage,420035152001,0,Greenfield Senior Center,6478.199127925453
max_coverage,420035170002,0,Greenfield Senior Center,8595.528438538066
max_coverage,420035190002,0,Greenfield Senior Center,9796.556540517722
max_coverage,420035213021,0,Greenfield Senior Center,18381.25875735466
max_coverage,420035214012,0,Greenfield Senior Center,24280.81685553327
max_coverage,420035215003,0,Greenfield Senior Center,19909.536745738835
max_coverage,420035220003,0,Greenfield Senior Center,17697.03376906829
max_coverage,420034240002,0,Greenfield Senior Center,9915.795905238918
max_coverage,420034240003,0,Greenfield Senior Center,10160.530500969291
max_coverage,420034742012,0,Greenfield Senior Center,21743.149569925823
max_coverage,420031115001,73,EAST LIBERTY LIBRARY,420.19114025273086
max_coverage,420034513006,0,Greenfield Senior Center,31514.3325469849
max_coverage,420035640004,0,Greenfield Senior Center,35594.18039248601
max_coverage,420031019001,0,Greenfield Senior Center,6660.272396541259
max_coverage,420031019002,0,Greenfield Senior Center,6249.253150773118
max_coverage,420031019003,0,Greenfield Senior Center,6085.350457756119
max_coverage,420031307002,1,Homewood Senior Center,655.9454372006082
max_coverage,420031115003,73,EAST LIBERTY LIBRARY,846.6887960083591
max_coverage,420031209002,0,Greenfield Senior Center,5797.560111192438
max_coverage,420031209001,0,Greenfield Senior Center,6571.3702367474825
max_coverage,420031307003,1,Homewood Senior Center,1200.4097151439587
max_coverage,420031412003,0,Greenfield Senior Center,4731.932610060721
max_coverage,420030103022,8,Hill House Senior Center,834.489533426648
max_coverage,420031308002,1,Homewood Senior Center,482.076259086295
max_coverage,420031308003,1,Homewood Senior Center,776.4774086349552
max_coverage,420031307001,1,Homewood Senior Center,1081.131662814345
max_coverage,420031308001,1,Homewood Senior Center,911.0245124436497
max_coverage,420035648001,0,Greenfield Senior Center,7400.0715559856035
max_coverage,420034911013,0,Greenfield Senior Center,19449.938936864022
max_coverage,420030103011,8,Hill House Senior Center,1240.196078147664
max_coverage,420030406002,80,MAIN (OAKLAND) LIBRARY,1230.1868719569302
max_coverage,420035653001,0,Greenfield Senior Center,4829.3534507474005
max_coverage,420034883002,0,Greenfield Senior Center,9715.469856781474
max_coverage,420034580021,0,Greenfield Senior Center,18625.626112192356
max_coverage,420034580011,0,Greenfield Senior Center,24149.942056234973
max_coverage,420034580022,0,Greenfield Senior Center,23230.75795582965
max_coverage,420034580023,0,Greenfield Senior Center,20326.99240655966
max_coverage,420034580012,0,Greenfield Senior Center,20390.520004260452
max_coverage,420035647001,0,Greenfield Senior Center,6813.010800821719
max_coverage,420033001003,0,Greenfield Senior Center,6472.092943912514
max_coverage,420034490002,0,Greenfield Senior Center,37366.759620591736
max_coverage,420031403004,84,SQUIRREL HILL LIBRARY,898.5807791329053
max_coverage,420033001004,0,Greenfield Senior Center,6571.860271257041
max_coverage,420030103021,8,Hill House Senior Center,1233.678059462699
max_coverage,420030305003,8,Hill House Senior Center,817.6997366120089
max_coverage,420034644002,0,Greenfield Senior Center,14658.725965603006
max_coverage,420034511024,0,Greenfield Senior Center,33331.59688740237
max_coverage,420034120042,0,Greenfield Senior Center,32555.49586207236
max_coverage,420035130002,0,Greenfield Senior Center,8162.709846978325
max_coverage,420034120032,0,Greenfield Senior Center,30607.05898129132
max_coverage,420035632011,0,Greenfield Senior Center,7738.427385297212
max_coverage,420035632021,0,Greenfield Senior Center,8006.391066558257
max_coverage,420035130001,0,Greenfield Senior Center,9618.464755512248
max_coverage,420034110022,0,Greenfield Senior Center,33302.41385763905
max_coverage,420034110011,0,Greenfield Senior Center,37070.890642244485
max_coverage,420034110021,0,Greenfield Senior Center,37377.95144581045
max_coverage,420034090021,0,Greenfield Senior Center,36828.334405739544
max_coverage,420034120041,0,Greenfield Senior Center,31321.59296972194
max_coverage,420034090022,0,Greenfield Senior Center,34756.623366658096
max_coverage,420034090014,0,Greenfield Senior Center,32209.202347826344
max_coverage,420034090012,0,Greenfield Senior Center,30498.67883942521
max_coverage,420034080023,0,Greenfield Senior Center,28575.930023711433
max_coverage,420032413002,0,Greenfield Senior Center,7641.192822740566
max_coverage,420035632022,0,Greenfield Senior Center,8277.777682960179
max_coverage,420035652002,0,Greenfield Senior Center,11068.954182431771
max_coverage,420034142004,0,Greenfield Senior Center,21368.659539827713
max_coverage,420034142003,0,Greenfield Senior Center,19728.221954159908
max_coverage,420031412002,0,Greenfield Senior Center,4938.7221094033675
max_coverage,420035652003,0,Greenfield Senior Center,10757.352878883605
max_coverage,420035651001,0,Greenfield Senior Center,9498.17102274872
max_coverage,420032413001,0,Greenfield Senior Center,7438.207811348198
max_coverage,420032613002,0,Greenfield Senior Center,12586.895614458805
max_coverage,420032613001,0,Greenfield Senior Center,10622.654511702716
max_coverage,420032716001,0,Greenfield Senior Center,12139.410730865764
max_coverage,420032716003,0,Greenfield Senior Center,12774.801658062916
max_coverage,420032716002,0,Greenfield Senior Center,12290.149103890832
max_coverage,420035652001,0,Greenfield Senior Center,10503.123964083474
max_coverage,420032716004,0,Greenfield Senior Center,11780.80336010732
max_coverage,420035648002,0,Greenfield Senior Center,6723.507157431865
max_coverage,420031306002,0,Greenfield Senior Center,8259.847987963543
max_coverage,420034560034,0,Greenfield Senior Center,24394.128941628973
max_coverage,420035629011,0,Greenfield Senior Center,2321.9109097382084
max_coverage,420035629012,0,Greenfield Senior Center,1297.051522754999
max_coverage,420031403005,84,SQUIRREL HILL LIBRARY,729.5421793653678
max_coverage,420035647003,0,Greenfield Senior Center,6231.569277566282
max_coverage,420035647002,0,Greenfield Senior Center,6961.1413033127255
max_coverage,420031610001,0,Greenfield Senior Center,4035.4409505899735
max_coverage,420034513005,0,Greenfield Senior Center,26693.76221823875
max_coverage,420031608002,3,South Side Senior Center,664.8059812663654
max_coverage,420035626002,0,Greenfield Senior Center,11571.92270632808
max_coverage,420034560043,0,Greenfield Senior Center,25868.00090538377
max_coverage,420035625002,2,Sheraden Senior Center,880.5448668964876
max_coverage,420034600013,0,Greenfield Senior Center,19300.62761858867
max_coverage,420034513004,0,Greenfield Senior Center,26950.620791265563
max_coverage,420031609003,3,South Side Senior Center,936.2452764049804
max_coverage,420034110012,0,Greenfield Senior Center,39443.09837577612
max_coverage,420034120031,0,Greenfield Senior Center,28711.586717170372
max_coverage,420034090011,0,Greenfield Senior Center,34707.08304326567
max_coverage,420034120033,0,Greenfield Senior Center,30566.13485199632
max_coverage,420034090013,0,Greenfield Senior Center,31979.720139419835
max_coverage,420034080021,0,Greenfield Senior Center,28980.620366817
max_coverage,420034142001,0,Greenfield Senior Center,19979.071687159147
max_coverage,420032413003,0,Greenfield Senior Center,8645.903429219485
