GEOID,0,1,2,3,4,5,6,7,8,9,10,11,12,13,14,15,16,18,19,20,21,22,23,24,25,26,27,28,29,30,31,32,33,34,35,36,37,38,39,40,41,42,43,44,45,46,47,48,49,50,51,52,53,54,55,56,57,58,59,60,61,62,63,64,65,66,67,68,69,70,71,72,73,74,75,76,77,78,79,80,81,82,83,84,85,86
420031702004,5845.189749632626,9479.199195094327,8203.259999897844,1325.6648993492988,3201.972379699343,9429.984589920074,6960.2565103118295,6088.092069336489,2959.400732328501,7746.561107296357,1354.0708403101296,6519.533816322453,7187.181591665221,5475.6821484774355,3975.690137405577,6295.8882650305495,9321.387217952912,4615.487875933619,3926.6375427763614,1484.1950182514533,7460.192714066922,5475.6821484774355,6442.59913400498,9675.53733169002,9675.53733169002,9220.902649215837,6517.729616894184,6517.729616894184,7043.55419496401,12068.159829255439,10454.755966335937,7524.622384336252,6551.248103497672,9972.38067972382,8880.5827205434,7728.786344727709,5707.993089490535,5799.121544472624,6656.9979973092995,4361.108549713516,13305.181097444041,3434.8872685352944,5194.310068737927,9926.692641662616,1039.0795791934956,678.5064519441526,6216.3538081200495,5673.236486331971,9447.329394229493,9447.329394229493,5351.204970668805,3833.536444305473,8791.667099287375,5044.514859795578,8527.712815065888,864.7428997212517,4082.5284258087095,4109.041896602224,2375.7698324722987,6042.783033789452,5302.85425802445,5302.85425802445,5197.527901890658,7520.048150064184,7520.048150064184,9845.056078382711,6553.45573387964,4849.675438637241,5896.674892796312,6685.0357363011335,4274.870162754846,2846.2068721496616,7122.386730542788,6099.687377621014,3380.3244368405876,8863.667848501866,2295.1298678472185,6998.49510661641,5261.45258897996,4206.693834290324,3642.006176958721,8203.259999897844,676.4409013552795,6781.059412714219,5824.302434719126,8110.80824819718
420034690003,13806.129630079,17526.35706825989,5135.740862791577,9864.071530790836,5862.697197091438,2085.6239146614444,12808.016892319285,14049.031949782862,9207.92747284692,12903.765054723077,9121.227891508363,4866.965878699266,14739.507789173951,4296.869718951247,8514.575144802917,11387.546028596042,16574.82465218546,9772.691823360323,10042.55408773305,9065.926172632022,2251.2877324239253,4296.869718951247,13119.056487522363,11109.107343975094,11109.107343975094,10443.302643876907,6435.203668412173,6435.203668412173,15004.494075410383,20115.317702420987,5273.103189349182,15485.562264782626,14512.187983944044,17588.691744279062,16927.740593708968,13109.170505406495,13668.932969936908,13760.061424918997,11748.655760874793,11176.152251038327,18692.203991896567,7323.51805137175,5282.039337110588,17179.91337914657,7855.635155937405,9040.083191440252,8142.028316438402,7758.320520379324,17083.06230334265,17083.06230334265,8598.41572203422,5422.158551396774,12073.110358389828,13221.514648775901,5234.126497111803,7998.170639456623,9243.049058045775,9269.562528839291,7086.594330728318,3266.279670350487,11319.28334304503,11319.28334304503,11213.956986911237,1761.6130326799985,1761.6130326799985,16924.9278702875,11710.659681306357,10006.879386063949,3881.709795579087,5032.467798677947,8363.617798688601,8088.293727819368,14677.050925052856,14060.627258067387,9861.098318984601,16910.825721667432,7507.711239395697,12726.945421629018,12675.35110960688,12382.36658251871,5531.9500867526485,5135.740862791577,9038.602495523164,14956.320063436295,3518.030887936711,11208.99254057381
420032904004,10390.405087686831,14024.414533148538,12595.255606821658,5152.059636189913,6718.390863707647,11919.017557880019,11505.471848366036,10633.307407390694,7504.6160703827045,12377.647423461103,3970.7144487605515,5412.196860907607,11732.396929719429,6405.748023972816,2181.5899034410604,10926.974581195293,13866.602556007121,9246.574192098362,8471.852880830567,3840.240380329829,8581.24340328498,6405.748023972816,10987.814472059184,14306.623647854763,14306.623647854763,13851.98896538058,4119.996438106466,4119.996438106466,10046.488669280992,16613.375167309645,14846.751573259755,10542.540997444241,9986.441383005507,14517.596017778029,13425.798058597611,12297.99185721833,10253.20842754474,10344.336882526828,11288.084313474043,8906.323887767721,9736.011453894947,5428.13566074293,5204.87076398986,14471.907979716827,5670.165895358239,5222.7501789955095,2368.210096377681,2794.947164935152,13992.544732283703,13992.544732283703,2371.799980910685,7349.954928313777,13422.753415452116,9589.730197849782,12919.7084219897,5590.990178265092,8713.614741973452,8740.128212766966,5332.55443005921,10135.90367496665,9848.069596078654,9848.069596078654,9742.743239944863,10898.809799419249,10898.809799419249,14390.27141643692,11184.542050044383,9480.761754801984,6621.768499744818,5277.614414879836,1915.5449409182693,7477.293188314403,11667.602068596996,10364.104751181898,7925.539774894791,13408.883186556075,3703.407039721093,11543.710444670616,9806.667927034165,8751.909172344529,7266.631613186644,12595.255606821658,5216.359337679471,11326.274750768425,10216.298041642945,12741.894564361923
420030901002,7712.587959311613,6699.253980565579,12011.542432349272,8305.838513035367,8080.6259454027995,13389.623523870692,910.3025786148347,9199.09656948785,5459.9333504484775,6799.137008115787,8447.268793551144,11233.700378850815,3656.4107274052053,10189.848711005805,10572.593929790013,7819.786553203477,4451.395556651318,6264.819885185668,4978.432757476282,8577.392971492465,12234.828794034203,10189.848711005805,1870.5237518263934,10613.296400864252,10613.296400864252,10740.585004484403,12428.051139439203,12428.051139439203,10154.558695115376,9287.461783325673,14263.03839878736,10635.62688448762,9662.252603649038,5666.821536238785,6306.923299638686,807.0992188722508,7575.3912991695215,7666.51975415161,8180.896285482227,3531.1570482945626,15474.797299812333,8571.120483773273,9941.800967481944,4591.464842746764,6697.881396719104,7185.447351104892,12404.340689125655,11921.631112159479,6224.064781157153,6224.064781157153,11948.108763053237,8607.519490794184,8995.245684184723,5655.206497469766,12335.995247517314,6875.279640881034,5709.258278614641,5698.228683664509,8056.268126408078,9851.065466240882,3275.3037572900857,3275.3037572900857,3169.9774011562936,11986.10852068235,11986.10852068235,4336.479333887693,7677.557240666551,6114.0229809343555,10610.841455324675,11399.202298829498,10871.773955139282,5085.521546767413,3811.5039466760486,9210.691877772377,4851.718827488601,6271.2911493544825,8971.26505035577,967.3508458843258,3061.1605831074394,4498.596469410552,8380.143952560122,12011.542432349272,7256.32618939345,6039.637696300959,9632.584867170555,9630.490603465747
420034721001,12473.100003464277,16189.35689985237,8164.830664824107,7810.512879333472,5246.0714311395195,5766.004219864317,11343.987559669287,12716.002323168139,7855.812526785058,11439.73572207308,6715.334419448616,1262.2547236566563,13395.142024163706,1655.8163282520754,4908.853508934841,9923.516695946042,15110.795319535458,8308.662490710336,8666.918544272994,6660.032700572276,2428.230065269268,1655.8163282520754,11655.027154872365,13303.165762605518,13303.165762605518,12848.531080131334,2814.434251012033,2814.434251012033,13671.46444879566,18778.317534013488,8758.481484759464,14152.532638167902,13179.158357329321,16244.325979268822,15590.740425301443,11645.1411727565,12335.903343322183,12427.031798304273,10284.626428224788,9824.03730497646,15071.434574496427,4917.624579312005,2252.7860588512713,15715.884046496567,6511.358710281603,7556.526539910343,4521.258899038265,4137.551102979185,15738.696538332406,15738.696538332406,4992.694086166143,5270.440083743915,12484.841714064098,11884.514480368376,8263.216299144333,6635.836091211977,7779.019725395789,7805.533196189303,4573.4454096615345,5625.117512566259,9855.25401039503,9855.25401039503,9749.927654261239,4745.796461403543,4745.796461403543,15460.8985376375,10246.630348656354,8542.850053413958,1094.3378033121935,1411.6983812778071,4757.896162820525,6624.264395169384,13332.68516004261,12727.597631452663,8508.983372922738,15573.825553259907,5101.817767335952,11262.916088979022,11330.985344596631,11045.36641411118,5314.406657043506,8164.830664824107,7550.135698594304,13619.319895028771,5876.868730152484,11738.43667911268
420035623001,3764.88274709213,9347.249153759622,14715.853914447649,8172.57335319728,10509.396430554043,16093.935005969077,9954.464766172763,1862.2457859792535,7435.600704835651,13230.822741410833,8314.003633713055,13938.011860949195,8528.862701583028,12894.16019310418,11556.687819513249,11961.962244720733,10965.638638735614,10229.223679836641,8402.83751528351,8444.127811654378,14939.14027613258,12894.16019310418,9433.880162862693,15341.611311380195,15341.611311380195,14886.976628906014,13413.448319655112,13413.448319655112,701.1469760351063,11534.949727304302,16967.349880885762,205.09464787185942,1232.1963584961309,11123.684822377134,8906.665569572146,10613.211720445099,3901.806624145222,3808.3217613945358,12323.07197699948,7662.908390342242,7605.330061212395,10941.722937689465,12646.112449580323,11560.373384421535,7934.626200285582,7052.182191266806,11661.661977926331,12104.917188667398,10480.050467499947,10480.050467499947,11935.924845173084,11020.473591033355,14398.050278276729,5878.307590495824,15040.306729615691,8103.8641776386485,9555.45229147658,9581.965762270094,9882.605501626467,12555.376948339257,8615.774446214718,8615.774446214718,8510.448090080925,14671.140025904748,14671.140025904748,11482.948213600861,12159.838912869,10456.058617626604,13315.152937423052,14103.513780927875,11855.867844862518,8475.559273621559,8428.050533614563,1651.4385560437054,7856.524409347738,8889.750697530611,9876.127549954892,10005.549827285071,7900.510523999024,6650.240155974892,10793.09805279929,14715.853914447649,7123.061029555363,5601.1392245493225,12336.896349268936,13776.88222788736
420035631001,11756.637756183254,15476.865194364145,4571.263580909482,7814.579656895092,3813.2053231956943,3984.792473472363,10758.52501842354,11999.540075887116,7158.435598951174,10854.273180827331,7595.216515261631,5767.392557321692,12690.015915278205,5197.296397573672,8555.81397772901,9338.054154700296,14525.33277828971,7723.199949464579,7993.0622138373055,7685.431964349179,3151.714411046352,5197.296397573672,11069.564613626617,9830.111514239537,9830.111514239537,9164.30681414134,7335.6303470346,7335.6303470346,12955.002201514637,18065.825828525252,6255.844435758994,13436.07039088688,12462.696110048299,15539.199870383318,14878.248719813217,11059.67863151075,11619.441096041162,11710.56955102325,9699.163886979048,9126.660377142582,19216.629103994666,6002.408833955038,6182.466015733017,15130.421505250819,5806.143282041661,6990.591317544508,9042.454995060827,8658.747199001751,15033.570429446901,15033.570429446901,9424.895042766668,3372.666677501031,10794.114528654269,11172.022774880155,4895.716396077525,5948.678765560879,7193.55718415003,7220.070654943545,5285.319414579895,1216.7877964547433,9269.791469149284,9269.791469149284,9164.46511301549,2254.861933014088,2254.861933014088,14875.435996391752,9661.167807410611,7957.387512168205,4782.136474201513,5932.894477300374,8854.99400307828,6038.801853923624,12627.55905115711,12011.13538417164,7811.606445088857,14861.333847771682,6954.485098294761,10677.453547733272,10625.859235711134,10332.874708622965,3482.458212856905,4571.263580909482,6989.11062162742,12906.828189540549,1468.5390140409686,9929.996710838252
420031517005,529.4589618971697,6098.059004705274,13344.944325958013,6801.663764707639,9138.4868420644,14723.02541747944,7278.893041013582,2296.207498028799,6064.69111634601,11859.913152921199,6943.094045223414,12567.102272459559,5279.672552528678,11523.250604614544,10185.778231023613,10591.052656231099,7716.448489681265,8858.314091346998,7031.92792679387,7073.2182231647375,13568.230687642947,11523.250604614544,6761.819732180633,13970.70172289056,13970.70172289056,13516.067040416377,12727.817710512216,12727.817710512216,2970.5614265502336,8285.759578249954,15596.440292396115,3447.2763073920123,2889.182972824001,7874.494673322784,5657.475420517798,7915.94551262855,692.0947849066482,598.609922155962,10952.162388509845,6111.914641602214,7937.657475560067,9570.813349199827,11275.202861090687,8311.183235367185,6563.71661179594,5681.272602777164,12414.17667335575,11883.324579950002,7230.860318445597,7230.860318445597,11561.293064286838,9649.564002543717,13027.140689787093,2668.595751257248,13669.397141126057,6732.954589149007,8184.542702986936,8211.056173780453,8511.695913136822,11184.467359849623,7064.78069747469,7064.78069747469,6959.454341340899,13300.230437415112,13300.230437415112,8233.758064546511,10788.929324379365,9085.149029136965,11944.243348933418,12732.60419243824,10484.958256372882,7104.649685131919,5178.860384560216,2464.960855520971,6485.614820858095,5640.560548476264,8505.217961465247,7329.97810212589,5301.835912848333,3791.1627208028963,9422.188464309653,13344.944325958013,5752.151441065722,2351.9490754949734,10965.9867607793,12405.972639397723
420034885001,9046.673036925624,13797.620975709484,20802.23314803842,14258.952586788051,16465.890157779446,20842.97397852455,15294.240869586481,8080.847681260819,13521.97993842642,19317.2019750016,14100.101955206108,14336.46673755251,13295.020381101574,15798.203490182228,11712.541516403977,18048.3414783115,15731.79631825416,16315.602913427409,14489.216748874283,13969.627886775384,17505.199823929506,15798.203490182228,14777.16756075353,21427.990544970966,21427.990544970966,20973.355862496785,12912.739296588796,12912.739296588796,7415.098253532121,14329.546201649428,23053.729114476522,7911.150581695368,7355.050967256635,15889.84250189568,13553.74275769037,15931.293341201446,9209.308859935103,9115.823997184414,18409.451210590247,13749.287623933013,1511.385269486539,15034.422216131221,14597.32623019927,16326.53106394008,14021.005433876353,13138.561424857577,11160.952954860011,11604.20816560108,15127.127655618173,15127.127655618173,11435.215822106766,17097.45422238558,20484.4295118675,11185.809826285704,21126.685963206462,14190.24341122942,15641.831525067351,15668.344995860865,15068.174317257077,18641.756181930024,14702.153679805488,14702.153679805488,14596.827323671698,19822.76622006377,19822.76622006377,16249.105893119406,18246.218146459767,16542.43785121737,15933.926403429195,14184.823026462047,11413.361491054708,14561.938507212331,13194.208213133114,7732.714335433025,13942.903642938509,13536.827885648838,13442.874557317222,15345.32593069879,13762.457971400308,12308.376795831351,16879.477286390058,20802.23314803842,13209.440263146134,10367.29690406787,18423.275582859704,19863.261461478123
420035630003,14093.192244023463,17809.449140411558,1785.3404694069511,10789.632106026049,7592.224294775834,3019.567027014194,12964.079800228474,14336.094563727325,9475.904767344242,11516.56053938431,10642.344569718432,8775.843392827503,15015.234264722894,8205.747233079483,11894.432910916967,11050.759509831934,16730.887560094645,9928.75473126952,10287.010784832182,10772.468747659756,6160.165246552158,8205.747233079483,13275.119395431551,7967.5107519135,7967.5107519135,7301.706051815309,10344.081182540414,10344.081182540414,15291.556689354846,20398.40977457267,2009.6455848449982,15772.624878727089,14799.25059788851,17864.41821982801,17210.83266586063,13265.233413315684,13955.995583881371,14047.124038863461,10678.895544378343,11444.129545535652,21553.18359183488,9354.672366828796,9190.916851238828,17335.976287055753,8535.572710336284,9793.791133668332,12050.905830566642,11667.198034507564,17358.788778891594,17358.788778891594,12507.293236162457,7151.685649081171,8931.51376632823,13504.606720927562,1490.9750010089176,8684.952281297748,9399.111965954971,9425.625436748487,8839.820009463601,4163.971496674688,11475.346250954222,11475.346250954222,11370.01989482043,3464.1269682214847,3464.1269682214847,17080.99077819669,10215.145343906554,10162.942293973147,7790.587309707322,8941.345312806185,12193.612936266234,8244.356635728565,14952.7774006018,14347.689872011852,10129.075613481926,17193.917793819095,10293.104031482713,12883.008329538206,12951.077585155817,12665.458654670365,7261.477184437045,1785.3404694069511,9792.310437751245,15239.412135587958,4018.3798575224264,8067.395948512214
420033001005,8774.024710646241,12408.03415610794,9695.708867794176,3679.7353143272103,3600.608548708207,9171.471972431687,9363.502535224554,9016.9270303501,4991.814038440307,9682.430910880408,2490.8814164478454,4682.049598399527,10116.016552678833,3662.256589163209,1346.547171408826,8231.758068614601,12250.222178966524,6551.357679517667,6166.977310897589,2435.579697571505,5539.511705745658,3662.256589163209,9031.364330847577,11611.407135274072,11611.407135274072,11156.772452799887,3888.5866508974323,3888.5866508974323,9972.38915597762,14996.994790269051,11947.204834232272,10453.457345349867,9480.083064511284,12901.215640737431,11809.417681557014,9664.656148311762,8636.828050504148,8727.956505486236,8592.867800893353,6960.038816631714,12548.173519457958,2084.0023693560042,3273.629060416664,12855.52760267623,2974.9493827775445,3606.369801954915,3587.2108421232974,3044.0935203352174,12376.164355243105,12376.164355243105,2722.0620046720514,4232.1726133143375,10727.53690287143,7973.349820809186,10020.161682962218,3024.874599702577,6018.398229392758,6044.911700186273,2117.75447048186,7018.121359967205,7846.768836502672,7846.768836502672,7741.44248036888,8151.2642139709105,8151.2642139709105,12773.891039396323,8489.325537463694,6785.54524222129,4083.2493334820847,4596.949561083145,1645.7271967580937,4782.076675733712,10051.221691556399,9028.522338634626,5644.98488457799,11792.502809515478,830.5698906198712,9282.431064534288,8190.287549993569,7135.5287953039315,4148.849298187205,9695.708867794176,3599.978960638876,9709.894373727831,7269.872577553431,10046.678051781233
420035624003,8347.097013155804,12143.830279227466,7680.292796414867,3596.152264497573,1585.1924773288988,8327.569240684341,7849.278281238531,8589.999332859668,4313.862751108462,7945.026443642323,2571.149439366603,4208.968788057812,9813.269728285606,3165.117120212796,3281.4787307665665,6428.807417515293,11616.0860411047,4813.953212279584,5172.209265842243,2515.8477204902624,5149.627685802282,3165.117120212796,8160.317876441609,9808.45648417476,9808.45648417476,9353.821801700575,5097.462300996278,5097.462300996278,9545.461458487185,14732.790913388577,9931.788762852959,10026.529647859428,9053.155367020845,12637.011763856957,11545.21380467654,8150.431894325741,8209.900353013712,8301.0288079958,6789.9171497940415,6282.087529299872,14483.1050788157,714.3534199766972,2883.7450404732876,12221.174768065808,2296.9980954457023,3342.165925074445,4954.339152272884,4457.5308290234225,12111.960478362631,12111.960478362631,4656.993564029792,2216.7565419350285,8990.132435633339,7709.145943928723,8004.745611582909,2421.4754763760775,4284.310446965033,4310.823917758548,384.38968480028757,5002.7052885878975,6360.544731964282,6360.544731964282,6255.218375830488,6417.632800828454,6417.632800828454,11966.189259206742,6751.921070225605,5048.140774983208,3586.109864531671,4374.470708036493,3580.658756115834,3129.5551167386257,9750.812864164513,8601.594641144191,4967.033597246145,11528.298932635003,1684.3266520611594,7768.206810548264,7749.113048718529,6871.324918423468,2133.4332268078965,7680.292796414867,3335.7750837584063,9445.690496847361,5254.456506174124,8243.727400681923
420035631002,12758.091282135198,16474.348178523287,3546.1292792561335,9251.513537313453,5250.139203614054,1841.0256101741454,11628.978838340206,13000.99360183906,8140.803805455978,11724.727000744,9032.150395679992,5627.53527765806,13680.133302834629,5057.439117910041,9275.14454376171,10208.507974616974,15395.78659820638,8593.653769381257,8951.909822943922,9122.36584476754,3011.8571313827183,5057.439117910041,11940.018433543284,9519.49576043965,9519.49576043965,8853.691060341462,7195.7730673709675,7195.7730673709675,13956.45572746658,19063.3088126844,4051.68918886423,14437.523916838823,13464.149636000244,16529.31725793974,15875.731703972362,11930.132451427418,12620.894621993104,12712.023076975196,10569.61770689572,10109.02858364739,19452.773390855375,7439.342714373399,6042.608736069384,16000.875325167488,7200.471748448021,8427.525197962868,8902.597715397193,8518.88991933812,16023.687817003325,16023.687817003325,9358.985120993011,4809.60055791939,10483.498774854383,12169.505759039295,3644.5149135763586,7349.851319409484,8064.011004066708,8090.524474860223,6722.253294998256,2595.5590087034757,10140.24528906596,10140.24528906596,10034.918932932169,533.8293188760952,533.8293188760952,15745.889816308421,10531.62162732729,8827.841332084883,4642.279194537881,5793.0371976367405,9124.187197647394,6909.255673840301,13617.676438713535,13012.588910123586,8793.97465159366,15858.816831930826,8268.280638354492,11547.907367649941,11615.976623267552,11330.3576927821,4919.392093275264,3546.1292792561335,8426.044502045781,13904.311173699693,2508.9465045232455,9619.380957038366
420034722002,13512.655479900777,17228.91237628887,8979.239157922088,8850.068355769965,6349.562091887543,6539.520666253163,12383.543036105788,13755.55779960464,8895.36800322155,12479.29119850958,7754.773469561271,2140.1467188322954,14434.697500600207,2759.3069890001,5786.745504110478,10963.072172382545,16150.350795971959,9348.217967146835,9706.474020709495,7699.471750684931,3303.2772767813663,2759.3069890001,12694.582631308866,14342.721239042019,14342.721239042019,13888.086556567834,3692.326246187672,3692.326246187672,14711.01992523216,19817.87301044998,9572.889977857447,15192.088114604403,14218.713833765822,17283.88145570532,16630.295901737943,12684.696649193,13375.458819758684,13466.587274740774,11324.18190466129,10863.592781412963,15626.611590961647,5957.063629424659,3229.679433004827,16755.43952293307,7550.914186718094,8596.082016346834,5399.1508942139035,5015.443098154824,16778.25201476891,16778.25201476891,5870.58608134178,6373.93074449194,13524.397190500598,12924.069956804877,9077.624792242315,7675.3915676484685,8818.575201832282,8845.088672625796,5613.000886098028,6439.526005664244,10894.809486831533,10894.809486831533,10789.48313069774,5560.204954501525,5560.204954501525,16500.454014074003,11286.185825092856,9582.405529850459,2197.828464060218,2284.679182279357,5635.788157996162,7663.819871605876,14372.240636479111,13767.153107889164,9548.538849359238,16613.381029696407,6141.256817448606,12302.471565415522,12370.540821033132,12084.921890547681,6417.89731779153,8979.239157922088,8589.691175030797,14658.875371465272,6691.277223250469,12777.99215554918
420031915002,8734.18613505972,12567.397136533986,7573.412700101342,4166.556284523995,1070.9004099862618,7813.277173341704,7742.398184925007,8977.088454763581,4248.96754112101,7838.146347328799,3471.854727354779,4057.210921590659,9780.547857448046,3037.4179123543413,4275.055614984341,6321.927321201769,11509.205944791178,4707.073115966059,5065.329169528719,3416.553008478438,4914.673028936791,3037.4179123543413,8053.437780128084,9701.576387861238,9701.576387861238,9246.941705387053,5241.406819034921,5241.406819034921,9932.550580391102,15156.357770695095,9609.117023430807,10413.618769763343,9440.244488924765,12629.731812553158,11968.780661983057,8043.551798012218,8596.98947491763,8688.117929899718,6683.037053480517,6217.192319312419,15409.462561997514,1495.715388704179,2648.7903836077962,12114.294671752286,2684.087217349621,3850.4771502636263,5098.283670311526,4601.475347062065,12124.102371616742,12124.102371616742,4847.175246570304,1702.4644745923924,8883.252339319817,8215.496859367677,7897.8655152693855,2808.5645982799956,4177.430350651508,4203.943821445023,919.4228141312425,4488.4132212452605,6253.664635650757,6253.664635650757,6148.338279516965,5903.340733485816,5903.340733485816,11859.30916289322,6645.040973912081,4941.260678669683,3458.4106566732166,4164.600211572461,4574.23564033361,3022.6750204251007,9718.09099332695,8988.683763048108,4902.138387258694,11951.865789941523,2677.903536278935,7661.32671423474,7716.3911778809725,7377.675833862422,1619.1411594652602,7573.412700101342,3848.9964543465394,9952.041412286315,4740.164438831486,8136.847304368398
420031914002,9245.574769898476,13078.78577137274,7268.62324290152,5073.849455587406,872.6558403445173,7239.011410543229,8392.003323050616,9488.477089602336,4760.356175959762,8487.751485454408,4558.97396879189,4929.074332158772,10291.9364922868,3219.425089145736,5374.054263295383,6971.532459327376,12158.81108291679,5356.678254091668,5594.982790845895,4503.672249915549,4385.166680362295,3219.425089145736,8678.15135364085,10351.18152598685,10351.18152598685,9896.546843512662,6113.270229603035,6113.270229603035,10443.939215229857,15667.74640553385,9034.851260632335,10925.007404602098,9951.63312376352,13141.120447391913,12480.169296821812,8693.156936137826,9108.378109756384,9199.506564738473,7332.6421916061245,6728.580954151173,16281.325972565632,2820.6491195214066,3520.653794175909,12763.8998098779,3195.4758521883737,4361.865785102378,5970.14708087964,5473.338757630179,12635.491006455497,12635.491006455497,5719.038657138417,1067.3907531499287,9532.857477445425,8726.88549420643,7593.076058069564,3319.9532331187484,4827.035488777117,4853.548959570631,2103.559700146264,3914.1474584467855,6903.269773776365,6903.269773776365,6797.943417642572,5329.074970687341,5329.074970687341,12508.914301018833,7294.646112037689,5590.865816795291,3776.400554489932,5036.463622140574,5484.240733792799,3672.28015855071,10229.479628165705,9500.072397886863,5413.527022097447,12463.254424780278,3772.725383861133,8310.931852360349,8227.779812719726,7889.064468701175,1063.9880569716775,7268.62324290152,4360.385089185292,10463.43004712507,4165.898676033012,8786.452442494006
420039809001,12793.38839021785,15736.18046044251,6856.640424343626,10336.348187080068,9066.780265480063,10189.820664323452,10344.126259324345,13036.290709921712,7701.513134877041,5014.175737945562,10191.59679393313,12219.854698928088,12691.641331480732,11176.003031083072,11847.47464698058,3042.0969470930354,14125.88181713004,4943.678691141185,8499.828792235101,10321.720971874453,12804.706460513122,11176.003031083072,10670.113652466936,2890.2359766532195,2890.2359766532195,1893.984395474111,13414.20545951648,13414.20545951648,13991.752835549236,18324.388263202607,9827.579291710215,14472.821024921475,13499.446744082898,15414.85326334945,15343.849779515618,10645.279872411555,12656.191730075758,12747.320185057848,2670.2329816394463,9607.121808133996,20253.379738029285,9557.274803850532,10927.955287559209,14716.022746151633,7972.762113909663,9175.609986126587,13390.495009202932,12907.785432236753,15269.045420547536,15269.045420547536,13153.485331744992,9698.344330086189,3389.6248394603926,11918.164679847172,7483.132259623368,8150.160358071594,5437.0679607277925,5517.184043706348,9042.422446485341,9154.694701457522,8876.904080833528,8876.904080833528,8771.577724699739,10108.668182182442,10108.668182182442,14461.037237292565,3321.1310142562415,4553.372570774497,11596.995775401947,12385.35661890677,12146.654672329845,6381.443115107961,12834.888180595886,13047.886018206238,8354.683981014723,15308.217629231414,10246.145767546324,10263.05478863408,11192.045768016511,11079.01661358997,9615.021014959058,6856.640424343626,9331.719989573772,13652.970094507566,8936.214102387197,1583.285548069849
420031911001,9966.139478414432,13686.366916595323,5660.454604067435,5976.192604618865,1523.0487709513761,5630.842771709144,9128.384416478648,10209.041798118295,5367.937321182347,9390.09463448587,5461.317117823347,6344.77416554271,10899.517637509383,4608.048762712455,6276.397412326841,7873.875608358835,12893.642312359061,6259.021403123127,6202.563936068478,5406.015398947008,5224.399391651522,4608.048762712455,9285.732498863434,10919.30253739749,10919.30253739749,10253.497837299294,7528.970062986972,7528.970062986972,11164.503923745815,16275.327550756432,7426.682621798248,11645.572113118058,10672.197832279477,13748.701592614496,13087.750442044395,9429.538029565858,9828.94281827234,9920.071273254429,8234.985340637582,7336.162099373755,17426.13082622585,3722.992268552864,4936.353627559849,13498.947736068767,4015.6450042728334,5200.093039775682,7385.846914263578,6889.038591014117,13243.07215167808,13243.07215167808,7134.738490522354,1082.5101252567124,10435.200626476888,9381.524497111333,5984.907419235479,4158.180487792051,5729.378637808574,5755.89210860209,3005.9028491777217,2305.978819612697,7611.650717756769,7611.650717756769,7506.324361622977,3720.906331853253,3720.906331853253,13245.29539444686,8196.989261069146,6493.20896582675,5165.024228056652,6452.163455524512,6575.577437676108,4546.958556987809,10837.060773388288,10220.637106402819,6021.10816732003,13070.83557000286,4675.06853289259,9047.31294578838,8835.36095794231,8542.376430854138,1535.0383819001172,5660.454604067435,5198.612343858595,11116.329911771727,2557.730037198922,9688.795591525466
420034782003,11594.015083994924,15228.02452945663,13308.953930039113,6355.669632498012,7429.7352726489125,11834.66533625818,12709.081844674129,9694.983731199492,8567.96382000713,13258.580692447218,5174.324445068648,5328.1580952861395,12936.006926027521,6762.048605051693,2676.386631273442,11807.907850181413,15070.212552315214,10127.507461084486,9675.462877138661,5043.850376637926,8496.891181663133,6762.048605051693,12191.424468367277,15187.556916840882,15187.556916840882,14732.922234366697,3904.4306543224257,3904.4306543224257,9029.234303470794,17816.98516361774,14827.142601153324,9525.286631634042,8969.187017195309,15721.206014086121,14629.408054905703,13240.805929878568,11456.818423852832,11547.94687883492,12169.017582460163,10109.933884075814,8718.757088084749,5998.267331000686,5561.1713450687375,15675.51797602492,6551.099164344364,6426.360175303608,2152.6443125936407,2595.8995233347077,15196.154728591795,15196.154728591795,2399.0609369762306,8061.299337255044,14303.68668443824,10793.340194157874,13633.406745207156,6599.397057267547,9594.548010959581,9621.061481753095,6032.019432126542,10847.24808390791,11051.679592386747,11051.679592386747,10946.353236252955,10814.457577797406,10814.457577797406,15593.881412745013,12065.475319030504,10361.695023788108,6925.617761162824,5176.514384195677,2377.2066059241747,8358.226457300534,12871.212064905088,9346.8503853717,9129.149771202889,14612.493182864167,4406.7196721866885,12747.320440978709,11010.277923342257,9955.519168652621,7977.976022127911,13308.953930039113,6419.969333987569,12529.884747076518,10929.996364860403,13622.82783334804
420032509001,9172.913417035697,11503.488477855626,9639.23476193829,6909.023327920231,5708.318274991808,11017.315853459715,6111.43427673747,9415.815736739562,3994.9092829332963,2529.7408089023966,6764.271934773293,8861.392708439835,8458.949348893857,7817.5410405948205,8420.14978782074,2634.25801293841,9893.189834543156,1579.1953786691115,4793.2249402913585,6894.396112714616,9862.521123623224,7817.5410405948205,6437.421669880059,5409.709413926534,5409.709413926534,4955.074731452347,10055.743469028224,10055.743469028224,10371.277862367082,14091.696280615719,11890.730728376378,10852.346051739323,9878.971770900744,11182.161280762566,11111.157796928734,6412.587889824679,9035.716756893606,9126.845211875694,2973.4180087151294,5374.429825547119,16632.904764847117,6198.8128133622795,7569.493297070963,10483.330763564749,4545.43725474982,5748.28512696675,10032.033018714676,9549.323441748498,11036.353437960652,11036.353437960652,9795.023341256738,6339.882339597938,3683.7313619878223,8293.748356986674,9963.687577106335,4722.835498911751,1560.9593448934274,1557.8374516803362,5683.960455997087,7478.757795829899,4644.212098246649,4644.212098246649,4538.885742112856,9613.800850271371,9613.800850271371,10228.34525470568,1608.7047120707243,1128.665323939158,8238.533784913694,9026.894628418513,8719.329813170007,2738.915143699473,8602.196198009007,9427.411045024086,4648.080129070981,11075.52564664453,6818.820908386488,6030.362806047204,7460.937082278094,7454.600290729477,6227.699810590835,9639.23476193829,5904.395130413936,10028.553771647066,7260.2771967595745,3844.98033043369
420032614004,10178.23093620213,12525.730426181895,9402.21219919304,7780.881533765169,6576.859796026382,11885.857374494288,6996.60612230006,10421.133255905992,5000.2268020997235,1659.5495336699619,7636.130140618228,9729.934229474413,9481.191297220124,8686.082561629395,9292.007993665677,2857.235068661249,10915.431782869427,2054.3102917054503,5798.542459457784,7766.254318559553,10731.062644657806,8686.082561629395,7459.66361820633,4640.312868384905,4640.312868384905,4185.6781859107205,10924.284990062806,10924.284990062806,11376.595381533514,15113.93822894199,12373.151066559632,11857.663570905755,10884.289290067176,12204.403229088837,12133.399745255005,7239.845430552788,10041.034276060036,10132.162731042126,3196.3950644379684,6396.6717738733905,17638.22228401355,7067.354334396853,8438.034818105538,11250.902551627032,5417.2954605947525,6620.143332811683,10900.57453974926,10417.86496278308,12058.595386286923,12058.595386286923,10663.564862291318,7208.423860632512,2898.735894954826,9299.065876153098,10028.704034472783,5594.693704756683,2521.1565624299374,2601.814792659982,6552.501977031663,8347.299316864473,5666.45404657292,5666.45404657292,5561.127690439127,10482.342371305951,10482.342371305951,10995.917042767962,839.3081665290974,1606.6996011510068,9107.07530594827,9895.436149453091,9591.188019014946,3711.759809504367,9624.438146335278,10432.728564190516,5653.3976482374055,12097.767594970801,7690.679114231424,6930.100830135572,8483.179030604364,8459.917809895902,7099.558016435767,9402.21219919304,6776.253336258868,11033.871290813498,8128.818717794151,3075.583784892063
420035625003,12944.873225874673,16661.130122262763,526.150353478007,9641.313087877259,6896.275176558382,3991.3316742015977,11815.760782079684,13187.775545578535,8327.585749195452,9390.766313597256,9494.025551569643,9251.287045760278,13866.915246574104,8681.19088601226,10746.113892768177,8924.96528404488,15582.568541945855,8780.435713120734,9138.691766683392,9624.149729510966,6635.608899484933,8681.19088601226,12126.800377282761,5841.7165261264445,5841.7165261264445,5175.911826028254,10819.524835473188,10819.524835473188,14143.237671206056,19250.09075642388,3585.5378571379233,14624.305860578299,13650.93157973972,16716.099201679215,16062.51364771184,12116.914395166894,12807.676565732581,12898.805020714672,8553.101318591289,10295.810527386862,20404.864573686093,8206.353348680004,9577.033832388688,16187.657268906964,7387.2536921874935,8645.472115519544,12039.573554032404,11556.863977066225,16210.469760742802,16210.469760742802,11802.563876574464,6455.736530863718,6805.719540541176,12356.287702778773,1152.6421887577467,7536.633263148957,8250.792947806181,8277.306418599695,7691.5009913148115,3468.022378457234,10327.027232805433,10327.027232805433,10221.70087667164,3939.5706211542597,3939.5706211542597,15932.671760047897,8089.351118119498,9014.623275824357,8266.030962640098,9416.788965738959,11045.293918117444,7096.037617579774,13804.458382453011,13199.370853863062,8980.756595333136,16045.598775670303,9144.785013333923,11734.689311389417,11802.758567007028,11517.139636521575,6565.528066219592,526.150353478007,8643.991419602458,14091.093117439168,3322.4307393049735,5941.601722725159
420034270002,8923.49316034484,8029.501411336094,12707.50482011116,9477.878184326666,8776.588333164676,14085.585911632581,2151.2352428300787,10410.00177052108,6631.973021739776,4645.195193397721,9612.678464504457,11929.662766612702,4986.658158175721,10885.811098767692,11268.556317551902,6487.647949062822,6265.462386061602,4955.551790381421,6150.472428767577,9742.802642445778,12930.791181796092,10885.811098767692,2979.9031929817265,8459.354586146186,8459.354586146186,8728.602572682732,13124.013527201092,13124.013527201092,11365.4638961486,10617.709214096192,14959.000786549248,11846.532085520843,10873.157804682263,7490.196666764052,7637.1707304092015,2394.4745510828075,8786.296500202749,8877.424955184837,6848.75768134157,4703.196719585857,16685.702500845557,9267.082871535149,10637.763355243835,6405.531672157047,7393.843784480981,8357.48702239619,13100.303076887543,12617.593499921368,7554.312211927669,7554.312211927669,12644.071150815125,9303.481878556064,6841.303869466658,6866.111698502989,13031.957635279203,7571.242028642912,4743.258624979042,4732.2290300289105,8752.230514169958,10547.027854002768,4209.684521069336,4209.684521069336,4104.358164935545,12682.070908444239,12682.070908444239,6150.546163297977,5523.615425948485,4764.402114500738,11306.803843086564,12095.164686591383,11567.736342901171,5781.483934529292,5132.6624281904615,10421.597078805602,6023.758498779896,7601.538580124998,9667.22743811765,2084.7299506655913,4272.065784140664,5709.501670443777,9076.106340321996,12707.50482011116,8428.365860684748,7250.542897334183,10328.547254932444,7673.069307655819
420035628001,15631.571581483528,19347.828477871608,5020.444336977867,12269.044340434659,8267.670006735261,1514.5532565376702,14502.459137688536,15874.47390118739,11014.2841048043,14598.20730009233,11775.655418446226,7521.393405637128,16553.61360218296,6951.297245889109,11169.002671740778,13081.988273965297,18269.2668975547,11467.134068729581,11825.390122292243,11720.353699569885,4905.715259361786,6951.297245889109,14813.498732891614,11070.613538740636,11070.613538740636,10404.808838642446,9089.631195350039,9089.631195350039,16829.936026814907,21936.78911203272,4859.189098211316,17311.004216187146,16337.629935348574,19402.79755728806,18749.21200332068,14803.612750775748,15494.374921341434,15585.503376323526,13443.098006244047,12982.508882995713,21346.631518834427,9977.945578309613,7936.466864048451,18874.355624515807,10073.95204779634,11332.17047112839,10796.455843376263,10412.748047317187,18897.168116351644,18897.168116351644,11252.843248972082,7827.131361040596,12034.616553155367,15042.986058387625,5118.829971298093,10223.331618757802,10937.491303415029,10964.004774208543,9739.784098119464,5558.1306477084945,13013.725588414283,13013.725588414283,12908.399232280492,3812.0568898642323,3812.0568898642323,18619.37011565674,13318.248130733691,11701.321631433206,6536.137322516949,7686.895325615809,11018.045325626465,9782.73597318862,16491.156738061865,15886.069209471916,11667.454950941985,18732.297131279145,10162.13876633356,14421.387666998271,14489.456922615882,14203.83799213043,7936.922896396471,5020.444336977867,11330.689775211304,16777.79147304802,5412.539008556232,11170.49873533935
420034643002,13958.115612276322,17674.372508664408,2071.6046746558322,10654.555474278912,7424.249614252754,2306.2161665903513,12829.003168481333,14201.017931980185,9340.828135597103,11714.376108339862,10507.267937971294,8374.590975833617,14880.157632975754,7804.494816085597,11759.356279169826,11248.575078787484,16595.810928347506,9793.678099522382,10151.934153085045,10637.392115912618,5758.912829558275,7804.494816085597,13140.04276368441,8165.326320869051,8165.326320869051,7499.521620770861,9942.828765546523,9942.828765546523,15156.480057607705,20263.33314282552,1400.0239533207425,15637.548246979948,14664.173966141369,17729.341588080864,17075.75603411348,13130.156781568543,13820.91895213423,13912.04740711632,10876.711113333893,11309.052913788513,21418.10696008773,9219.595735081655,8789.664434244942,17200.899655308607,8400.496078589144,9658.714501921191,11649.653413572752,11265.945617513673,17223.712147144444,17223.712147144444,12106.040819168567,6983.710968558091,9129.329335283785,13369.530089180422,2077.1738727103675,8549.875649550608,9264.03533420783,9290.548805001346,8704.743377716462,3995.996816151608,11340.269619207083,11340.269619207083,11234.943263073292,3062.874551227599,3062.874551227599,16945.914146449544,10412.960912862107,10027.865662226008,7389.3348927134375,8540.092895812299,11871.24289582295,8109.280003981426,14817.70076885466,14212.61324026471,9993.998981734785,17058.84116207195,10158.027399735576,12747.931697791066,12816.000953408677,12530.382022923224,7093.5025039139655,2071.6046746558322,9657.233806004106,15104.335503840817,3850.4051769993466,8265.211517467766
420031414005,1366.3644828193826,5070.320256992794,13975.468716753625,7432.188155503258,9769.011232860015,15353.549808275053,6251.154293301102,2981.8120125738487,6695.215507141629,12490.437543716811,7573.618436019033,13197.62666325517,4251.933804816199,12153.774995410156,10816.302621819224,11221.57704702671,6688.709741968785,9488.838482142615,7174.144507696661,7703.742613960357,14198.755078438558,12153.774995410156,5734.0809844681535,14601.226113686173,14601.226113686173,14146.59143121199,13358.342101307828,13358.342101307828,3656.1659410952834,7258.020830537473,16226.964683191727,4132.880821937062,3574.7874873690507,6846.755925610305,4629.736672805318,6888.206764916071,1529.000305828861,1435.5154430781747,11582.686779305457,6079.269595359727,8397.92410071698,10201.337739995439,11905.7272518863,7283.444487654704,7194.241002591559,6311.796993572783,13044.701064151363,12513.848970745614,6203.121570733118,6203.121570733118,12191.81745508245,10280.088393339329,13657.665080582705,2825.3482059982457,14299.92153192167,7363.478979944626,8815.067093782556,8841.58056457607,9142.22030393244,11814.991750645235,7032.135651232202,7032.135651232202,6926.809295098412,13930.754828210724,13930.754828210724,7206.01931683403,11419.453715174977,9715.673419932578,12574.76773972903,13363.128583233853,11115.482647168494,7735.174075927538,4151.121636847737,3150.565370066021,6602.883329912269,4612.821800763784,9135.742352260864,6302.23935441341,4719.3713951149275,3758.5176745604076,10052.712855105266,13975.468716753625,6382.675831861341,1324.210327782493,11596.511151574912,13036.497030193335
420032614001,10449.885584845186,13064.4922423506,9164.36835550123,8052.536182408226,6848.51444466944,12157.512023137344,7672.438041232438,10692.787904549048,5271.8814507427805,2335.6314271604742,7907.784789261285,10001.588878117469,10019.953113388823,8957.737210272451,9563.662642308733,2517.6360109952225,11454.19359903813,2325.9649403485087,6070.197108100842,8037.90896720261,11002.717293300862,8957.737210272451,7998.425434375026,4402.469024693095,4402.469024693095,3947.8343422189096,11195.939638705862,11195.939638705862,11648.25003017657,15652.700045110692,12135.307222867823,12129.318219548812,11155.943938710232,12743.16504525754,12672.161561423707,7973.591654319646,10312.688924703092,10403.817379685182,2856.7960067719414,6935.433590042087,17909.876932656603,7339.008983039911,8709.689466748596,12044.334528059722,5688.95010923781,6891.797981454741,11172.229188392315,10689.519611426136,12597.357202455625,12597.357202455625,10935.219510934374,7480.07850927557,2976.3996810251606,9570.720524796154,9790.860190780973,5866.34835339974,2792.8112110729962,2879.5875698930968,6824.15662567472,8618.953965507531,6205.215862741617,6205.215862741617,6099.889506607823,10753.997019949007,10753.997019949007,11789.349019200654,601.4643228372868,1878.3542497940655,9378.729954591327,10167.090798096147,9862.842667658002,3983.4144581474256,10163.199962503975,10704.383212833573,5925.052296880463,12636.529411139503,7962.333762874482,7591.366570542171,8762.414083882255,8731.572458538958,7371.212665078824,9164.36835550123,7047.907984901926,11305.525939456555,8400.473366437207,2837.739941200252
420035628002,14705.2534495506,18421.51034593868,4486.597413717921,10959.322157086111,6957.947823386717,1125.9821631166571,13576.14100575561,14948.155769254463,10087.965972871372,13671.889168159403,10739.95901545265,6643.638987703056,15627.295470250032,6073.542827955036,10291.248253806707,12155.67014203237,17342.948765621783,10540.815936796655,10899.071990359316,10830.1744645402,4027.960841427715,6073.542827955036,13887.180600958687,10459.963894901437,10459.963894901437,9794.159194803251,8211.876777415962,8211.876777415962,15903.617894881983,21010.470980099795,4384.875201456396,16384.686084254226,15411.311803415647,18476.479425355137,17822.893871387758,13877.294618842821,14568.056789408507,14659.1852443906,12516.77987431112,12056.190751062786,20468.87710090035,9100.191160375538,7058.7124461143785,17948.037492582887,8950.885782232683,10135.33381773553,9918.70142544219,9534.993629383114,17970.849984418724,17970.849984418724,10375.08883103801,6517.409177692052,11423.966909316168,14116.667926454698,4584.983048038147,9093.4212657519,10011.173171482102,10037.686642275616,8430.061914770919,4303.367628476137,12087.407456481356,12087.407456481356,11982.081100347565,2507.9755957114635,2507.9755957114635,17693.051983723817,12478.783794742685,10775.003499500279,5658.382904582877,6809.140907681737,10140.290907692392,8856.41784125569,15564.838606128938,14959.75107753899,10741.136819009058,17805.97899934622,9284.384348399488,13495.069535065344,13563.138790682955,13277.519860197503,6627.200713047927,4486.597413717921,10133.853121818443,15851.473341115096,4486.220876623304,10559.849091500151
420031306001,7439.512397097442,1330.6742865083677,17847.862972453702,11222.334960276945,13758.35959364627,19225.944063975123,7232.618888309606,9066.702840752336,9653.424090542172,13974.976048927267,11363.765240792723,17070.020918955244,4353.013817919741,16026.169251110226,14606.449426592913,14202.791954242985,6291.1572403754635,12647.825286225183,9665.001826685915,11493.889418734045,18071.149334138634,16026.169251110226,7012.183237854986,17578.2250879981,17578.2250879981,17123.590405523915,17148.488906081522,17148.488906081522,9741.056769273775,1299.4197734462864,20099.3589388918,10217.771650115556,9659.678315547542,5198.04706966931,2020.8017517377486,7666.685086882389,7602.148220106919,7508.663357356234,14563.901686521735,8267.561772534005,13367.737193396431,14154.208365379094,15778.12150758637,6833.061802025462,11203.944049998714,10101.943798346474,16834.847868925062,16303.99577551931,3203.196441679719,3203.196441679719,15981.964259856148,14156.45319083221,16171.084724996206,7512.595704111365,18172.31578762174,11166.632387332134,12092.263679654152,12081.234084704018,13095.090929316098,15687.386006345307,8753.956881659906,8753.956881659906,8648.630525526114,17807.1196257036,17807.1196257036,6755.6366312047885,14190.197731992379,12497.028381973869,16447.1619954291,17235.52283893392,14905.629451942186,11066.451947485843,4355.002698549335,9235.456198244508,9093.740648901523,1955.2624216812567,12925.889157034551,7283.703949421913,6444.184652809579,6907.701947590556,13929.077652598146,17847.862972453702,10172.822636635032,4960.562665783515,15468.905407274986,16013.496004505261
420035623003,2932.4471745238334,8514.813581191327,13905.551746198063,7362.271184947694,9699.094262304458,15283.632837719491,9144.162597923178,1051.9436177296661,6625.298536586065,12420.520573161248,7503.701465463469,13127.70969269961,7696.427129014733,12083.858024854595,10746.385651263663,11151.660076471147,10133.20306616732,9418.921511587056,7592.535347033926,7633.8256434047935,14128.838107882995,12083.858024854595,8623.577994613108,14531.30914313061,14531.30914313061,14076.674460656428,13147.991170865726,13147.991170865726,666.6504601182523,10702.514154736007,16157.047712636166,1143.3653409600308,619.0538286521825,10291.24924980884,8074.229997003852,9802.909552195513,3069.3710515769253,2975.886188826239,11512.769808749894,6852.606222092655,7339.872912423009,10131.42076943988,11835.810281330738,10727.93781185324,7124.3240320359955,6241.880023017219,11396.204829136945,11839.460039878011,9647.614894931652,9647.614894931652,11670.467696383697,10210.17142278377,13587.748110027143,5045.872017927528,14230.004561366106,7293.562009389062,8745.150123226995,8771.663594020509,9072.303333376882,11745.074780089672,7805.472277965132,7805.472277965132,7700.14592183134,13860.837857655162,13860.837857655162,10650.512641032567,11349.536744619414,9645.756449377019,12504.850769173467,13293.21161267829,11045.565676612932,7665.257105371974,7595.61496104627,841.5690423649394,7046.222241098151,8057.315124962318,9065.825381705306,9195.247659035485,7090.208355749438,5839.937987725306,9982.795884549705,13905.551746198063,6312.758861305777,4768.703651981026,11526.59418101935,12966.580059637774
420031018002,8599.350285333268,5783.914510610925,14681.325485662956,10560.273744359818,10750.40899871648,16059.406577184376,3575.4783865648715,10405.505386918283,8125.02955068181,9657.941676313265,10701.704024875593,13903.4834321645,3397.7774580749356,12859.631764319489,13242.376983103697,10489.569606517158,1879.1206939444783,8934.60293849935,7643.528957709615,10831.828202816918,14904.611847347887,12859.631764319489,4535.6199520597265,13472.10106906173,13472.10106906173,13410.368057798087,15097.834192752887,15097.834192752887,11079.859315439711,8371.246708075776,16932.821452101038,11556.574196281492,10998.48086171348,3379.93703447326,5532.7114587865035,3089.4490976212037,8462.15362519118,8553.282080173269,10850.679338795908,6196.253248527894,15822.126187711037,11240.903537086953,12611.584020795628,1837.4283745877904,9367.664450032786,9439.88258242934,15074.123742439338,14591.414165473163,4740.587698490277,4740.587698490277,14617.89181636692,11277.302544107866,11854.0503523822,7215.027580546882,15005.778300830998,9545.062694194716,8379.041331928322,8368.01173697819,10726.051179721759,12520.848519554565,5945.086810603766,5945.086810603766,5839.760454469974,14655.891573996034,14655.891573996034,1582.442865728721,10476.975384266552,8783.806034248038,13280.624508638359,14068.985352143181,13541.557008452966,7755.304600081093,3573.4927589436966,10574.258744410456,7516.815027721933,5492.497629650039,11641.048103669455,3633.457575038749,5013.424219250923,6307.948319782406,11049.927005873802,14681.325485662956,9510.761420717898,6386.966584199665,12302.36792048424,12300.27365677943
420030802002,6122.40003481779,5528.733548181683,12128.643692284986,7023.7985681174705,8195.788844844254,13506.724783806409,986.1158418463004,7608.9086449940305,4177.893405530584,7728.473002463962,7165.228848633247,11350.80163878653,2588.3773308414166,10306.949970941509,10069.470594264276,7951.8356110786945,4023.7259944170687,6396.868943060886,3696.3928125583857,7295.35302657457,12351.930053969916,10306.949970941509,184.38095622113147,11327.268744833811,11327.268744833811,10872.634062359626,12545.152399374916,12545.152399374916,8564.370770621555,8116.941350941783,14380.139658723076,9045.438959993799,8072.064679155214,5312.69744063648,5136.40286725479,1722.7719197236233,5985.203374675698,6076.331829657786,8312.945343357445,2249.117103376666,13888.120669795635,8688.221743708973,10058.902227417651,4629.031418126773,6194.758061193346,5903.407406186996,12310.134264978748,11767.016943190669,5073.83272870821,5073.83272870821,11444.985427527503,8593.88244203019,9924.581678532895,4065.0185729759423,12453.096507453027,6363.996038546413,5841.307336489856,5830.277741539724,8142.737362534226,9968.166726176589,2216.734449959188,2216.734449959188,2111.408093825396,12103.209780618065,12103.209780618065,4547.394854846871,7939.241388828087,6246.072038809573,10727.942715260388,11516.30355876521,10368.650619613543,5202.622806703116,2525.920466720322,7620.503953278556,3569.678882570705,5100.770716970586,8468.141714830013,1037.2009029586084,1470.9726586136169,2908.4085449167305,8366.506903796126,12128.643692284986,5974.286244475554,4452.9610662842515,9749.686127106264,9762.539661340972
420031414004,2725.702852824343,6277.931046920782,15541.18821688518,8997.907655634808,11334.730732991567,16919.269308406616,8072.272375756779,3639.9659471139184,8260.935007273183,14056.157043848365,9139.33793615058,14763.346163386726,5818.943575963329,13719.494495541712,12382.02212195078,12787.296547158265,8379.903271338597,11054.557982274164,8995.262590152333,9269.462114091904,15764.474578570112,13719.494495541712,7555.19906692383,16166.945613817727,16166.945613817727,15712.310931343545,14924.061601439382,14924.061601439382,4314.319875635353,7573.117982289401,17792.684183323297,4791.034756477132,4232.94142190912,8393.332513946716,5918.101865494053,8709.324847371743,2888.3386758338215,2794.8538130831357,13148.406279437011,7900.387677815404,7316.012317243287,11767.057240126993,13471.446752017855,8974.638017024514,8759.960502723112,7877.516493704338,13329.355301677733,13772.6105124188,7491.486763421851,7491.486763421851,13603.618168924488,11845.807893470883,15223.38458071426,4646.466288453921,15865.641032053223,8929.198480076178,10380.786593914105,10407.300064707619,10707.939804063986,13380.711250776789,8853.253733687874,8853.253733687874,8747.927377554084,15496.47432834228,15496.47432834228,8897.212846203838,12985.173215306531,11281.392920064132,14140.487239860584,14928.848083365407,12681.20214730005,9300.893576059087,5718.131407994866,3808.7193046060906,8424.001412367945,5901.186993452519,10701.461852392411,8123.357436869087,6540.489477570604,5579.6357570160835,11618.432355236819,15541.18821688518,7948.395331992896,3042.9892325174283,13162.230651706468,14602.216530324891
420032023004,12483.796704113889,16200.05360050198,7912.505475476719,7821.209579983079,5075.846609750453,5513.679030516929,11354.684260318898,12726.699023817751,7866.509227434666,11450.432422722692,6726.031120098223,2790.755379945337,13405.838724813317,1485.5915068630115,6043.428798400517,9934.213396595655,15121.492020185071,8319.359191359947,8677.615244922607,6670.729401221883,2175.9048759218826,1485.5915068630115,11665.723855521976,13313.862463255131,13313.862463255131,12859.227780780946,4358.993169658246,4358.993169658246,13682.161149445272,18789.0142346631,8506.156295412078,14163.229338817515,13189.855057978932,16255.022679918433,15601.437125951054,11655.83787340611,12346.600043971795,12437.728498953884,10295.323128874401,9834.734005626071,16615.993493142643,4928.321279961612,2666.21594961969,15726.58074714618,6522.055410931211,7567.22324055995,6065.817817684474,5682.110021625396,15749.393238982017,15749.393238982017,6127.269375631819,5100.21526235485,12495.53841471371,11895.211181017987,8010.891109796945,6646.532791861584,7789.716426045396,7816.229896838911,4584.1421103111425,5372.792323218871,9865.950711044641,9865.950711044641,9760.62435491085,4493.471272056155,4493.471272056155,15471.595238287113,10257.327049305966,8553.546754063571,1379.3862104420223,2956.2572999240174,5892.4714522862,6634.961095818991,13343.381860692223,12738.294332102274,8519.680073572348,15584.522253909518,5112.514467985558,11273.612789628633,11341.682045246243,11056.063114760791,5144.181835654441,7912.505475476719,7560.832399243911,13630.016595678384,5624.543540805096,11749.133379762292
420032708003,13390.160614846267,16153.511277473659,6473.4593186156835,10933.120411708476,9663.552490108472,9806.639558595496,10275.245108967647,13633.062934550131,8292.86298276269,4144.430443109229,10788.369018561536,12816.626923556505,13110.668024313287,11772.775255711482,12444.246871608993,4999.479374585202,13215.170781976743,5422.736393449223,9091.17864012075,10918.49319650286,12421.525354785166,11772.775255711482,11103.913059119295,335.3447200086198,335.3447200086198,1428.2751649081724,14010.977684144898,14010.977684144898,14588.525060177655,18741.719080233754,9444.398185982269,15069.593249549895,14096.218968711317,13963.679667494041,15761.180596546765,10518.484417220376,13252.963954704173,13344.092409686264,5075.930378103197,10081.963577537686,20850.151962657677,10154.047028478943,11524.727512187625,12951.33329025873,8569.534338538067,9772.382210754997,13987.267233831351,13504.55765686517,15678.322078065234,15678.322078065234,13750.25755637341,10295.1165547146,1792.1369499754512,12514.936904475586,7099.951153895426,8746.9325827,5916.125663035829,5996.241746014386,9639.194671113752,8771.513595729579,9351.745850237217,9351.745850237217,9246.419494103424,9725.487076454487,9725.487076454487,12674.376807921615,3594.7567679818753,5024.884237289667,12193.76800003036,12982.128843535185,12743.426896958263,6972.792962993607,13256.67229432803,13644.658242834657,8946.033828900372,15725.54844626256,10842.917992174733,10208.73981680316,11783.395615902164,11675.788838218383,10211.793239587469,6473.4593186156835,9928.49221420218,14249.742319135985,8553.032996659254,1517.7854252322284
420034600021,18427.380275935666,22143.637172323764,7022.209477145336,15123.820137938252,13207.409639705249,8827.816737703582,17298.267832140682,18670.282595639528,13810.092799256447,12309.052021518364,14976.532601630635,15220.722909445414,19349.422296635097,14650.626749697394,16228.620942829166,11843.25099196599,21065.07559200685,12696.291931592485,14621.198816744385,15106.656779571957,12605.044763170079,14650.626749697394,17609.30742734376,8758.011040308535,8758.011040308535,8094.1975339493765,16788.96069915832,16788.96069915832,19625.74472126705,24732.59780648487,9993.14834451192,20106.812910639288,19133.438629800712,22198.606251740217,21545.020697772838,17599.421445227894,18290.183615793572,18381.312070775664,11471.387026512402,15778.317577447851,25887.371623747084,13688.860398741002,15059.540882449677,21632.103931430323,12869.760742248487,14127.979165580535,17522.080604093404,17039.37102712722,21692.9768108038,21692.9768108038,17285.070926635464,12766.870994010587,9724.00524846229,17838.794752839774,7648.701312425075,13019.140313209951,13189.68120117909,13269.797284157648,13174.008041375804,9779.156841604106,15809.534282866422,15809.534282866422,15704.20792673263,10274.237234984139,10274.237234984139,21355.14744909321,11007.636826040614,12298.43977543293,14235.46682632524,15386.224829424094,16527.800968178435,12578.54466764077,19286.965432514,18681.877903924054,14463.263645394127,21528.1058257313,14627.292063394918,17217.196361450417,17285.265617068027,16999.64668658257,12876.662529366458,7022.209477145336,14126.49846966345,19573.60016750016,9560.676242533782,8859.887430646279
420032620003,10604.565631126927,12113.895970348152,10892.639246417648,8342.31279517785,7294.427501290411,12603.425079758319,6235.62980184213,10847.46795083079,5426.5614970245215,1876.9508979120126,8197.561402030911,10447.501934738437,9071.052717187777,9403.650266893426,9853.439255078363,4390.155616848471,10349.856945073661,3183.549852364229,6224.877154382587,8327.685579972234,11448.630349921828,9403.650266893426,7064.297751993777,5780.937879413349,5780.937879413349,5676.105233135325,11641.852695326828,11641.852695326828,11802.93007645831,14702.10377310825,13476.839954674982,12283.998265830549,11310.623984991973,11574.591225776108,11721.565289421258,6478.869110094858,10467.368970984835,10558.497425966923,4729.315612625191,6016.098499421479,18064.556978938333,7784.922039660883,9155.60252336957,10489.926231169105,5978.726722007437,7181.5745942243675,11618.14224501328,11135.432668047104,11638.706770939727,11638.706770939727,11228.954088341583,7888.364816082519,4025.9790779483806,9523.009658884344,11519.131081697391,6156.124966169369,3165.313818588545,3162.1919253754536,7270.06968229569,9064.867022128505,5285.880772121008,5285.880772121008,5180.554415987215,11199.910076569975,11199.910076569975,10234.940722310035,2416.5569504093346,2793.7966972673985,9824.643011212302,10613.003854717119,10152.619280427627,4325.024369998078,9217.056987202517,10859.063259115315,6079.732343162207,11685.933139137054,8252.110375644106,6169.124509677643,8102.605756152453,8670.048302117268,7660.989277848454,10892.639246417648,7337.684597671554,11123.620901791444,8846.38642305818,4566.010832116667
420034250004,11088.772649516892,8217.178490701184,15813.119438721335,12102.72866632708,11882.202951774858,17191.20053024276,4707.272339623244,12894.927751101905,9256.823503740185,8739.16918160265,12244.158946842856,15035.277385222877,5887.199822258562,13991.425717377866,14374.170936162076,11621.363559575535,3309.8626364724473,10066.396891557722,8775.322910767989,12374.283124784177,16036.405800406266,13991.425717377866,5667.413905118103,11454.129254776697,11454.129254776697,12275.380217604456,16229.628145811266,16229.628145811266,13569.281679623333,10529.680013636504,18064.615405159428,14045.996560465113,13384.765527694146,4058.371521989747,7965.975438876761,4221.243050679576,10951.575989374802,11042.70444435689,11982.473291854285,7328.047201586271,18311.548551894666,12372.69749014533,13743.377973854005,3046.025144754433,10499.45840309116,10982.337504396603,16205.917695497717,15723.208118531542,6743.578378086681,6743.578378086681,15749.6857694253,12409.096497166245,10485.553396895903,9377.719421514865,16137.572253889377,10676.85664725309,9510.835284986695,9499.805690036565,11857.845132780136,13652.642472612943,7076.880763662143,7076.880763662143,6971.5544075283515,15787.685527054413,15787.685527054413,2769.068662417319,10519.035641947608,9915.599987306412,14412.418461696738,15200.77930520156,14673.350961511345,8887.098553139467,6062.915123127324,12933.204801817485,8648.608980780307,7925.761609740296,12772.842056727832,4765.251528097122,6783.673507152541,8221.109393455654,12181.720958932181,15813.119438721335,11053.21634268516,8876.388948383292,13434.161873542618,11639.563031320151
420034592011,17548.255169840202,21264.512066228293,6332.046320290167,14244.695031842792,10922.47160438283,4337.132271841233,16419.142726045215,17791.157489544064,12930.967693160985,15974.817753974185,14097.407495535173,10730.03844358306,18470.297190539626,10159.942283835042,14377.647709686711,14998.671862321975,20185.95048591138,13383.817657086262,13742.073710648925,14227.531673476498,8114.360297307728,10159.942283835042,16730.182321248292,12425.767966503377,12425.767966503377,11759.96326640519,12298.276233295966,12298.276233295966,18746.619615171578,23853.4727003894,5900.542885995993,19227.687804543828,18254.31352370525,21319.481145644742,20665.895591677363,16720.296339132423,17411.05850969811,17502.1869646802,15137.152758968217,14899.192471352393,24555.276556780358,12809.735292645539,11145.11190199438,20791.039212872485,11990.635636153025,13248.854059485073,14005.100881322194,13621.39308526312,20813.851704708322,20813.851704708322,14461.488286918015,10481.932958688165,13389.770980918109,16959.669646744303,6430.431954610393,12140.01520711449,12854.174891771714,12880.688362565228,12294.882935280344,7562.278872559697,14930.409176770963,14930.409176770963,14825.082820637172,6265.890328557777,6265.890328557777,20536.053704013422,14673.402558496431,13618.005219789888,9744.782360462887,10895.54036356174,14226.690363572396,11699.419561545303,18407.840326418533,17802.752797828587,13584.138539298665,20648.980719635823,13370.783804279492,16338.071255354946,16406.140510972557,16120.521580487104,10591.72449404404,6332.046320290167,13247.373363567986,18694.475061404693,7416.687233407437,12525.65316310209
420034281001,10739.819337252371,9845.827588243625,12023.52701021278,9073.452047753013,8092.610523266298,13401.6081017342,3967.561419737609,11578.607203405954,6157.700749599685,3341.977282577073,8928.700654606073,11245.684956714322,6802.984335083252,10201.833288869311,10584.578507653521,5803.670139164442,8081.788562969133,4271.57398048304,6956.01640695775,9058.824832547398,12246.813371897711,10201.833288869311,4796.229369889256,7156.136675325537,7156.136675325537,7425.384661862085,12440.035717302711,12440.035717302711,12534.069329033471,12434.035391003723,14275.022976650867,13015.13751840571,12041.763237567135,9306.52284367158,9453.49690731673,4210.800727990339,10602.62267711028,10693.751132092368,6164.77987144319,6519.522896493388,18502.02867775309,8583.105061636768,9953.785545345454,8221.857849064576,6709.865974582602,7912.713846799532,12416.325266989163,11933.615690022987,9370.6383888352,9370.6383888352,11960.093340916745,8619.504068657683,5538.08595864601,8682.43787541052,12347.979825380822,6887.264218744533,4059.2808150806604,4048.251220130529,8068.2527042715765,9863.050044104388,5988.115310425577,5988.115310425577,5882.788954291785,11998.093098545858,11998.093098545858,7966.872340205507,4220.397515127837,4080.424304602357,10622.826033188183,11411.186876693002,10883.75853300279,5097.506124630912,6948.988605097992,11590.202511690477,6810.8715957373715,9417.864757032527,8983.249628219266,3901.0561275731216,6088.391961048194,7525.827847351306,8392.128530423619,12023.52701021278,8068.823850246718,9066.869074241713,9644.569445034063,6369.851396835171
420034281002,10812.12788024134,9918.136131232593,11593.202002765029,8643.127040305262,7662.285515818542,12971.28309428645,4039.869962726577,11148.282195958202,5727.375742151929,2865.0820298769836,8498.375647158322,10815.35994926657,6875.2928780722195,9771.508281421558,10154.25350020577,5373.345131716686,8154.097105958101,3841.2489730352854,6525.691399509995,8628.499825099647,11816.48836444996,9771.508281421558,4868.537912878225,6679.241422625448,6679.241422625448,6948.489409161995,12009.71070985496,12009.71070985496,12103.74432158572,12506.343933992692,13844.697969203116,12584.81251095796,11611.438230119384,9378.83138666055,9525.8054503057,4283.109270979306,10674.93122009925,10766.059675081338,5734.454863995435,6288.0080302782935,18365.371224065748,8152.780054189016,9523.460537897701,8294.166392053548,6279.540967134846,7482.388839351776,11986.000259541412,11503.290682575236,9442.946931824168,9442.946931824168,11529.768333468994,8189.179061209928,5061.190705945921,8754.746418399489,11917.654817933071,6456.939211296777,3628.9558076329063,3617.926212682775,7637.927696823821,9432.725036656637,5557.790302977822,5557.790302977822,5452.463946844029,11567.768091098107,11567.768091098107,8039.180883194475,3743.5022624277476,3650.099297154603,10192.501025740432,10980.86186924525,10453.433525555038,4667.181117183157,7021.29714808696,11159.877504242726,6380.546588289616,9490.173300021495,8552.924620771515,3973.3646705620895,6160.700504037162,7598.136390340275,7961.8035229758625,11593.202002765029,7638.498842798963,9139.177617230682,9214.24443758631,5892.956144135082
420034282002,12479.924408595458,12285.006458458378,10477.565637626734,10216.034319479992,9015.32926655157,13810.745877606549,6406.740289952364,12722.826728299322,7301.920274493056,1427.7587491211611,10071.282926333053,12168.403699999595,9242.163205298006,11124.552032154583,11727.1607793805,5575.179885290516,9371.942766161403,4772.255108334717,8100.235931851119,10201.407104274376,13169.532115182985,11124.552032154583,7235.408240104012,5093.021572602883,5093.021572602883,5362.26955913943,13362.754460587985,13362.754460587985,13678.288853926842,14873.214261218476,13448.50450499332,14159.357043299084,13185.982762460504,10120.4516516787,11892.675777531484,6649.979598205093,12342.727748453366,12433.856203435455,5914.339881067235,8109.506356417809,19939.915756406866,9505.82380492204,10876.504288630724,9108.10527444339,7852.44824630958,9055.29611852651,13339.044010274436,12856.334433308259,11809.817259049953,11809.817259049953,13102.034332816498,9646.893331157698,3474.970855923355,11121.616745625273,11104.057472906481,8029.846490471511,4867.970336453187,4864.848443240096,8990.971447556847,10785.768787389661,7379.288629117339,7379.288629117339,7273.962272983547,12920.811841831131,12920.811841831131,8831.148792106274,3207.625209466115,4324.644417780273,11545.544776473454,12333.905619978274,12026.340804729767,6045.926135259232,9388.167475312746,12734.422036583846,7955.091120630741,11857.04362724728,10125.831899946248,6340.234997787877,8527.570831262949,9965.006717566062,9534.710802150596,10477.565637626734,9211.406121973696,11506.047944456466,10567.288188319335,4808.695424071178
420034297002,14327.454585205587,16017.086814671982,7054.147246847702,11870.414382067796,10600.84646046779,10387.327486827522,10138.820646165963,14570.356904909451,9230.156953122008,4627.84671142223,11725.662988920856,13753.920893915825,12974.243561511612,12710.069226070802,13381.540841968314,5936.773344944525,13010.241139659896,6360.030363808545,10028.47261048007,11855.787166862181,13002.213283017192,12710.069226070802,10967.48859631761,1205.6615989377608,1205.6615989377608,2140.4558433642515,14948.271654504219,14948.271654504219,15525.819030536975,18605.294617432082,10025.086114214293,16006.887219909215,15033.512939070637,13758.750025177194,15624.756133745092,10382.05995441869,14190.257925063494,14281.386380045584,5930.6203418461955,11019.257547897007,21787.445933017,11091.340998838263,12462.021482546945,12746.403647941883,9506.828308897388,10709.676181114313,14924.561204190672,14441.85162722449,15541.897615263559,15541.897615263559,14687.55152673273,11232.41052507392,3155.988426857997,13452.230874834906,7680.639082127444,9684.22655305932,6853.41963339515,6933.535716373707,10576.48864147307,9352.201523961596,10289.039820596536,10289.039820596536,10183.713464462742,10306.175004686513,10306.175004686513,12469.447165604768,4671.375258256672,5962.17820764899,13131.061970389681,13919.422813894505,13680.720867317583,7910.086933352927,13120.247831526352,14581.952213193978,9883.327799259692,15589.123983460888,11780.211962534053,10072.315354001475,12259.651187476553,12613.082808577703,11149.087209946789,7054.147246847702,10865.786184561499,15187.036289495305,9133.720924891271,2523.6258628623327
420035626001,10748.516521732097,14464.77341812019,3257.5940662966264,7444.95638373469,4073.216181373555,3527.5235465451415,9619.404077937108,10991.41884143596,6131.229045052883,9715.1522403409,7297.668847427072,7010.897372946763,11670.558542431529,6440.801213198743,8549.757188625606,8198.933214213874,13386.21183780328,6584.079008978161,6942.335062540823,7427.793025368396,4395.219226671427,6440.801213198743,9930.443673140186,8660.127988747683,8660.127988747683,7994.323288649489,8579.135162659672,8579.135162659672,11946.88096706348,17053.734052281303,4731.624769943974,12427.949156435723,11454.574875597144,14519.742497536643,13866.156943569264,9920.557691024318,10611.319861590006,10702.448316572096,8560.042946492622,8099.453823244292,18208.507869543515,6009.996644537437,7380.677128246118,13991.300564764388,5190.896988044925,6449.115411376972,9843.216849889828,9360.507272923649,14014.113056600227,14014.113056600227,9606.207172431888,3632.6775356788917,9624.131003162416,10159.930998636197,3582.0468814646706,5340.276559006388,6054.436243663612,6080.949714457127,5495.144287172243,644.9633832724097,8130.670528662862,8130.670528662862,8025.34417252907,2093.896338672133,2093.896338672133,13736.315055905321,8522.046866924189,6818.266571681786,6025.641289826584,7176.3992929254455,8848.937213974867,4899.680913437205,11608.101678310435,11003.014149720486,6784.399891190565,13849.242071527728,6948.428309191354,9538.33260724684,9606.401862864452,9320.782932379,3742.469071034766,3257.5940662966264,6447.634715459885,11894.736413296592,499.3717441201487,8760.013185346397
420035624002,8999.421747103948,12796.15501317561,8071.91112091896,4177.019922224409,2179.0478638429445,8905.598961634869,8240.896605742624,9242.324066807812,4752.721572858396,8336.644768146416,2988.1660243450438,4416.176587602711,10292.051070237045,3396.3835783663917,3264.1067917172118,6820.425742019386,12007.704365608797,5205.5715367836765,5563.827590346336,2932.864305468703,5273.6386949488415,3396.3835783663917,8551.936200945702,10200.074808678857,10200.074808678857,9745.440126204672,4816.2043639474405,4816.2043639474405,10197.78619243533,15385.115647336721,10323.407087357056,10678.854381807572,9705.480100968989,13141.235025342161,12197.538538624683,8542.050218829836,8862.225086961857,8953.353541943947,7181.535474298134,6720.946351049804,14465.733139766346,57.773908010030915,3007.7560496198466,12612.793092569906,2949.322829393846,3994.4906590225887,4673.081215224047,4176.272891974585,12635.605584405745,12635.605584405745,4421.972791482824,2810.611928449075,9381.750760137436,8361.470677876869,8396.363936087002,3073.800210324221,4675.928771469127,4702.442242262642,1040.610430187172,5596.5606751019395,6752.163056468375,6752.163056468375,6646.836700334582,7011.488187342495,7011.488187342495,12357.807583710839,7143.539394729699,5439.759099487301,3817.3763226852675,4523.565877584512,3563.286817066479,3521.1734412427204,10229.59420611595,9253.919375092335,5405.892418996079,12180.623666583147,1666.9547130118049,8159.825135052358,8227.894390669968,7523.649652371614,2727.288613321942,8071.91112091896,3988.09981770655,10098.015230795505,5692.953555740243,8635.345725186015
420035619002,7779.4770835551235,2022.7788134081086,16938.56232506997,10731.824873548318,12856.424542865243,18316.643416591392,6298.789403037382,9406.667527210026,8739.882985204906,13041.146563655053,10873.255154064092,16160.72027157151,3434.206013729611,15116.868603726489,14115.939339864282,13277.016628484223,4782.86845134474,11722.049960466418,8751.460721348649,11003.379332005417,17161.848686754904,15116.868603726489,6098.642132517715,16652.449762239343,16652.449762239343,16197.815079765154,16657.97881935288,16657.97881935288,10081.021455731465,3642.2883455751885,19190.05829150807,10557.736336573242,9999.643002005232,2836.4897863192455,2425.5286026860244,6732.855601610166,7929.152154617571,7848.628043813916,13638.12636076297,7354.020667196736,14608.74879083734,13498.14037649395,14868.820860202632,4847.95208174416,10697.796641350458,9611.433711617841,16344.337782196413,15813.485688790664,841.6391583296552,841.6391583296552,15491.454173127499,13254.518140051176,15237.255239723989,7354.986365589777,17263.01514023801,10676.122300603507,11166.488353895387,11155.458758945253,12604.580842587471,14778.085358961569,7840.415776322638,7840.415776322638,7735.089420188846,16905.184574922587,16905.184574922587,4686.8826225323955,13264.422406233618,11571.253056215104,15537.861348045364,16326.222191550194,14415.119365213552,10152.91084214858,3436.194894359205,9575.420884702198,8180.199543564253,2367.161559596715,12435.379070305928,6349.87446414969,5530.643547472308,6465.25743323906,13027.142601817115,16938.56232506997,9682.312549906399,5298.659708997732,14559.604759891245,15087.7206787465
420039818001,8862.481478590958,3216.4862344793614,17610.72342678157,11403.985975259924,13528.58564457685,18988.80451830299,6970.950504748987,10489.671922245865,9412.04408691651,13713.30766536666,11545.416255775699,16832.88137328311,4106.367115441215,15789.029705438095,14788.100441575889,13949.17773019583,4579.720395214521,12394.211062178025,9423.621823060254,11675.540433717024,17834.0097884665,15789.029705438095,6770.803234229321,16735.71795616718,16735.71795616718,16869.976181476755,17330.139921064474,17330.139921064474,11164.025850767304,5114.710723688677,19862.219393219668,11640.740731609081,11082.647397041072,2480.017122440952,3508.5329977218607,7405.016703321771,9012.156549653406,8931.63243884975,14310.287462474576,8026.181768908342,15776.458027528819,14170.301478205556,15540.981961914238,4491.47941786587,11369.957743062065,10283.594813329448,17016.498883908014,16485.64679050227,1513.8002600412597,1513.8002600412597,16163.615274839105,13926.679241762782,15767.14209828639,8027.147467301384,17935.176241949608,11348.283402315114,11838.649455606994,11827.61986065686,13276.741944299078,15450.246460673176,8512.576878034244,8512.576878034244,8407.250521900452,17577.345676634188,17577.345676634188,4330.409958654103,13936.583507945224,12243.41415792671,16210.02244975697,16998.383293261795,15087.280466925158,10825.071943860186,4108.35599607081,10658.425279738038,8852.36064527586,3450.1659546325513,13107.540172017534,7022.035565861295,6202.804649183914,7137.418534950666,13699.303703528722,17610.72342678157,10354.473651618006,6381.664104033567,15231.765861602851,15759.881780458107
420035625001,12879.737162242898,16595.994058630993,997.9139866098261,9576.177024245482,7149.2229952523885,4273.670921989275,11750.624718447909,13122.63948194676,8262.449685563679,9510.400278667985,9428.889487937866,9504.234864454285,13801.77918294233,8934.138704706267,10680.9778291364,9044.599249115608,15517.43247831408,8715.299649488956,9073.555703051617,9559.013665879189,6888.55671817894,8934.138704706267,12061.664313650987,5961.350491197174,5961.350491197174,5295.5457910989835,11072.472654167195,11072.472654167195,14078.101607574281,19184.954692792104,3911.429549376047,14559.169796946524,13585.795516107944,16650.963138047446,15997.377584080064,12051.778331535119,12742.540502100806,12833.668957082897,8672.735283662018,10230.674463755086,20339.728510054316,8141.217285048234,9511.89776875691,16122.521205275189,7322.117628555722,8580.336051887767,11974.437490400629,11491.72791343445,16145.333697111028,16145.333697111028,11737.42781294269,6708.684349557725,6925.353505611905,12291.151639146998,1624.405821889566,7471.497199517185,8185.656884174409,8212.170354967924,7626.36492768304,3720.970197151242,10261.891169173656,10261.891169173656,10156.564813039864,4192.518439848267,4192.518439848267,15867.535696416122,8208.985083190228,8949.48721219258,8518.978781334104,9669.736784432966,10980.157854485667,7030.901553948002,13739.322318821236,13134.234790231287,8915.62053170136,15980.462712038528,9079.648949702148,11669.553247757642,11737.622503375253,11452.0035728898,6818.475884913599,997.9139866098261,8578.85535597068,14025.957053807393,3575.3785579989813,6061.235687795888
420035620002,4897.628383118068,5547.3156212748145,11713.006248101256,5756.619454206862,7630.868465896533,13091.087339622676,2569.311299034282,6446.835458575622,3514.3269082362026,9311.668459651946,5898.049734722637,10935.164194602796,2638.7285062897504,9891.312526757774,9140.73392052283,8494.464238297876,4611.80149594674,6681.019171394952,3525.9046443799466,6028.173912663962,11936.29260978619,9891.312526757774,2048.7266957242186,11874.113304957355,11874.113304957355,11419.478622483164,11682.773400011427,11682.773400011427,7402.297584203141,8135.523424034913,13964.50221453935,7883.365773575384,6909.991492736803,5493.807077121868,5154.98494034792,3228.058253306619,4760.431722975976,4851.560177958065,8855.573970576625,2128.464590228038,13238.60108408283,8272.584299525239,9643.264783233919,5217.106919656445,5475.909228369553,4636.228292276386,11369.132362854964,10838.280269449215,5092.41480180134,5092.41480180134,10516.24875378605,8028.962063082468,10849.84576983505,2840.246921276221,12037.459063269298,5645.147205722619,6007.2477830348935,6033.761253828408,7423.888529710432,9552.529281992855,3081.3306461005136,3081.3306461005136,2976.004289966722,11679.628497953874,11679.628497953874,5135.4703563765415,8611.634404427316,6907.854109184917,10312.305271076651,11100.66611458148,9439.9139458721,4927.354765179876,2576.271642168655,6458.430766860147,2954.6434665955544,5119.352790063717,7460.173650964474,2620.3963601465903,518.6088760064513,1635.9246242123418,7801.586524848405,11713.006248101256,4707.107130564944,4032.0607994809184,9334.048682922532,10309.384221464508
420031516002,985.3938870489756,7001.3065196750285,11949.932075655446,5406.651514405081,7743.474591761839,13328.013167176874,7056.7258510248985,2313.4168083914283,4669.678866043452,10464.900902618632,5548.081794920856,11172.090022156992,5803.140996628613,10128.238354311978,8790.765980721046,9196.040405928532,8033.714737815531,7463.301841044437,5636.915676491312,5678.20597286218,12173.21843734038,10128.238354311978,6536.141247714836,12575.689472587994,12575.689472587994,12121.05479011381,11332.805460209649,11332.805460209649,3237.6082094709013,9189.007093219707,14201.428042093548,3714.32309031268,2929.574216023271,8507.679025921647,6440.578057786711,7715.472805297235,848.1972269068841,939.3256818889727,9557.150138207278,4896.986551550042,9310.525320202414,8175.801098897261,9880.19061078812,8628.44948350145,5168.704361493382,4286.260352474606,11019.164423053184,10488.312329647435,7982.6277404273205,7982.6277404273205,10166.280813984271,8254.55175224115,11632.128439484526,2369.5314472600826,12274.38489082349,5337.942338846449,6789.530452684378,6816.043923477893,7116.683662834263,9789.455109547056,5849.852607422519,5849.852607422519,5744.5262512887275,11905.218187112545,11905.218187112545,8551.024312680775,9393.917074076799,7690.136778834403,10549.231098630851,11337.591942135674,9089.946006070315,5709.637434829361,5738.346135506181,2505.352098720241,5090.602570555538,6423.6631857451775,7110.205711162687,7107.810912137206,5002.771608851166,3492.0984168057294,8027.176214007088,11949.932075655446,4357.139190763164,3229.6129508053546,9570.974510476733,11010.960389095157
420034705011,15164.049287026312,18880.306183414414,7883.887227893081,10501.462162895503,7064.338380381107,5443.040505675104,14034.936843231324,15406.951606730174,10546.761810347089,14130.685005635114,9406.28370301065,4059.597687948804,16086.091307725743,4323.608418559517,7706.196473226987,12614.465979508077,17801.7446030975,10999.611774272369,11357.867827835027,9350.981984134309,2563.020910692464,4323.608418559517,14345.976438434402,13857.253709076585,13857.253709076585,13191.449008978398,5611.77721530418,5611.77721530418,16362.413732357694,21469.266817575524,8477.538047828439,16843.481921729945,15870.107640891358,18935.275262830866,18281.689708863483,14336.090456318536,15026.852626884218,15117.98108186631,12975.575711786823,12514.986588538497,17626.14212965426,7608.573862874037,5082.862505456886,18406.83333005861,9202.307993843631,10247.475823472374,7318.601863330413,6934.894067271333,18429.645821894446,18429.645821894446,7790.037050458289,7088.707032985501,14821.256723491319,14575.463763930413,7982.272862213307,9326.785374774008,10469.969008957818,10496.482479751332,7264.394693223568,5344.174075635234,12546.203293957067,12546.203293957067,12440.876937823276,4464.853024472514,4464.853024472514,18151.847821199543,12937.579632218389,11233.799336975993,3762.1298936196367,4205.021475936528,7555.239127112672,9315.213678731416,16023.634443604646,15418.5469150147,11199.932656484772,18264.774836821947,7792.767050897984,13953.865372541059,14021.934628158666,13736.315697673217,7132.673606285092,7883.887227893081,10241.084982156335,16310.269178590806,5595.925293221459,13957.138905675301
420031106002,7179.631294262294,3734.4768358662313,15641.852980451873,9454.53737348813,11559.715198247146,17019.934071973286,4649.229916232659,8806.8217379172,7443.173640586804,11391.587076850314,9595.967654003907,14864.010926953413,1922.3940578809995,13820.159259108392,12838.651839804095,11627.457141679484,1915.4876015362377,10072.490473661683,7454.751376730548,9726.091831945232,15865.139342136807,13820.159259108392,4480.268597130103,15002.8902754346,15002.8902754346,14548.255592960415,15380.69131929269,15380.69131929269,9481.175666438638,6321.809033331085,17893.348946889964,9957.89054728042,9399.797212712403,1196.1632571544521,3483.2737840418104,5083.2961148054455,7179.388080654692,7248.7822545210865,11988.566873958232,6057.31132257864,14223.442538709965,12201.431031875853,13572.111515584536,2436.7202152814352,9404.755960720157,8334.14621155765,15067.050282136226,14536.198188730477,2683.668456836359,2683.668456836359,14214.166673067311,11957.808795433082,13587.695752919251,6077.698865529593,15966.305795619915,9398.834800543318,9516.928867090655,9505.899272140523,11327.293342527284,13481.376014343472,6193.183797430788,6193.183797430788,6087.8574412969965,15608.475230304492,15608.475230304492,2359.2950444607613,11614.862919428879,9921.69356941037,14241.152003427269,15029.512846932097,13137.831865153365,8856.20149753048,1965.0014031282153,8975.575095409373,6883.490198946155,3443.059954905346,11158.091570245742,4700.314977344967,4136.668493186192,5187.969933178877,11730.433257199018,15641.852980451873,8405.025049846208,4788.282935198587,13262.89541527315,13438.161191941761
420035154013,5872.236861018001,3511.1068521758016,17272.748575481903,10519.11778574863,13137.926477250398,18650.82966700333,8213.242205554065,6901.545683859938,9638.378860762026,14955.599366171731,10660.548066264406,16494.906521983452,5337.157038498238,15451.054854138432,13903.232252064596,14232.2187184802,7855.8548879363,12495.538803917765,9649.95659690577,10790.67224420573,17476.296636382405,15451.054854138432,7903.894185157514,17611.867785139668,17611.867785139668,17157.23310266549,16445.271731553203,16445.271731553203,7575.899612381373,4462.947296455304,19524.244541919994,8052.614493223153,7494.521158655141,7708.76593634881,3520.2852196600834,8657.044406463068,6034.8726840274785,5941.387821276793,14593.328450758958,8420.887512815536,10577.592053989303,13450.991190850777,15203.007110614575,8450.58963362222,10563.75706743172,9398.726623818155,16131.630694396737,15600.778600990989,5562.847145846009,5562.847145846009,15278.747085327826,13581.338793860405,16664.365402357853,5945.320168031924,17597.20139064995,10463.415212803819,11821.76741555771,11848.280886351224,12391.873754787784,15112.271609373513,9373.75356868802,9373.75356868802,9268.427212554228,17232.005228731807,17232.005228731807,8373.164462801546,14426.154036950125,12722.37374170773,15872.047598457308,16660.408441962125,14202.412277413865,10741.874397702688,5318.928162309475,7070.29904135211,9078.695419121377,3478.4661031944443,12222.671982506241,8264.327266666372,6889.1845958042895,6204.4847730622305,13353.963255626344,17272.748575481903,9469.605462106716,3393.287129704072,14893.791010303192,16047.138701646834
420035620003,4119.59690118288,5949.014386369038,11186.715849508379,4799.701471413099,7104.578067303655,12564.7969410298,3155.355301533454,5554.573609117038,2988.0365096433234,8821.144766648482,4941.131751928874,10408.873796009919,3165.557738926798,9365.022128164897,8183.815937729067,7968.1738397049985,5161.3356883326705,6154.728772802074,2999.6142457870674,5071.255929870198,11410.002211193312,9365.022128164897,2634.7706982233917,11347.822906364478,11347.822906364478,10893.188223890287,10725.855417217665,10725.855417217665,6510.035734744559,8537.22218912914,13438.211815946474,6991.1039241168,6017.729643278219,6013.815409843632,5422.485279240947,3814.1022558057907,3982.4002410407884,4073.528696022877,8329.283571983748,1602.1741916351596,12460.569602147638,7731.5748765152475,9116.974384641042,5766.641112042375,4752.992196240955,3679.310309482625,10412.214380061201,9881.362286655452,5494.113566895564,5494.113566895564,9559.330770992288,7502.6716644895905,10323.555371242173,2062.2154393410333,11511.168664676421,4743.998898468289,5480.957384442016,5507.4708552355305,6672.457440452254,9026.238883399978,2555.040247507635,2555.040247507635,2449.713891373843,11153.338099360997,11153.338099360997,5685.004548762471,8085.344005834438,6381.56371059204,9786.014872483775,10574.375715988603,8482.995963078334,4401.064366586999,3103.1008748057025,5566.168917401565,2428.3530680026756,5405.570407199415,6503.25566817071,3206.440362645762,1101.4010593597213,1205.063185954818,7275.296126255527,11186.715849508379,3750.189147771183,3726.8778425569426,8807.758284329655,9783.093822871631
420030902003,6639.901113443201,5745.9093644344575,11540.234337215315,7216.682751619303,7609.317850268834,12918.315428736738,249.92645460340083,8126.409723619442,4370.777589032415,6982.199520774856,7358.11303213508,10762.39228371686,2703.0661112740863,9718.540615871838,10099.735970670297,7357.066327258249,4127.556561608539,5802.09965924044,3889.276996060218,7488.237210076403,11763.520698900245,9718.540615871838,771.7325148087891,10732.499461013367,10732.499461013367,10277.864778539182,11956.743044305245,11956.743044305245,9081.871849246967,8334.117167194558,13791.730303653405,9562.94003861921,8589.565757780629,5416.528007827947,5353.578683507565,1058.614693013605,6502.704453301109,6593.832908283198,7718.176059536999,2442.001286878499,14402.110453943924,8099.812388639307,9470.49287234798,4732.861985318242,6225.023437599383,6096.291589688829,11933.032593991697,11450.323017025523,5270.720165026032,5270.720165026032,11475.250803933523,8134.66153167446,9178.308196843787,4582.519651601353,11864.687152383356,6402.421681761315,5246.538052669413,5235.508457719281,7584.960031274114,9379.757371106918,2409.618633461021,2409.618633461021,2304.29227732723,11514.800425548394,11514.800425548394,4651.225422038338,7344.472105007642,5651.302754989128,10139.533360190717,10927.89420369554,10398.915996019567,4614.213451633449,2849.0703812888273,8138.005031903967,3762.5630660725374,5317.946533223361,8498.407091236046,252.2743767115423,1988.4737372390293,3425.909623542142,7907.285993440396,11540.234337215315,6167.170427977387,4966.950850432547,9161.276772036594,9167.770377520526
420031011003,9071.368137287274,7006.7526867812085,13449.386692651891,9738.995920257637,9518.470205705416,14827.467784173312,2343.539593553806,10557.876747463517,6893.090757670749,8426.0028833022,9880.426200773412,12671.544639153435,4620.615634245219,11627.692971308425,12010.438190092633,9257.630813506094,3396.686747784767,7702.664145488286,6411.590164698552,10010.550378714735,13672.673054336823,11627.692971308425,3303.681159048664,12240.162276050665,12240.162276050665,12178.429264787022,13865.895399741823,13865.895399741823,11513.33887309104,9594.084884246062,15700.882659089979,11994.407062463282,11021.032781624705,4490.280297120377,6755.549634956787,1857.510304610138,8934.171477145184,9025.299932127271,9618.740545784844,4964.314455516833,16799.24317801281,10008.964744075889,11379.645227784564,3477.9339198850657,8135.725657021721,8618.604758327163,13842.184949428274,13359.475372462099,5963.425874660561,5963.425874660561,13385.953023355856,10045.363751096802,10622.111559371137,7013.986675445427,13773.839507819934,8313.123901183651,7147.102538917259,7136.072943967127,9494.112386710694,11288.909726543501,4713.1480175927045,4713.1480175927045,4607.821661458912,13423.95278098497,13423.95278098497,3200.977437547952,9245.036591255488,7551.867241236973,12048.685715627294,12837.046559132117,12309.618215441902,6523.365807070031,4796.330935113981,10569.472055748043,6284.87623471087,6715.335805820322,10409.10931065839,2401.5187820276833,4419.940761083101,5857.376647386215,9817.988212862738,13449.386692651891,8689.48359661572,7364.083574501435,11070.429127473175,11068.334863768367
420035604002,5360.90626088535,2286.1694585829773,16761.417975349254,10007.787185615973,12626.595877117741,18139.49906687068,7010.825568630371,6988.096704540248,9127.04826062937,13753.182729248028,10149.21746613175,15983.575921850794,4134.7404015745415,14939.724254005776,13391.90165193194,13720.888118347544,6653.438251012607,11984.208203785109,9138.625996773113,10279.341644073074,16964.966036249756,14939.724254005776,6763.868675114034,17100.53718500702,17100.53718500702,16645.902502532837,15933.941131420544,15933.941131420544,7662.450633061682,3200.24037659239,19012.913941787345,8139.165513903461,7581.07217933545,6506.349299425118,2309.340858726432,7454.627769539374,5523.542083894828,5430.057221144141,14081.997850626301,7909.556912682884,11367.788442037932,12939.66059071812,14691.676510481919,7248.172996698526,10052.426467299063,8887.396023685498,15620.300094264081,15089.448000858332,4351.902784912361,4351.902784912361,14767.41648519517,13070.008193727748,15949.291405316957,5433.989567899273,17085.870790517296,9952.084612671162,11310.436815425053,11336.950286218567,11880.543154655128,14600.941009240856,8505.642318918955,8505.642318918955,8400.315962785167,16720.674628599154,16720.674628599154,7170.747825877852,13914.823436817469,12211.043141575074,15360.716998324651,16149.07784182947,13691.081677281209,10230.543797570032,4116.511525385778,7156.85006203242,8567.36481898872,2267.521742260793,11711.341382373585,7061.910629742679,6190.31512142035,5693.1541729295795,12842.632655493688,16761.417975349254,8958.27486197406,2881.95652957142,14382.460410170535,15535.808101514178
420034311002,14769.366070241906,17590.227685241844,6209.871784343906,12312.325867104115,11042.757945504109,9543.052024323722,12198.173484123674,15012.26838994577,9672.068438158327,6362.438551672692,12167.574473957175,14195.832378952144,14545.688556280065,13151.98071110712,13823.452327004632,6178.4819425588685,15125.874216847993,6801.941848844863,10470.384095516389,12297.6986518985,12157.93782051339,13151.98071110712,12524.160877266264,2309.387288331459,2309.387288331459,2249.378058772448,15390.183139540537,15390.183139540537,15967.730515573294,20178.435488001953,9180.810651710493,16448.798704945537,15475.424424106955,15874.383102365291,17197.897004314953,12497.693031606786,14632.169410099812,14723.297865081902,5806.617977105279,11461.169032933325,22229.357418053332,11533.252483874581,12903.932967583263,14862.03672512998,9948.739793933708,11151.587666150632,15366.47268922699,14883.763112260809,17123.09264534687,17123.09264534687,15129.463011769049,11495.640213864279,3777.3917786166166,13894.142359871224,6836.3636196236475,10126.13803809564,7295.331118431467,7375.447201410024,11018.400126509388,8507.926061457802,10730.951305632854,10730.951305632854,10625.62494949906,9461.899542182715,9461.899542182715,14585.080242792865,5113.286743292989,6404.0896926853065,13572.973455426,14361.334298930824,14122.632352353901,8351.998418389243,14688.935405395217,15023.863698230296,10325.23928429601,17162.26485403075,12222.123447570371,12117.102013433407,13162.601071297802,13054.994293614021,11590.998694983107,6209.871784343906,11307.697669597817,15628.947774531624,8289.445462387477,2965.537347898648
420030409003,4109.449032304857,7123.108466591135,11162.174391083816,4395.140098125977,7013.948789627743,12540.255482605236,5121.759901456786,4352.351352008717,3673.49594199057,9479.36369378703,4536.570378641752,10384.332337585358,4864.770428679674,9340.480669740346,7779.2545644419415,8214.444546775274,7017.937309321549,6477.764632212834,4051.4731822807553,4666.694556583074,11352.318948759752,9340.480669740346,4601.1752981467225,11594.093613434745,11594.093613434745,11139.458930960558,10321.294043930546,10321.294043930546,5307.813477636238,9712.069100752253,13413.67035752191,5788.88166700848,4815.507386169898,7649.969516738273,6524.491992040207,5780.506855729123,3972.252372162765,4063.3808271448534,8575.554279054028,3129.6861482334716,11569.440380116273,7327.013503228122,9086.436303430763,7623.242733031253,4439.779379809068,3274.748936195502,10007.653006774082,9476.800913368335,7124.918231243946,7124.918231243946,9154.769397705171,7470.0042394226775,10646.591230652926,2414.5571479344117,11486.627206251858,4339.437525181166,5803.993243852776,5830.506714646291,6267.8960671651275,9001.697424975428,4082.5522041059485,4082.5522041059485,3977.2258479721568,11120.670674294077,11120.670674294077,7541.606169751349,8408.379865245199,6704.5995700028,9761.473414059219,10549.834257564038,8078.434589791211,4724.100225997756,4799.975567557242,4363.9466602932425,3480.212004496362,6507.577119998674,6098.694294883584,5172.844962569094,3067.8056592830553,1861.610688778005,7242.628701188614,11162.174391083816,3345.627774484061,4335.930279746972,8783.216825905105,10029.364529941904
420030201005,6856.316988036387,9961.411267609838,7324.137719297749,4593.652811861787,3393.2212323512645,8702.218810819173,4569.357066491679,7099.219307740249,1678.3128539339846,4664.895521505428,4448.901418714848,6546.295665799291,6916.8721386480665,5502.443997954276,6104.779271762294,3476.7415268341556,8351.112624297371,1663.296459931229,2476.6285112920455,4579.025596656172,7547.4240809826815,5502.443997954276,4895.344459634269,6856.390593493627,6856.390593493627,6401.755911019442,7740.6464263876815,7740.6464263876815,8054.681433367769,12549.61907036993,9575.633685735836,8535.749622740012,7562.375341901431,9640.084070516778,9569.080586682945,4870.51067957889,6719.120327894295,6810.248782876383,3837.851259112905,3646.5376321253907,14316.308335847805,3883.715770721736,5254.396254430419,8941.25355331896,2230.066738691377,3432.9146109083044,7716.935976074134,7234.226399107956,9494.276227714863,9494.276227714863,7479.926298616195,4024.785296957394,5832.123058371327,5977.151927987358,7648.590534465792,2407.4649828533065,989.5250715711693,1016.0385423646842,3368.863413356544,5163.660753189355,3102.1348880008572,3102.1348880008572,2996.8085318670646,7298.703807630828,7298.703807630828,8686.268044459894,3593.911692963594,1890.1313977211953,5923.43674227315,6711.797585777972,6403.959297111562,423.81810105893237,7060.11898776322,7110.814616024773,2331.4837000716675,9533.448436398741,4503.450392328043,4488.2855958014125,5168.84548707346,5138.003861730163,3912.3292945323897,7324.137719297749,3589.024614355491,7711.957342647754,4945.18015411903,5291.661510000787
420030603001,6862.5324724914435,6230.447565862825,11227.152538523475,7315.524506794866,7296.236051576989,12605.233630044897,1066.0934629804492,8349.041082667685,4469.6193442079775,7224.78404123699,7456.954787310643,10449.310485025018,3185.9084369010475,9405.458817179997,9786.654171978456,7050.344457317182,4620.148922550352,5495.377789299373,3988.1187512357806,7587.078965251966,11450.438900208404,9405.458817179997,806.2731693232431,10425.7775910723,10425.7775910723,9971.142908598114,11643.661245613404,11643.661245613404,9304.50320829521,8818.655368622924,13478.648504961564,9785.571397667452,8812.197116828867,5909.120368769765,5838.116884935933,1637.0334528751312,6725.335812349352,6816.46426733144,7411.454189595932,2540.843042054061,14628.253107469289,7786.730589947461,9157.41107365614,5225.454346260058,5911.941638907538,6195.133344864392,11619.950795299856,11137.241218333682,5763.312525967849,5763.312525967849,11162.169005241682,7821.579732982615,9210.816662052663,4805.151010649597,11551.605353691515,6089.33988306947,4939.816182728344,4928.7865877782115,7271.8782325822685,9066.675572415077,2470.0974608586525,2470.0974608586525,2364.771104724861,11201.718626856553,11201.718626856553,5143.817782980154,7037.7502350665745,5344.580885048061,9826.451561498876,10614.812405003699,10085.834197327726,4301.1316529416035,3252.6827647551254,8360.63639095221,3861.4048212481,5802.484734651729,8185.325292544203,914.0654733388279,2211.105096287271,3648.5409825903853,7594.20419474855,11227.152538523475,6266.01218315295,5193.093503957905,8848.194973344753,8861.04850757946
420031608001,6166.0898239280305,9800.099269389726,9214.129283120175,820.8855196866812,3959.3815466955857,10368.778267816559,7281.1565846072335,6408.992143631893,3280.300806623906,8759.966533679362,412.4544132795127,6681.837747267578,7508.081665960625,5662.04473803126,3799.1946542575956,7309.293691413557,9642.287292248311,5628.893302316625,4247.537617071766,542.5785912208364,7539.29985461371,5662.04473803126,6763.499208300384,10688.942758073028,10688.942758073028,10234.308075598845,6341.234133746202,6341.234133746202,7364.454269259414,12389.059903550838,11465.625249558265,7845.522458631656,6872.148177793076,10293.280754019219,9201.4827948388,8073.676593459524,6028.893163785939,6120.021618768028,7670.403423692306,4682.008624008921,13626.08117173944,3456.1173438732985,5273.417209284715,10247.592715958015,2052.485005576502,1089.4664727418863,5859.348882616833,5496.741003183988,9768.229468524893,9768.229468524893,5174.709487520823,4590.945611301715,9805.07252567038,5365.414934090982,9538.582098288218,1949.6369926392565,5095.933852191714,5122.447322985229,2753.3711834208502,7043.914315720112,5623.754332319854,5623.754332319854,5518.427976186062,8458.84182796067,8458.84182796067,10165.95615267811,7566.861160262647,5863.080865020249,6083.037482350135,6789.22703724938,4098.3746796068635,3859.6122985326674,7443.286804838192,6420.587451916418,3701.224511135992,9184.567922797265,2118.6343846992368,7319.395180911814,5582.352663275364,4527.593908585729,4507.622296174583,9214.129283120175,968.2967575096766,7101.959487009623,6835.171717941455,9124.213674580187
420032904003,11596.356307249273,15230.365752710979,13158.144884272613,6358.010855752355,7278.926226882411,11356.835704532226,12711.423067928477,10228.71837527529,8417.154774240627,13107.771646680718,5176.665668322992,4850.328463560188,12938.34814928187,6409.974193132975,2525.577585506942,11657.098804414913,15072.553775569562,9976.698415317986,9592.31804669791,5046.19159989227,8019.061549937185,6409.974193132975,12193.765691621626,15036.747871074382,15036.747871074382,14582.113188600197,3426.6010225964737,3426.6010225964737,9562.968947546591,17819.326386872082,14349.31296942737,10059.02127570984,9502.921661271102,15723.54723734047,14631.749278160052,13089.996884112068,11459.15964710718,11550.28810208927,12018.208536693663,10112.275107330162,9252.491732160543,5847.458285234185,5209.09693315002,15677.859199279268,6400.290118577863,6428.7013985579515,1619.1769043846964,2127.7465460760795,15198.495951846144,15198.495951846144,2231.2703794635136,7910.490291488542,14152.87763867174,10795.681417412223,13482.597699440656,6448.588011501048,9443.73896519308,9470.252435986595,5881.2103863600405,10696.43903814141,11054.020815641095,11054.020815641095,10948.694459507304,10336.627946071452,10336.627946071452,15596.222635999362,11914.666273264003,10210.885978021608,6447.788129436874,4698.684752469725,2226.397560157674,8207.417411534034,12873.553288159437,9880.585029447495,9070.325620378311,14614.834406118516,4255.910626420187,12707.771800334594,11012.619146596606,9957.86039190697,7827.16697636141,13158.144884272613,6422.310557241913,12532.225970330866,10779.187319093902,13472.018787581539
420035154011,5546.230076439423,4322.277197698043,18088.870006278976,11335.239216545697,13954.047908047465,19466.951097800404,9029.363636351129,6460.493170728999,10454.500291559094,15771.720796968799,11476.669497061474,17311.027952780525,6153.2784692953055,16267.1762849355,14719.353682861663,15048.340149277268,8671.976318733366,13311.660234714833,10466.078027702837,11606.793675002798,18292.41806717948,16267.1762849355,8720.01561595458,18427.98921593674,18427.98921593674,17973.35453346256,17261.393162350276,17261.393162350276,7134.847099250433,4858.569003293505,20340.365972717067,7611.561980092211,7053.4686455242,8524.887367145877,4336.406650457151,9473.165837260134,5708.865899448902,5615.381036698217,15409.449881556026,9237.008943612602,10135.623435321319,14267.112621647844,16019.128541411643,9266.711064419285,11379.878498228787,10214.848054615222,16149.88252529281,16416.900031788056,6378.968576643077,6378.968576643077,16094.868516124894,14397.460224657472,17480.486833154926,6761.441598828992,18413.322821447022,11279.536643600886,12637.888846354777,12664.402317148291,13207.995185584852,15928.39304017058,10189.874999485088,10189.874999485088,10084.548643351296,18048.126659528876,18048.126659528876,9189.285893598611,15242.275467747193,13538.495172504798,16688.16902925438,17476.529872759198,15018.533708210933,11557.995828499756,6135.0495931065425,6629.24652822117,9894.816849918443,4294.587533991512,13038.793413303309,9080.448697463436,7705.306026601357,7020.606203859298,14170.084686423412,18088.870006278976,10285.726892903784,4209.40856050114,15709.91244110026,16863.260132443906
420035154012,5049.6961720265745,4609.424692407484,17865.18153608741,11321.900974837044,13658.724052193804,19243.262627608838,9316.511131060572,5963.95926631615,10584.928326475418,16058.868291678242,11463.331255352816,17087.33948258895,6440.425964004747,16043.487814743949,14706.015441153017,15111.289866360501,8959.12381344281,13378.5513014764,10621.57154222804,11593.45543329414,18088.46789777234,16043.487814743949,8899.305725817172,18490.938933019956,18490.938933019956,18036.304250545774,17248.054920641607,17248.054920641607,6638.313194837584,5249.630616844524,20116.67750252552,7115.028075679364,6556.934741111352,8812.034861855322,4623.554145166592,9760.313331969577,5212.331995036054,5118.847132285368,15472.399598639247,9402.409071695627,9640.00563644552,14091.05055932923,15795.440071220091,9553.858559128728,11083.953821925348,10201.50981290657,15653.34862087997,16096.603831621036,6666.116071352518,6666.116071352518,15927.611488126724,14169.80121267312,17547.37789991649,6272.77524052962,18189.634351255452,11253.191799278415,12704.779913116341,12731.293383909855,13031.933123266223,15704.704569979025,10355.275127568108,10355.275127568108,10249.948771434316,17820.46764754451,17820.46764754451,9476.433388308054,15309.166534508768,13605.386239266369,16464.48055906282,17252.841402567636,15005.195466502286,11624.886895261323,6422.197087815984,6132.712623808322,10050.310364443645,4581.735028700953,13025.455171594647,9367.59619217288,7884.596136463945,7186.006331942318,13942.425674439055,17865.18153608741,10272.388651195128,4379.210630067018,15486.223970908704,16926.20984952712
420035605001,5268.357817794595,2470.144909102406,16668.869532258494,9915.238742525218,12534.047434026987,18046.950623779925,7193.177949224097,6895.548261449492,9034.499817538615,13935.535109841758,10056.669023040995,15891.02747876004,4317.092782168267,14847.175810915021,13299.353208841185,13628.33967525679,6835.790631606333,11891.659760694354,9046.077553682358,10186.79320098232,16872.417593159,14847.175810915021,6946.22105570776,17007.988741916262,17007.988741916262,16553.354059442077,15841.39268832979,15841.39268832979,7569.902189970927,3471.954719896096,18920.36549869659,8046.617070812706,7488.523736244694,6688.701680018844,2493.31630924586,7636.980150133099,5430.993640804072,5337.508778053386,13989.449407535547,7817.008469592129,11109.939348932387,12847.112147627366,14599.128067391164,7430.5253772922515,9959.878024208308,8794.847580594744,15527.751651173327,14996.899557767578,4535.878235431786,4535.878235431786,14674.868042104416,12977.459750636994,16060.486359134444,5341.441124808518,16993.32234742654,9859.536169580408,11217.888372334299,11244.401843127813,11787.994711564374,14508.392566150102,8687.994699512685,8687.994699512685,8582.668343378895,16628.126185508398,16628.126185508398,7353.100206471578,13822.274993726714,12118.494698484319,15268.168555233897,16056.529398738716,13598.533234190454,10137.995354479277,4298.863905979506,7064.301618941665,8474.816375897966,2451.4971927802208,11618.79293928283,7244.2630103364045,6285.305552580883,5600.605729838824,12750.084212402933,16668.869532258494,8865.726418883305,2789.4080864806638,14289.91196707978,15443.259658423423
420035614002,9181.596759767694,3523.5145724355943,20048.739264055475,13423.211251878727,15959.235885248052,21426.820355576896,9432.656470578362,10808.787203422587,11853.461672810934,16175.013631196032,13564.641532394502,19270.897210557017,6553.051400188498,18227.045542712,16807.32571819469,16402.829536511752,8483.997526302692,14847.862868493945,11865.039408954677,13694.765710335827,20272.025625740407,18227.045542712,9212.220820123743,19778.262670266857,19778.262670266857,19323.627987792675,19349.365197683295,19349.365197683295,11483.141131944027,1317.9452184834797,22300.235230493574,11959.856012785807,11401.762678217792,6774.951189741553,4221.678043339523,9866.722669151148,9344.232582777171,9250.747720026486,16763.93926879049,10467.599354802764,14159.35550037306,16355.084656980876,17978.997799188142,8786.413485166468,13404.820341600493,12302.820089948253,19035.724160526835,18504.872067121087,4780.10056175196,4780.10056175196,18182.84055145792,16357.329482433988,18371.122307264963,9254.680066781617,20373.192079223514,13367.508678933917,14292.301261922914,14281.271666972783,15295.967220917877,17888.26229794708,10953.994463928668,10953.994463928668,10848.668107794872,20007.995917305372,20007.995917305372,8625.344025954702,16390.235314261146,14697.065964242634,18648.03828703088,19436.399130535694,17106.50574354396,13266.489529754608,6555.040280818091,10977.540560914762,11293.778231170281,4156.138713283031,15126.765448636334,9483.74153169067,8644.222235078336,9108.578239192333,16129.953944199924,20048.739264055475,12373.69892823681,6702.647028453764,17669.781698876763,18213.53358677402
420035614003,8249.383213702857,3111.5084702182776,19363.03634458259,12737.508332405845,15273.532965775174,20741.117436104014,9020.650368361039,9876.573657357758,11382.034072043178,15763.00752897871,12878.938612921624,18585.194291084143,6141.04529797118,17541.34262323912,16121.622798721817,15990.823434294427,8071.991424085373,14435.856766276624,11393.61180818692,13009.062790862949,19586.322706267514,17541.34262323912,8786.172560598625,19366.25656804954,19366.25656804954,18911.621885575358,18663.662278210424,18663.662278210424,10550.927585879197,1170.403495141074,21614.53231102069,11027.642466720978,10469.549132152963,6978.88125337922,3754.9843551729105,9454.716566933825,8412.019036712334,8318.534173961649,16351.933166573175,9996.171754035011,13217.296081226454,15669.381737507998,17293.29487971527,8613.895985735371,12719.117422127614,11617.11717047537,18350.021241053957,17819.169147648212,4984.030625389628,4984.030625389628,17497.137631985046,15671.62656296111,17959.11620504765,8322.46652071678,19687.48915975063,12681.805759461035,13874.954946841866,13869.26556475546,14610.264301444999,17202.55937847421,10527.946204403554,10527.946204403554,10422.619848269762,19322.292997832486,19322.292997832486,8536.470814914697,15978.229212043821,14285.059862025311,17962.335367558004,18750.696211062823,16420.80282407109,12795.061928986852,6143.034178600773,10045.327014849932,10822.350630402527,3713.06085955757,14441.062529163455,9071.735429473347,8177.775912098523,8422.875319719442,15444.251024727046,19363.03634458259,11687.996008763928,5770.433482388927,16984.078779403888,17801.527484556707
420031916004,11153.67240096114,14869.929297349234,8148.569341236119,6491.085276830326,3213.3239240869925,5749.742896276329,10024.559957166151,11396.574720665003,6536.384924281912,10120.308119569943,5391.489053080158,2564.381408829811,12075.71442166057,424.41368742316007,5009.566444635381,8604.089093442903,13791.367717032323,6989.234888207193,7347.490941769853,5336.187334203817,2117.782629590302,424.41368742316007,10335.599552369229,11983.738160102383,11983.738160102383,11529.103477628198,4124.162822532711,4124.162822532711,12352.036846292523,17458.889931510334,8742.22016117148,12833.105035664767,11859.730754826185,14924.898376765686,14271.312822798307,10325.713570253363,11016.475740819047,11107.604195801137,8965.198825721654,8504.60970247332,15655.694337293904,3593.779212943545,1588.0948413922295,14396.456443993431,5191.931107778458,6237.098937407197,5203.427638778815,4818.633240515104,14419.26893582927,14419.26893582927,5093.407021866683,3237.692576691388,11165.414111560962,10565.08687786524,8246.954975556346,5316.408488708831,6459.592122892643,6486.105593686158,3254.0178071583905,5608.856188978272,8535.826407891891,8535.826407891891,8430.500051758097,4729.535137815554,4729.535137815554,14141.470935134364,8927.20274615322,7223.422450910817,966.608286952752,2729.8833288084916,4858.609098521065,5304.836792666239,12013.257557539475,11408.170028949527,7189.555770419595,14254.397950756771,3777.9724009674924,9943.488486475886,10011.557742093495,9725.938811608044,3281.6591499909787,8148.569341236119,6230.708096091158,12299.892292525636,5860.607406564497,10419.009076609544
420034643003,12968.648815939243,16684.905712327338,1792.242662507851,9665.088677941832,6434.782817915674,1937.3509472490432,11839.536372144254,13211.551135643105,8351.361339260024,11314.658931162176,9517.801141634214,7600.379662079391,13890.690836638674,7030.283502331371,10769.889482832747,10419.065508421016,15606.344132010425,8804.211303185302,9162.467356747966,9647.92531957554,4984.701515804048,7030.283502331371,12150.575967347331,7765.609143691369,7765.609143691369,7099.804443593179,9168.617451792303,9168.617451792303,14167.013261270626,19273.86634648845,2114.173782371026,14648.081450642869,13674.70716980429,16739.874791743794,16086.28923777641,12140.689985231464,12831.452155797151,12922.580610779241,10476.993936156208,10319.586117451434,20428.64016375066,8230.128938744576,8015.453120490716,16211.432858971533,7411.029282252065,8669.247705584112,10875.44209981853,10491.734303759453,16234.245350807372,16234.245350807372,11331.829505414345,5994.244172221011,8729.6121581061,12380.063292843342,1890.6282968280766,7560.408853213528,8274.568537870751,8301.082008664267,7715.276581379383,3006.530019814529,10350.802822870004,10350.802822870004,10245.476466736212,2288.6632374733745,2288.6632374733745,15956.447350112467,10013.243735684422,9038.398865888928,6615.123578959211,7765.881582058073,11069.069508182012,7119.813207644345,13828.23397251758,13223.146443927631,9004.532185397706,16069.374365734873,9168.560603398497,11758.464901453986,11826.534157071597,11540.915226586145,6104.035707576885,1792.242662507851,8667.767009667026,14114.868707503738,2860.9383806622677,7865.4943402900835
420039807001,8578.053633791966,12294.310530180059,4899.6335105694525,5274.4934957945525,3370.6045469725373,6277.714602090877,7448.9411899969755,8820.955953495828,3960.766157112746,7544.689352400767,5127.205959486935,6502.113651674853,9500.095654491397,5458.261983829837,6379.294300685469,6028.470326273737,11215.748949863148,4413.616121038025,4771.872174600686,5257.330137428259,6489.412387860079,5458.261983829837,7759.980785200053,9329.854030813636,9329.854030813636,8664.049330715443,7696.4644122632435,7696.4644122632435,9776.418079123348,14883.27116434117,7151.129477007547,10257.486268495592,9284.111987657012,12349.279609596511,11695.694055629132,7750.094803084186,8440.856973649872,8531.985428631964,6389.580058552486,5928.990935304155,16038.044981603389,3839.5337565973,5210.214240305981,11820.837676824256,3020.434100104789,4278.6525234368355,7672.753961949696,7190.044384983518,11843.650168660095,11843.650168660095,7435.744284491757,4002.1686115786665,8589.795344391789,7989.468110696064,5224.086325737496,3169.8136710662516,3883.973355723476,3910.4868265169907,3324.6813992321077,2739.156544461063,5960.207640722725,5960.207640722725,5854.881284588933,4874.199598902532,4874.199598902532,11565.85216796519,6351.58397898405,4647.803683741649,5879.254728148712,6667.615571653534,6678.474326034737,2729.21802549707,9437.638790370303,8832.551261780354,4613.937003250428,11678.779183587596,4777.965421251217,7367.869719306709,7435.938974924319,7150.320044438869,3918.8452964515345,4899.6335105694525,4277.171827519749,9724.27352535646,2520.675945390738,7843.390309440367
420035627001,8838.09951759645,12063.801816710855,9042.407879805149,6381.059314458666,5111.491392858658,10420.488971326567,6671.747615592681,9081.001837300315,3740.8018855128785,3873.4358120088696,6236.307921311727,8264.565826306685,9019.262687749071,7220.714158461669,7892.1857743591745,1411.2841864740315,10453.503173398383,955.2754126386455,4539.1175428709375,6366.432099253051,9265.69424149008,7220.714158461669,6997.73500873527,4929.376253114649,4929.376253114649,4474.7415706404645,9458.916586895082,9458.916586895082,10036.463962927839,14652.009619470946,11293.903846243242,10517.532152300078,9544.1578714615,11742.474619617793,11669.101752158833,6972.90122867989,8700.902857454357,8792.031312436447,1772.7286449737278,5709.026663704281,16298.09086540787,5601.985931229131,6972.666414937812,11043.644102419976,4017.473241288257,5220.321113505182,9435.206136581535,8952.496559615354,11596.666776815879,11596.666776815879,9198.196459123594,5743.055457464789,4560.464488125763,7962.875807225766,9366.860694973193,4194.871485450187,1440.2482329434185,1520.3643159219746,5087.133573863938,6881.930913696749,5204.525437101862,5204.525437101862,5099.199080968069,9016.973968138227,9016.973968138227,10788.65859356091,2308.4223592232906,1239.1325635375972,7641.706902780544,8430.067746285367,8191.365799708442,2420.7318657437954,9162.509536864225,9092.597145584841,4393.972731650559,11635.838985499757,6290.856894924922,6590.676144902414,7231.334518652351,7123.727740968571,5659.732142337657,9042.407879805149,5376.431116952369,9697.681221886169,6663.450314626424,3364.6471696218077
420032615002,11005.842951139246,13620.44960864466,8161.251862583221,8608.493548702283,7404.471810963495,11494.43210256305,8228.395407526494,11248.745270843108,5827.838817036836,2423.5760445350434,8463.742155555343,10557.54624441153,10575.910479682883,9513.694576566513,10119.620008602793,2986.661783106603,12010.15096533219,2881.9223066425648,6626.154474394897,8593.866333496668,11558.674659594923,9513.694576566513,8554.382800669084,3399.352531775084,3399.352531775084,2944.717849300899,11751.897004999923,11751.897004999923,12204.20739647063,16208.657411404753,11132.190729949814,12685.275585842872,11711.901305004292,13299.1224115516,13228.118927717767,8529.549020613704,10868.646290997152,10959.774745979243,3112.9541338047993,7491.390956336143,18465.834298950664,7894.966349333966,9265.646833042656,12572.856682295624,6244.907475531865,7447.755347748795,11728.186554686376,11245.476977720196,13153.314568749685,13153.314568749685,11491.176877228434,8036.035875569624,2579.9282380707987,10126.677891090214,8787.743697862965,6422.305719693795,3348.768577367052,3435.5449361871533,7380.113991968776,9174.911331801592,6761.173229035672,6761.173229035672,6655.846872901879,11309.954386243067,11309.954386243067,12317.871173436552,730.5313208457214,2434.311616088122,9934.687320885387,10723.048164390208,10418.800033952062,4539.37182444148,10719.157328798035,11260.340579127633,6481.009663174518,13192.486777433563,8518.29112916854,8147.3239368362265,9318.371450176315,9287.529824833018,7927.17003137288,8161.251862583221,7603.865351195981,11861.483305750615,8956.430732731269,1834.6234482822422
420030709003,4010.2098472922426,4717.70651357199,12129.26549402938,5503.737481852627,8039.7621152219535,13507.34658555081,2957.2148694475013,5895.870334204616,4234.402248188285,9699.572030065161,5645.167762368403,11351.423440530923,2300.3710192454596,10307.571772685906,8887.851948168594,9088.735637027683,4466.168989678748,7352.055722465244,4245.979984332029,5775.291940309727,12352.551855714313,10307.571772685906,2436.630266137437,12468.384703687148,12468.384703687148,12013.750021212962,11429.891427657203,11429.891427657203,6851.332459832139,7306.6671477331065,14380.761460467482,7332.400649204381,6359.0263683657995,5085.570107304059,4119.090039021063,3615.961823719838,3873.013187150151,3964.1416421322397,9449.84536930643,2848.5399301801194,12010.464724593652,8435.610886954775,10059.524029162048,5071.474413388452,5485.346571574394,4383.346319922154,11116.25039050074,10585.398297094991,4560.518821809732,4560.518821809732,10263.366781431827,8437.855712407889,11520.88232090533,1952.8283854503957,12453.718309197426,5448.034908907816,6678.284334105186,6704.797804898701,7376.49345089178,9968.788527920986,3801.4059860525954,3801.4059860525954,3696.0796299188037,12088.522147279278,12088.522147279278,4989.837850108548,9282.670955497604,7578.89066025521,10728.564517004783,11516.925360509602,9187.031973517865,5598.391316250166,2235.5761581230286,5907.465642489141,3674.718806547636,4102.175166979529,7207.291678610237,3008.299930559809,1090.5655374650646,1189.1044691662341,8210.480174173827,12129.26549402938,4454.225158210712,2575.3051210822773,9750.307928850667,10903.655620194308
420039806001,10068.381147429007,12893.4586953333,9422.937414214195,7611.340944291228,6341.77302269122,11650.770601159124,7501.404494215135,10311.283467132871,4971.083515345438,4556.211899703465,7466.589551144289,9494.847456139245,9848.919566371522,8450.99578829423,9122.467404191735,618.0224873828039,11283.16005202083,2100.9569260319704,5769.399172703499,7596.713729085613,10495.975871322637,8450.99578829423,7827.391887357725,5456.532966523784,5456.532966523784,4460.281385344674,10689.198216727638,10689.198216727638,11266.745592760395,15481.666498093393,12393.876281580777,11747.813782132635,10774.439501294057,12572.13149824024,12501.128014406408,7802.558107302345,9931.184487286913,10022.312942269004,978.8380496853672,6764.400043024786,17528.37249524042,6832.2675610616925,8202.948044770374,11873.300981042423,5247.754871120817,6450.602743337744,10665.487766414091,10182.77818944791,12426.323655438326,12426.323655438326,10428.47808895615,6973.33708729735,5106.281787088886,9193.157437058326,10049.429249493933,5425.153115282747,2594.3461956185765,2674.4622785971324,6317.4152036965,8112.21254352931,6034.182315724317,6034.182315724317,5928.855959590525,10247.255597970783,10247.255597970783,11618.315472183354,2991.1984469178847,1977.9075227074507,8871.988532613106,9660.349376117925,9421.647429541003,3651.0134955763538,9992.166415486676,10322.878775417397,5624.25436148312,12465.495864122204,7521.1385247574835,7420.3330235248695,8461.616148484913,8354.009370801134,6890.0137721702185,9422.937414214195,6606.7127467849305,10927.962851718725,7893.731944458986,3910.4644685849294
420031903002,9369.264403477886,13089.491841658777,6255.784411191866,5271.985226222107,818.8413925546172,6226.172578833574,8531.509341542102,9612.166723181748,4771.062246245801,8685.887256089105,4757.10973942659,5597.488742069526,10302.642562572837,3806.40414303601,5572.190033930084,7169.668229962077,12296.767237422515,5554.814024726369,5605.688861131933,4701.80802055025,4972.145734252571,3806.40414303601,8688.857423926887,10549.317296621552,10549.317296621552,10094.682614147363,6781.684639513788,6781.684639513788,10567.628848809269,15678.452475819886,8022.012428922679,11048.697038181512,10075.32275734293,13151.82651767795,12490.875367107848,8832.662954629312,9232.067743335794,9323.196198317883,7530.777962240825,6739.28702443721,16773.81638197922,3018.7848901561047,4189.068204086664,12902.07266113222,3393.6116228230712,4560.001555737078,6638.561490790394,6141.753167540933,12646.197076741533,12646.197076741533,6387.45306704917,287.45170091969146,9730.993248080125,8784.649422174787,6580.23722635991,3518.089003753446,5025.171259411817,5051.684730205332,2301.6954707809623,2901.3086267371295,7014.775642820224,7014.775642820224,6909.449286686432,4316.236138977686,4316.236138977686,12648.420319510315,7492.78188267239,5789.001587429992,4363.379608380207,5704.878032051328,5871.370059279351,3870.4159291854075,10240.185698451742,9623.762031466273,5424.233092383484,12473.960495066314,3970.8611544958308,8450.437870851834,8238.485883005764,7945.501355917592,868.8843694759476,6255.784411191866,4558.520859819991,10519.45483683518,3153.0598443233553,8984.588213128704
420031517003,611.0682985012094,6973.2052309352275,12881.832029737674,6338.551468487305,8675.374545844063,14259.913121259102,7028.624562285097,2299.395471633842,5601.578820125676,11396.80085670086,6479.98174900308,12103.98997623922,5775.039707888812,11060.138308394206,9722.665934803274,10127.94036001076,8005.61344907573,8395.20179512666,6568.8156305735365,6610.105926944404,13105.118391422608,11060.138308394206,6508.039958975035,13507.589426670222,13507.589426670222,13052.954744196039,12264.705414291877,12264.705414291877,3194.802235977202,9160.905804479906,15133.327996175776,3671.517116818981,2915.552879265685,8479.577737181848,6412.47676904691,7687.371516557434,580.5689369293733,587.2991662450326,10489.050092289506,5784.749048865247,8892.14753698031,9107.701052979488,10812.090564870348,8600.348194761647,6100.604315575606,5218.160306556831,11951.064377135412,11420.212283729663,7954.5264516875195,7954.5264516875195,11098.180768066499,9186.451706323378,12564.028393566754,2341.4301585202793,13206.284844905718,6269.8422929286735,7721.430406766603,7747.9438775601175,8048.583616916487,10721.355063629284,6737.6151047377225,6737.6151047377225,6632.288748603932,12837.118141194773,12837.118141194773,8522.923023940974,10325.817028159026,8622.036732916626,11481.131052713079,12269.491896217902,10021.845960152543,6641.537388911585,5710.24484676638,2491.3307619626553,6022.502524637762,6395.5618970053765,8042.1056652449115,7079.709623397405,4974.670320111365,3463.9971280659265,8959.076168089314,12881.832029737674,5289.039144845388,3201.5116620655517,10502.874464558961,11942.860343177384
420031517004,775.6110871859491,6657.963030956667,13591.096451246793,7047.815889996418,9384.63896735318,14969.17754276822,7601.942280310845,2419.9347766052406,6310.84324163479,12106.065278209979,7189.246170512193,12813.254397748338,5839.576578780072,11769.402729903324,10431.930356312392,10837.204781519878,8276.352515932658,9104.466216635778,7278.08005208265,7319.370348453517,13814.382812931726,11769.402729903324,7081.357677000782,14216.85384817934,14216.85384817934,13762.219165705157,12973.969835800995,12973.969835800995,3094.288705126675,8845.663604501346,15842.592417684895,3571.0035859684535,3012.910251400442,8434.398699574178,6217.379446769191,8260.689234583182,938.2469101954277,844.7620474447415,11198.314513798625,6358.066766890994,8334.88960051639,9816.965474488607,11521.354986379467,8871.087261618577,6809.868737084719,5927.424728065944,12660.32879864453,12129.476705238782,7790.7643446969905,7790.7643446969905,11807.445189575617,9895.716127832497,13273.292815075873,2914.747876546028,13915.549266414837,6979.106714437787,8430.694828275715,8457.20829906923,8757.848038425602,11430.619485138403,7310.93282276347,7310.93282276347,7205.606466629679,13546.382562703891,13546.382562703891,8793.662090797903,11035.081449668145,9331.301154425744,12190.395474222198,12978.75631772702,10731.110381661661,7350.8018104206985,5738.764410811609,2588.688134097412,6731.766946146875,6200.464574727657,8751.370086754026,7653.027341423152,5547.988038137112,4037.314846091676,9668.340589598432,13591.096451246793,5998.3035663545015,2911.853101746367,11212.13888606808,12652.124764686503
420031609002,6622.546934486487,10256.556379948186,9914.45801310656,716.7568304483855,4987.838682988092,11215.850893208817,7737.61369516569,6865.449254190349,3736.7579171823622,9450.45259127358,1833.9763308209936,8033.742885423248,7964.538776519082,6989.89121757823,5220.716571799076,7999.779749007775,10098.744402806771,6319.37935991084,4703.994727630223,1964.1005087623175,8960.821772155188,6989.89121757823,7219.956318858841,11379.428815667241,11379.428815667241,10924.794133193058,7699.551287332943,7699.551287332943,7820.9113798178705,12845.517014109299,12165.953979544658,8301.97956919011,7328.605288351532,10749.737864577679,9657.93990539726,8530.13370401798,6485.350274344395,6576.478729326484,8360.889481286524,5138.4657345673795,14082.5382822979,4877.63926141478,6694.939126826195,10704.049826516475,2747.4833297194523,1545.923583300344,6753.868718994305,6527.502524184643,10224.686579083353,10224.686579083353,6090.542824537508,5619.402747594222,10495.558583264601,5821.872044649438,10238.910828274602,2570.0850855575213,5786.419909785935,5812.9333805794495,3889.978901573093,7753.981046998167,6080.211442878311,6080.211442878311,5974.885086744518,9305.914453352932,9305.914453352932,10622.41326323657,8257.347217856863,6553.566922614465,7410.883961897106,8199.244805401928,5214.410581493563,4550.098356126889,7899.743915396649,6877.0445624748745,4157.681621694449,9641.025033355725,3540.156302240717,7775.852291470271,6038.80977383382,4984.051019144186,5427.87248024747,9914.45801310656,1424.7538680681346,7558.41659756808,7535.500447927842,9814.699732174404
420031702001,6383.543190075322,10237.10887817049,7163.44289642802,2669.011672335164,2570.3191343928006,8541.523987949444,6721.9974248122235,6626.445509779184,2350.3089280279823,7040.925800468083,2524.2602791882246,6229.130531169302,7849.715905205128,5185.278863324285,4176.19797311739,5590.252958202277,9845.493854610999,3909.8525691053437,3525.4722004852647,2654.384457129548,7206.8176446014695,5185.278863324285,6389.859220435249,8969.902024861747,8969.902024861747,8515.267342387562,6718.237452605995,6718.237452605995,7581.907635406706,12826.069512331593,9414.938862866115,8062.975824778948,7089.601543940367,10698.899860310234,9638.492403619557,7023.151037899435,6246.34652993323,6337.4749849153195,5951.362690481026,4318.533706219392,13843.534537886739,3308.582177450346,4937.231119800429,10450.799278320697,333.44427236522154,1615.1101414406492,6416.86164383186,5873.74432204378,10189.601755386027,10189.601755386027,5551.712806380614,3201.8831989989303,8086.031792459102,5865.454734833063,7487.895711596063,482.8238433266846,3376.8931189804343,3403.4065897739492,2249.464741387349,5002.965930319629,5205.2637260903475,5205.2637260903475,5099.937369956556,6923.739912793825,6923.739912793825,10369.162715040793,5847.820427051367,4144.040131808968,5606.271607643162,6394.632451147983,4475.377998466657,2140.5715653213874,7787.259041084033,6638.04081806371,3003.4797741656657,9621.577531578025,2574.869093683135,6640.925954121958,5785.559225638048,5027.633709327808,3045.6979396883603,7163.44289642802,1668.8957413775997,7601.999287751704,4784.485331249303,7405.172941368906
420031702003,6290.584226393836,9924.593671855537,7647.119339196085,1880.6471546786747,2645.8317189975837,8873.843929218314,6871.492070938737,6533.486546097698,2491.6433073456346,7190.420446594597,1807.3844280667333,6072.628557461177,7632.5760684264305,5028.776889616159,3690.126234875548,5739.747604328791,9766.781694714122,4059.347215231859,3674.96684661178,1937.508606008057,7013.2874552056455,5028.776889616159,6531.1935997529,9119.39667098826,9119.39667098826,8664.761988514078,6232.165714364157,6232.165714364157,7488.948671725219,12513.55430601665,9898.615305634177,7970.0168610974615,6996.642580258881,10417.77515648503,9325.97719730461,7172.645684025949,6153.387566251744,6244.516021233833,6100.85733660754,4459.868085537042,13750.575574205252,2987.982009674017,4747.404809876651,10372.087118423826,482.93891849173593,1124.889627452736,5930.789905590023,5387.672583801944,9892.723870990703,9892.723870990703,5065.641068138776,3277.395783603714,8235.526438585615,5489.909336556787,7971.572154364128,308.602239019492,3526.3877651069497,3552.9012359004646,1928.8645736110202,5486.642373087692,5354.758372216861,5354.758372216861,5249.432016083069,6963.907489362425,6963.907489362425,10290.450555143922,5997.315073177881,4293.534777935482,5449.769633935035,6238.130477439857,3989.3062602248156,2290.0662114479023,7567.781207303998,6545.081854382223,3144.8141534833176,9309.062325263076,2009.411771477879,6790.420600248472,5706.847065741169,4652.088311051533,3085.8655162569617,7647.119339196085,1123.4089315356491,7226.453889475429,5268.161774017367,7554.66758749542
420031706001,6710.942085627592,10344.951531089291,8025.131439601685,1797.2735163593945,2770.383703177097,9179.780424298071,7252.040314505015,6953.844405331454,2872.191550911911,7570.968690160875,1469.8609038344598,5593.623937883514,8052.933927660187,4549.772270038497,3245.864430210264,6120.295847895069,10187.139553947874,4439.895458798136,4055.515090178056,1599.9850817757836,6534.282835627983,4549.772270038497,6911.741843319178,9499.94491455454,9499.94491455454,9045.310232080357,5787.903909698873,5787.903909698873,7909.306530958976,12933.912165250402,10276.627406039777,8390.37472033122,7417.000439492637,10838.133015718782,9746.335056538364,7553.193927592227,6573.7454254855,6664.8738804675895,6481.405580173818,4840.41632910332,14170.933433439006,2508.977390096355,4268.4001902989885,10792.44497765758,863.4871620580129,1543.2871769362666,5486.528100924739,4943.41077913666,10313.081730224456,10313.081730224456,4621.379263473492,3401.947767783227,8616.074682151893,5910.267195790543,8349.58425476973,784.3114449648659,3906.936008673226,3933.4494794667407,1449.8599540333591,5854.916472201624,5735.306615783139,5735.306615783139,5629.980259649347,7269.843984442182,7269.843984442182,10710.808414377674,6377.8633167441585,4674.08302150176,4970.765014357373,5759.125857862195,3545.0444555595313,2670.6144550141785,7988.139066537754,6965.43971361598,3525.3623970495937,9729.420184496828,1565.149966812595,7170.96884381475,6127.204924974925,5072.446170285289,3318.624452656095,8025.131439601685,1536.8963356202275,7646.811748709185,5646.173874422967,7935.215831061698
420031706002,7634.904216612729,11268.913662074428,9065.338616965113,2733.636827226308,3192.045482892746,9934.422246248187,8410.303106061492,7877.8065363165915,4030.454342468389,8729.231481717352,1628.7170004155623,5578.88942299005,8976.896058645321,4559.096413753731,2696.2463299800665,7278.5586394515485,11111.101684933012,5598.158250354616,5213.777881734535,1573.415281539222,6436.351530336181,4559.096413753731,8070.004634875657,10658.207706111018,10658.207706111018,10203.573023636834,5238.2858094686735,5238.2858094686735,8833.26866194411,13857.874296235539,11316.83458340321,9314.336851316355,8340.962570477772,11762.09514670392,10670.297187523502,8711.456719148704,7497.707556470637,7588.836011452726,7639.668371730297,5998.679120659799,13897.872678029198,2345.2041240194776,4170.468885007186,11716.407108642718,2021.749953614492,2467.2493079214046,4936.910000694539,4393.7926789064595,11237.043861209593,11237.043861209593,4071.7611632432936,3823.609547498875,9774.33747370837,6834.2293267756795,9389.791432133155,1942.5742365213446,5065.198800229706,5091.71227102322,1807.044364934075,6609.558294151747,6893.569407339619,6893.569407339619,6788.243051205827,8024.485806392301,8024.485806392301,11634.770545362811,7536.1261083006375,5832.34581305824,4980.089158072606,5686.278712971852,2995.426355329335,3828.877246570657,8912.101197522888,7889.401844601116,4683.625188606072,10653.382315481966,1015.6860604217084,8329.231635371227,7051.1670559600625,5996.408301270425,3740.2862323717427,9065.338616965113,2460.8584666053657,8570.77387969432,6686.381051786399,9093.478622618177
420031807003,8136.748908006678,11933.48217407835,7811.834341071482,3385.80415934845,1275.4771583881707,8017.853921743614,7978.57910113732,8379.65122771054,4103.51464595934,8074.327263541112,2731.595383455337,4387.7099283301395,9602.92162313649,3343.858260485125,3546.675677958831,6558.108237414082,11598.699572542359,4943.2540321783745,5181.558568932601,2676.2936645789964,5328.368826074609,3343.858260485125,8143.064938366605,9937.757304073557,9937.757304073557,9483.122621599368,5454.776779067426,5454.776779067426,9335.113353338067,14522.44280823946,9813.693771832715,9816.18154271031,8842.807261871725,12426.663658707841,11334.865699527423,8279.73271422453,7999.552247864586,8090.680702846676,6919.217969692831,6071.739424150746,14748.302026007968,1319.9560428160698,3062.4861807456164,12204.004996252057,2086.649990296578,3131.817819925322,5311.6536303440325,4814.8453070945725,11901.612373213515,11901.612373213515,4922.190511222057,1907.0412229943008,9119.43325553213,7498.797838779597,8136.287156239525,2211.127371226953,4413.611266863825,4440.12473765734,233.87994375917015,4692.989969647171,6489.845551863071,6489.845551863071,6384.519195729278,6107.917481887725,6107.917481887725,12095.490079105539,6881.221890124395,5177.441594881997,3764.851004804,4553.211848308822,3845.8557033080983,3258.855936637416,9540.464759015395,8391.246535995066,4756.685492097023,11317.950827485887,1945.3467985245784,7897.507630447054,7538.764943569404,6660.976813274343,1823.7179078671684,7811.834341071482,3125.426978609283,9235.342391698245,4944.741187233396,8373.02822058071
420031903001,8663.045914556067,12383.273352736958,6065.559073494341,4720.9878152679,945.0659833900139,6035.947241136049,7825.290852620282,8905.94823425993,4064.8437573239826,8144.21922827614,4501.624673634439,5768.602602525829,9596.424073651018,4031.8771996955743,5670.373202162923,6666.676967575263,11590.548748500696,5013.145996913401,4899.470372210114,4631.748851575763,5197.618790912134,4031.8771996955743,7982.638935005068,10046.326034234733,10046.326034234733,9591.691351760546,6952.798499970091,6952.798499970091,9861.41035988745,14972.233986898067,7831.787091225154,10342.478549259693,9369.104268421112,12445.60802875613,11784.65687818603,8126.444465707492,8525.849254413975,8616.977709396064,7027.786699854011,6033.068535515391,16123.037262367487,3116.9680583889462,4360.182064542967,12195.854172210402,2712.5514404144687,3896.999475917318,6809.675351246697,6312.867027997236,11939.978587819714,11939.978587819714,6558.566927505473,579.48277164438,9189.325220267157,8078.430933252967,6390.011888662385,2855.086923933686,4480.18654678849,4506.700017582005,2399.8786390138025,2711.083289039603,6308.557153898405,6308.557153898405,6203.230797764613,4126.01080128016,4126.01080128016,11942.201830588496,6951.113854859424,5247.333559617025,4588.85266503977,5875.991892507631,5969.5532275121905,3243.864993129444,9533.967209529923,8917.543542544454,4718.0146034616655,11767.742006144495,4069.044322728673,7744.219381930015,7532.267394083944,7239.2828669957735,388.571839002685,6065.559073494341,3895.5187800002304,9813.236347913362,2962.834506625829,8481.596950741892
420031916002,10582.573235588005,14298.830131976098,8814.565371194924,5919.986111457192,3453.253832549005,6415.7389262351335,9453.460791793015,10825.475555291867,5965.285758908779,9549.208954196807,4820.389887707024,2525.5688880826124,11504.615256287434,954.0586733689815,4538.7123050204555,8032.989928069769,13220.268551659186,6418.135722834059,6776.391776396719,4765.088168830684,2783.7786595491066,954.0586733689815,9764.500386996093,11412.638994729246,11412.638994729246,10958.004312255061,3961.071651958166,3961.071651958166,11780.937680919387,16887.790766137205,9408.216191130286,12262.00587029163,11288.631589453049,14353.79921139255,13700.21365742517,9754.614404880227,10445.376575445911,10536.505030428001,8394.099660348518,7933.510537100187,15188.438411821675,3022.6800475704117,1376.3365251889181,13825.357278620295,4620.831942405324,5665.999772034063,4828.017606017036,4380.451196886217,13848.169770456134,13848.169770456134,4626.151096394455,3598.9705271769835,10594.314946187826,9993.987712492104,8912.95100551515,4745.309323335698,5888.492957519509,5915.006428313024,2682.918641785257,6274.852218937077,7964.7272425187575,7964.7272425187575,7859.400886384965,5395.531167774358,5395.531167774358,13570.371769761228,8356.103580780084,6652.323285537684,1511.0341387131768,2691.070808061293,4391.353173048837,4733.737627293105,11442.158392166339,10837.070863576391,6618.456605046462,13683.298785383635,3206.873235594359,9372.38932110275,9440.458576720359,9154.839646234908,3642.9371004765744,8814.565371194924,5659.608930718025,11728.7931271525,6526.603436523302,9847.909911236407
420031916005,11396.416515470026,15112.673411858119,8234.575084941462,6733.829391339214,3988.4664211065897,5835.748639981673,10267.304071675037,11639.318835173888,6779.129038790801,10363.052234078828,5638.650931454359,2203.7926110722055,12318.458536169455,398.21131821914685,5027.944034110187,8846.833207951791,14034.111831541208,7231.979002716082,7590.2350562787415,5583.3492125780185,2497.9744853866264,398.21131821914685,10578.343666878114,12226.482274611268,12226.482274611268,11771.847592137083,3772.0304007851146,3772.0304007851146,12594.780960801409,17701.63404601923,8828.225904876821,13075.849150173652,12102.47486933507,15167.642491274572,14514.056937307192,10568.457684762248,11259.219855327932,11350.348310310022,9207.942940230538,8747.353816982208,15674.071926768707,3840.9410913177476,1606.4724308670359,14639.200558502316,5434.675222287346,6479.843051916086,5221.805228253621,4837.01082998991,14662.013050338155,14662.013050338155,5111.784611341489,4012.835073710985,11408.158226069847,10807.830992374125,8332.960719261688,5559.15260321772,6702.336237401531,6728.849708195046,3496.761921667279,5694.861932683615,8778.570522400778,8778.570522400778,8673.244166266986,4815.5408815208975,4815.5408815208975,14384.21504964325,9169.946860662103,7466.166565419706,606.0194891951469,2369.2945310508862,4876.986687995871,5547.580907175127,12256.00167204836,11650.914143458413,7432.299884928484,14497.142065265656,4025.1342793416948,10186.232600984771,10254.30185660238,9968.68292611693,4056.801647010576,8234.575084941462,6473.452210600047,12542.63640703452,5946.61315026984,10661.753191118429
420031917001,11199.740541599249,14915.997437987342,9753.7001620581,6490.249070240267,3934.2591172028838,7354.873717098307,10070.62809780426,11442.642861303111,6582.453064920034,10166.376260208051,5301.3951723609025,1744.1734506941746,12121.782562298678,1652.6683876402835,2988.492041528579,8650.157234081025,13837.43585767043,7035.303028845315,7393.5590824079745,5246.093453484563,4017.0995625032615,1652.6683876402835,10381.667693007337,12029.80630074049,12029.80630074049,11575.171618266306,2976.0541615338925,2976.0541615338925,12398.104986930632,17504.95807214846,10347.35098199346,12879.173176302875,11905.798895464293,14970.966517403795,14317.380963436415,10371.781710891471,11062.543881457155,11153.672336439246,9011.266966359772,8550.677843111442,13634.6199341871,3503.6853322242905,451.79112765732896,14442.52458463154,5204.674912200924,6249.842741829669,3182.353235672014,2797.558837408302,14465.337076467378,14465.337076467378,3072.332618759881,4439.946250732587,11211.48225219907,10611.155018503348,9852.085796378326,5329.152293131299,6505.6602635307645,6532.173734324279,3266.7616115808582,7213.987009800249,8581.894548530014,8581.894548530014,8476.56819239622,6334.665958637533,6334.665958637533,14187.539075772473,8973.270886791335,7269.490591548939,1912.9476178746104,1851.5627406759768,2837.534695414263,5350.904933304359,12059.325698177583,11454.238169587636,7235.623911057717,14300.46609139488,3687.8785202482377,9989.556627113994,10057.625882731603,9772.006952246154,4429.553627828918,9753.7001620581,6243.45190051363,12345.960433163744,7465.738227386474,10465.077217247652
420031917002,11334.44517532553,15050.702071713624,9204.305886096538,6624.953703966552,4068.963750929168,6805.4794411367475,10205.332731530541,11577.347495029393,6717.157698646319,10301.080893934333,5436.099806087187,835.5605296621668,12256.48719602496,1690.630934807618,3598.7775509439352,8784.861867807307,13972.140491396713,7170.007662571599,7528.263716134259,5380.798087210847,3467.7052865417,1690.630934807618,10516.372326733619,12164.510934466773,12164.510934466773,11709.876251992588,2067.441240501885,2067.441240501885,12532.809620656913,17639.662705874744,9797.956706031895,13013.877810029157,12040.503529190575,15105.671151130076,14452.085597162697,10506.486344617753,11197.248515183437,11288.376970165527,9145.971600086054,8685.382476837725,14244.905443602453,3638.3899659505746,615.0653542010631,14577.229218357821,5339.379545927209,6384.547375555953,3764.80392834524,3381.0961322861604,14600.04171019366,14600.04171019366,3682.618128175237,4574.650884458871,11346.186885925352,10745.85965222963,9302.691520416764,5463.856926857584,6640.364897257049,6666.878368050564,3401.4662453071423,6664.59273383869,8716.599182256296,8716.599182256296,8611.272826122502,5785.271682675973,5785.271682675973,14322.243709498754,9107.975520517617,7404.1952252752235,1552.1362014370009,942.949819643969,3447.820204829619,5485.609567030643,12194.030331903865,11588.942803313917,7370.328544784002,14435.170725121161,3822.583153974522,10124.261260840276,10192.330516457885,9906.711585972436,4564.258261555202,9204.305886096538,6378.156534239914,12480.665066890026,6916.343951424915,10599.781850973934
420031918002,12874.776890676589,16591.03378706468,9614.436640673142,7997.703971416456,5689.318647104009,7215.610195713354,11745.6644468816,13117.679210380451,8257.489413997368,11841.412609285391,6808.85007353709,857.4040015201273,13796.818911376018,2954.583987552029,3682.457261199281,10325.193583158356,15512.47220674777,8710.339377922648,9068.595431485306,6753.548354660749,3877.836041118304,2954.583987552029,12056.704042084677,13704.84264981783,13704.84264981783,13250.207967343646,1548.9927612464232,1548.9927612464232,14072.110367322697,19179.994421225805,10208.0874606085,14554.209525380214,13580.835244541633,16646.002866481133,15992.417312513755,12046.818059968811,12737.580230534495,12828.708685516585,10686.303315437102,10225.714192188774,13761.63315193665,5139.836426525026,2233.5961663648372,16117.560933708879,6913.035597493912,7924.33845904416,3255.8174092726545,2872.1096132135754,16140.373425544718,16140.373425544718,3766.297838430584,6195.005780633712,12886.51860127641,12286.191367580688,9712.822274993368,7037.512978424285,8180.696612608097,8207.210083401613,4975.122296873846,7074.723488415297,10256.930897607344,10256.930897607344,10151.60454147355,6195.40243725258,6195.40243725258,15862.575424849812,10648.307235868668,8944.526940626272,2393.1054626121468,687.009579570253,3531.499915084965,7025.941282381693,13734.362047254923,13129.274518664975,8910.66026013505,15975.502440472219,5150.165871710963,11664.592976191334,11732.662231808943,11447.043301323492,6184.613157730043,9614.436640673142,7917.947617728121,14020.996782241084,7326.474706001522,12140.113566324992
420031918004,12307.006235715357,16023.26313210345,9074.46252721382,7644.419111584547,5162.261634639678,6675.636082254031,11177.893791920367,12549.908555419219,7689.718759036134,11273.641954324159,6529.397689797697,409.4160330203388,13229.048256414786,2386.8133325907966,4045.723083363225,9757.422928197124,14944.701551786538,8142.568722961414,8500.824776524074,6474.095970921358,3337.861927658983,2386.8133325907966,11488.933387123445,13137.071994856598,13137.071994856598,12682.437312382413,1949.6037979101584,1949.6037979101584,13505.37068104674,18612.22376626457,9668.113347149178,13986.438870418982,13013.064589580401,16078.232211519902,15424.646657552523,11479.047405007579,12169.809575573263,12260.938030555353,10118.53266047587,9657.943537227542,14180.120437541085,4731.687849661085,1708.3632379115734,15549.790278747647,6345.264942532678,7390.432772161418,3656.4284459363903,3272.7206498773116,15572.602770583486,15572.602770583486,4129.563660594528,5667.948768169381,12318.747946315178,11718.420712619456,9172.848161534046,6469.742323463052,7612.925957646864,7639.439428440379,4407.351641912612,6534.7493749559735,9689.160242646112,9689.160242646112,9583.833886512319,5655.428323793257,5655.428323793257,15294.80476988858,10080.536580907436,8376.756285665038,1825.3348076509137,532.6962632873417,3894.765737248909,6458.17062742046,13166.59139229369,12561.503863703743,8342.889605173816,15407.731785510987,4915.8810376850315,11096.822321230102,11164.89157684771,10879.27264636226,5657.556145265712,9074.46252721382,7384.041930845379,13453.226127279851,6786.500592542198,11572.34291136376
420031918005,13231.712965603469,16865.722411065162,10568.59869776267,8137.423569284442,6344.949101014731,8169.772252802883,12481.318081616108,13462.883711799406,8993.143048731885,12577.0662440199,6948.569671405076,1719.9546754019946,14532.472546110526,3822.203202647413,3822.1768590672723,11060.847217892873,16248.125841482279,9445.993012657163,9804.249066219823,6893.267952528736,4831.998098207837,3822.203202647413,12792.357676819185,14440.496284552339,14440.496284552339,13985.861602078154,1435.1783744028896,1435.1783744028896,12797.134284070708,19454.683045226277,11162.24951769803,13293.186612233956,12737.086997795219,17358.903895694657,16267.105936514241,12782.47169470332,13094.516305461375,13185.644760443463,11421.95695017162,10961.367826923291,12486.65706868466,5491.232918247422,2889.226620275562,16853.214568443385,7434.264961736624,8064.058056912147,2336.588248373988,2725.4980006470555,16833.852610200327,16833.852610200327,3635.862680003666,6850.636234544434,13622.172236010918,12431.038075766419,10666.984332082897,7482.562854659808,8916.350247342614,8942.86371813613,5677.451595392707,8028.885545504825,10992.584532341862,10992.584532341862,10887.258176208068,7149.564494342108,7149.564494342108,16598.22905958432,11383.960870603183,9680.180575360788,3260.724677707531,1549.1109463714479,3671.219512952956,7761.5949171162065,14470.015681989431,13114.750365971611,9646.313894869565,16250.191064472705,5289.88546957895,12400.246610925842,12468.315866543451,11593.217050261164,6840.243611640765,10568.59869776267,8057.667215596108,14167.582628685059,8280.63676309105,12875.7672010595
420031918006,12642.852361932019,16276.861807393718,10795.004242720293,7548.562965612993,6472.912668394966,8396.17779776051,12547.375240672762,12885.754681635879,8862.26901372794,12643.123403076554,6359.709067733627,1889.67055678847,13984.84420396461,4036.2568120734654,3233.31625539582,11126.904376949526,16119.049830252301,9512.050171713816,9870.306225276476,6304.407348857287,5058.403643165465,4036.2568120734654,12858.41483587584,14506.553443608993,14506.553443608993,14051.918761134808,915.4511139509084,915.4511139509084,13140.953689125661,18865.82244155483,11388.655062655653,13637.00601728891,13080.906402850173,16770.04329202321,15678.245332842791,12848.528853759974,12505.655701789927,12596.784156772015,11488.014109228274,10830.493791919345,12830.476473739613,5322.9097430118545,3017.1901876557963,16724.355253962007,6845.404358065175,7475.1974532406975,2280.3007982814465,1896.5930022223674,16244.992006528882,16244.992006528882,2806.957681578978,6978.599801924669,13688.229395067572,11842.17747209497,10893.38987704052,6893.702250988359,8982.407406399265,9008.92087719278,5682.136545502944,8255.291090462453,11058.641691398514,11058.641691398514,10953.31533526472,7375.970039299736,7375.970039299736,16642.7186906821,11450.018029659837,9746.23773441744,3487.1302226651574,1738.026845698008,3030.0215340834784,7827.652076172858,13920.049342842178,12897.349989920403,9515.439859865623,15661.330460801255,4701.024865907502,12466.303769982496,12059.115201279354,11004.356446589714,6968.207179021,10795.004242720293,7468.806611924659,13578.722025013609,8507.042308048678,12941.824360116154
420031918007,12539.32421397845,16173.33365944015,10185.471815499051,7445.034817659426,5899.377717530011,7786.645370539267,12035.746698131381,12782.22653368231,8547.57166524716,12131.494860535173,6256.18091978006,1280.1381295672268,13881.316056011043,3439.076320383796,3129.788107442252,10615.275834408147,15802.554457997552,9000.421629172437,9358.677682735097,6200.87920090372,4448.871215944222,3439.076320383796,12346.786293334459,13994.924901067612,13994.924901067612,13540.290218593427,772.4254408303376,772.4254408303376,13251.569299743072,18762.294293601262,10779.12263543441,13747.621627906321,13191.522013467584,16666.515144069643,15574.717184889223,12336.900311218593,12402.127553836357,12493.256008818445,10976.385566686893,10515.796443438565,12941.092084357026,4907.085945148694,2443.6552367908375,16407.643184958662,6741.876210111608,7371.669305287131,2446.4528631335834,2062.745067074504,16141.463858575315,16141.463858575315,2973.109746431114,6405.064851059714,13176.600852526191,11738.649324141401,10283.857449819277,6790.174103034792,8470.778863857891,8497.292334651405,5231.880211907986,7645.758663241209,10547.013148857135,10547.013148857135,10441.686792723342,6766.437612078493,6766.437612078493,16152.657676099594,10938.389487118457,9234.609191876061,2877.5977954439136,1128.4944184767646,2978.8307613279358,7316.023533631486,13816.521194888608,12793.821841966836,9200.742511384839,15557.802312847687,4597.4967179539335,11954.675227441116,11955.587053325786,10900.828298636146,6394.672228156045,10185.471815499051,7365.278463971092,13475.19387706004,7897.509880827434,12430.195817574773
420031919001,11885.212579026254,15601.46947541435,9203.825069345656,7176.387006224777,4620.397053187393,6804.9986243858675,10756.100135231267,12128.114898730117,7267.925102347031,10851.848297635057,5987.533108345411,298.17792741345545,12807.254599725686,2075.231929852693,3632.209870585496,9335.629271508024,14522.907895097436,7720.775066272311,8079.031119834971,5932.231389469072,3467.2244697908222,2075.231929852693,11067.139730434345,12715.278338167496,12715.278338167496,12260.643655693311,1660.2310168520403,1660.2310168520403,13083.577024357637,18190.430109575464,9797.475889281015,13564.64521372988,12591.2709328913,15656.438554830802,15002.853000863422,11057.253748318479,11748.01591888416,11839.144373866253,9696.73900378677,9236.14988053844,13907.769380153557,4189.823268208799,1164.6745724482219,15127.996622058545,5890.812848185433,6935.980677814177,3357.5937046953945,2973.885908636315,15150.809113894386,15150.809113894386,3716.0504478167986,5126.084186717095,11896.954289626075,11296.627055930356,9302.210703665882,6015.290229115808,7191.132300957761,7217.645771751276,3952.899547565367,6664.11191708781,9267.36658595701,9267.36658595701,9162.040229823218,5784.790865925093,5784.790865925093,14873.011113199478,9658.742924218335,7954.962628975935,1736.8194088077416,391.51651738574395,3481.2525244711796,6036.376970731357,12744.797735604589,12139.710207014643,7921.0959484847135,14985.938128821886,4374.016456232746,10675.028664541001,10743.097920158609,10457.47898967316,5115.691563813427,9203.825069345656,6929.5898364981385,13031.43247059075,6915.863134674035,11150.549254674657
420031919002,12292.456668190007,16008.7135645781,9364.858917582904,7577.100658970846,5026.975243793642,6966.032472623116,11163.344224395018,12535.35898789387,7675.169191510793,11259.09238679881,6388.24676109148,459.21177565070326,13214.498688889436,2485.803302019222,3261.853948753672,9742.873360671783,14930.151984261189,8128.019155436074,8486.275208998733,6332.945042215139,3628.25831802807,2485.803302019222,11474.383819598095,13122.522427331249,13122.522427331249,12667.887744857064,1289.8750950202161,1289.8750950202161,13490.82111352139,18597.674198739216,9958.509737518263,13971.889302893633,12998.515022055051,16063.682643994553,15410.097090027173,11464.49783748223,12155.260008047913,12246.388463030004,10103.98309295053,9643.393969702202,13537.413458321733,4596.401458815049,1571.2527630544716,15535.240711222297,6297.391038791683,7342.558868420428,2987.2377828635704,2603.529986804491,15558.053203058136,15558.053203058136,3345.6945259849745,5532.662377323345,12304.198378789828,11703.871145094106,9463.24455190313,6421.868419722058,7598.376390121523,7624.889860915038,4359.477738171618,6825.145765325058,9674.610675120772,9674.610675120772,9569.284318986978,5945.8247141623415,5945.8247141623415,15280.25520236323,10065.987013382093,8362.206718139698,2056.984897527762,324.62932962293155,3110.8966026393555,6443.6210598951175,13152.041824768341,12546.954296178394,8328.340037648477,15393.182217985637,4729.562559265353,11082.272753704752,11150.342009322361,10864.723078836912,5522.269754419676,9364.858917582904,7336.168027104389,13438.676559754502,7076.896982911283,11557.79334383841
420031919003,12007.028041776915,15723.284938165008,8704.375112207435,7344.440917646104,4881.113600527752,6305.548667247647,10877.915597981926,12249.930361480778,7389.740565097691,10973.663760385718,6249.146031437412,457.6787233609132,12929.070062476345,1958.9362278774786,4105.287989464568,9457.444734258683,14644.723357848097,7842.590529022971,8200.846582585631,6193.844312561072,2967.7745126526,1958.9362278774786,11188.955193185004,12837.093800918157,12837.093800918157,12382.459118443972,2025.9165130738206,2025.9165130738206,13205.392487108298,18312.245572326126,9298.025932142795,13686.460676480541,12713.08639564196,15778.254017581461,15124.668463614082,11179.069211069138,11869.831381634822,11960.959836616912,9818.55446653743,9357.965343289101,14282.916836558212,4451.4361913008,1661.4791834362254,15249.812084809206,6045.286748594235,7090.454578222975,3732.7411611000516,3349.0333650409725,15272.624576645045,15272.624576645045,4189.128566695871,5387.697109809097,12018.769752376737,11418.442518681015,8802.760746527661,6169.764129524609,7312.947763708421,7339.461234501936,4107.373447974169,6164.66195994959,9389.182048707671,9389.182048707671,9283.855692573878,5285.340908786873,5285.340908786873,14994.82657595014,9780.558386968994,8076.778091726595,1397.4577029375962,623.1806433395939,3954.330643350252,6158.192433482017,12866.61319835525,12261.525669765302,8042.911411235374,15107.753591572546,4635.629379324747,10796.84412729166,10864.91338290927,10579.29445242382,5377.304486905428,8704.375112207435,7084.063736906936,13153.24793334141,6416.413177535815,11272.364717425318
420031918001,12601.596874433382,16317.853770821475,9427.799466424081,7722.478809931093,5414.093485618646,7028.973021464293,11472.484430638393,12844.499194137245,7984.309397754161,11568.232593042185,6533.624912051727,584.223985276921,13523.638895132812,2681.403971308823,3407.232099713918,10052.01356691515,15239.292190504564,8437.159361679442,8795.4154152421,6478.323193175386,3691.1988668692484,2681.403971308823,11783.52402584147,13431.662633574624,13431.662633574624,12977.02795110044,1273.7675997610604,1273.7675997610604,13799.961319764765,18906.8144049826,10021.45028635944,14281.029509137008,13307.655228298427,16372.822850237928,15719.237296270549,11773.638043725605,12464.400214291289,12555.528669273379,10413.123299193896,9952.534175945568,13530.767923245456,4864.611265039663,1958.3710048794744,15844.380917465673,6639.855581250706,7649.113297558797,2980.5922477872914,2596.8844517282123,15867.193409301512,15867.193409301512,3491.072676945221,5919.780619148349,12613.338585033203,12013.011351337482,9526.185100744307,6764.332962181079,7907.516596364891,7934.030067158406,4701.942280630639,6888.086314166236,9983.750881364138,9983.750881364138,9878.424525230344,6008.765263003519,6008.765263003519,15589.395408606606,10375.127219625461,8671.346924383066,2119.925446368941,411.78441808489015,3256.274753599602,6752.7612661384865,13461.182031011716,12856.094502421769,8637.480243891843,15702.322424229013,4874.9407102256,11391.412959948128,11459.482215565737,11173.863285080286,5909.38799624468,9427.799466424081,7642.722456242758,13747.816765997877,7139.837531752461,11866.933550081785
420030806002,5369.1864727515585,4532.320231576845,12636.134751858623,6651.231688823219,8553.996969653896,14014.215843380043,2044.6326826067418,7101.722624087411,4437.455411993566,8786.9898432244,6792.661969338994,11858.292698360163,1619.1945145873026,10814.441030515141,10035.34615513919,9010.352451839137,3396.770905002264,7455.385783821327,4449.03314813731,6922.786147280319,12859.421113543556,10814.441030515141,1539.7269761700636,12385.78558559425,12385.78558559425,11931.150903120066,12577.385634627786,12577.385634627786,8057.184749714935,7120.528034336943,14887.630718296718,8538.252939087177,7564.878658248595,4474.27308541942,4139.989550649952,2681.6851542217128,5231.989812609468,5323.118267591556,9371.462184117887,3051.5930939854,12819.196018401071,9195.712803282604,10566.393286991286,4002.076328711969,6399.037732126914,5530.840526892744,12263.744597471323,11732.892504065574,4077.4194121033734,4077.4194121033734,11410.86098840241,8952.090566839834,10983.098519293335,3311.8050109097135,12960.587567026665,6568.275709479981,6899.824177250298,6888.7945823001655,8347.017033467793,10475.657785750222,3294.6944500966492,3294.6944500966492,3189.3680939628575,12602.757001711241,12602.757001711241,3920.4397654320655,8997.75822958853,7304.588879570015,11235.433774834019,12023.794618338847,10334.52618048846,5850.483268937238,1556.7376504662075,7113.317932371937,3877.771970352918,4104.3574003657495,8354.785885580832,2095.71774371905,1067.8723536010798,2404.62352728618,8724.715028605768,12636.134751858623,5601.719365181301,3384.036414889694,10257.177186679899,10821.056502101412
420031403002,2698.05987824783,3913.8717079863627,13836.7872718075,7083.156482074229,9701.965173575993,15214.868363328931,4849.258838707678,4325.250321902733,6202.417557087625,11591.61599932534,7224.586762590005,13058.945218309045,2850.0383502227755,12015.093550464027,10467.27094839019,10796.257414805796,5286.8142873753595,9059.577500243362,6213.995293231369,7354.710940531329,14040.335332708002,12015.093550464027,4332.18552987473,14175.906481465268,14175.906481465268,13721.271798991083,13009.310427878796,13009.310427878796,4999.604250424168,6281.272536625682,16088.283238245602,5476.319131265946,4918.225796697935,5444.86047101688,3252.085662933212,5486.311310322646,2860.695701257308,2767.2108385066217,11157.367147084553,4900.059386462948,9741.871122695495,10015.029887176372,11767.04580694017,5881.549033061279,7127.795763757319,5962.765320143755,12695.669390722333,12164.817297316584,4825.470560861013,4825.470560861013,11842.785781653422,10145.377490186002,13228.40409868345,2691.744959698127,14161.240086975546,7027.453909129418,8385.806111883307,8412.31958267682,8955.91245111338,11676.310305699108,5852.925442335425,5852.925442335425,5747.599086201633,13796.0439250574,13796.0439250574,5804.1238622406045,10990.19273327572,9286.412438033327,12436.086294782903,13224.447138287722,10766.45097373946,7305.913094028287,2749.226182254314,4494.003679394906,5642.734115446978,3235.1707908916787,8786.710678831838,4900.343899819985,3317.4759405215036,2768.523469387833,9918.00195195194,13836.7872718075,6033.644158432314,306.7115191841197,11457.829706628787,12611.17739797243
420031609001,5788.145221652784,9422.154667114484,9080.056300272858,918.3788191275033,4289.290941938283,10458.137391794287,6903.211982331987,6031.047541356646,2902.3562043486613,8616.050878439879,1497.5451018284464,7596.670179306419,7130.137063685379,6552.818511461402,4840.038396349352,7165.378036174072,9264.34268997307,5484.977647077138,3869.593014796522,1627.6692797697704,8537.329077050887,6552.818511461402,6385.554606025138,10545.02710283354,10545.02710283354,10090.392420359356,7382.077875837959,7382.077875837959,6986.509666984168,12011.115301275597,11331.552266710956,7467.57785635641,6494.203575517829,9915.336151743977,8823.538192563557,7695.731991184278,5650.948561510692,5742.077016492782,7526.487768452822,4304.064021733677,13248.136569464199,4496.961085965057,6271.446431721893,9869.648113682773,1913.0816168857511,711.5218704666423,6968.627729960775,6537.584745275745,9390.28486624965,9390.28486624965,6215.553229612579,4918.030648574934,9661.1568704309,4987.470331815735,9404.5091154409,1735.68337272382,4952.018196952232,4978.531667745747,3452.906195456262,6919.579334164464,5245.809730044608,5245.809730044608,5140.483373910815,8568.697083446332,8568.697083446332,9788.011550402869,7422.945505023163,5719.165209780762,6973.811255780277,7762.1720992851,5139.21842169862,3715.6966432931877,7065.342202562946,6042.642849641172,3323.279908860748,8806.623320522023,3159.4781267909957,6941.450578636568,5204.408061000117,4149.6493063104845,4690.655110340872,9080.056300272858,590.3521552344324,6724.014884734377,6701.09873509414,8980.298019340702
420031803001,7697.118272674094,11518.67965043204,8168.817785934237,2971.0016357021423,1751.5436500686542,8493.920413424095,8035.572507410996,7940.020592377957,3663.8840106267535,8354.500883066854,2316.792859809029,5078.129678157855,9163.290987803899,4034.2780103128403,3131.873154312523,6895.767078288955,11159.06893720977,5223.427651704116,4839.047283084036,2261.491140932689,6018.788575902325,4034.2780103128403,7703.4343030340215,10275.416144948429,10275.416144948429,9820.78146247424,5673.912633801131,5673.912633801131,8895.482718005476,14107.64028459315,10289.7602635132,9376.550907377721,8403.17662653914,12011.86113506153,10920.063175881112,8336.726120498206,7559.921612532003,7651.050067514092,7256.876810567704,5632.108788818163,14333.499502361658,2001.8865978142783,3752.9059305733317,11764.374360919468,1647.0193549639928,2717.0152962790144,5372.536825026996,4829.419503238915,11486.809849567204,11486.809849567204,4507.38798757575,2383.1077146747843,9399.606875057876,7083.995315133291,8493.270601102278,1771.496735894368,4690.468201579206,4716.981672372721,924.2996935868855,5169.056461327654,6518.83880868912,6518.83880868912,6413.512452555328,6583.983973568208,6583.983973568208,11682.737797639564,7161.3955096501395,5457.615214407739,4455.270754631715,5243.631598136537,3431.0531796617906,3454.146647920159,9100.834123682804,7951.615900662482,4317.054856764437,10903.148303839576,1530.5442748782705,7954.501036720731,7099.13430823682,6246.174289628037,2299.784399547652,8168.817785934237,2710.6244549629755,8820.539868051934,5420.807678913879,8710.687061455583
420031803002,7404.373742831031,11201.107008902703,8109.285248522935,2653.4289941728034,2161.2683932157915,8903.645156571234,7742.827977567933,7647.276062534894,3371.1394807836928,8061.756353223793,1815.1363270433417,4881.0595700303475,8870.546457960843,3837.2079021853333,2628.4211195717976,6611.083510957987,10866.324407366712,4930.683121861052,4546.302753240974,1759.8346081670013,5821.718467774816,3837.2079021853333,7410.6897731909585,9990.73257761746,9990.73257761746,9536.097895143275,5170.460599060405,5170.460599060405,8602.73818816242,13790.067643063814,10360.781214961033,9083.806377534664,8110.432096696077,11694.288493532194,10602.490534351777,8043.981590655145,7267.17708268894,7358.305537671029,6972.193243236736,5339.3642589751,13830.047467620932,1710.039744860717,3555.835822445825,11471.62983107641,1354.2748251209316,2399.4426547496755,4869.084790286271,4325.96746849819,11169.237208037868,11169.237208037868,4003.9359528350233,2792.8324578219217,9106.862345214819,6766.422673603951,8433.738063690978,1478.7522060513068,4397.723671736144,4424.237142529659,737.2955861801939,5578.781204474793,6226.094278846057,6226.094278846057,6120.767922712265,6993.708716715348,6993.708716715348,11389.993267796506,6868.6509798070765,5164.870684564676,4258.200646504209,5046.561490009028,2927.601144921065,3161.4021180770983,8808.089593839748,7658.871370819419,4024.3103269213757,10585.57566231024,1027.092240137545,7661.756506877668,6806.389778393757,5928.601648098696,2709.5091426947893,8109.285248522935,2393.0518134336367,8502.967226522598,5730.32768334422,8426.00349412462
420031803003,7709.938542215499,11480.23688830698,8409.384606594302,2934.027923504427,2291.0334185802885,9033.410181935733,8048.392776952401,7952.8408619193615,3676.7042801681587,8367.321152608263,1798.2715726843276,4908.521240132556,9176.111257345308,3888.728230896238,2545.6119014974997,6916.648310342454,11171.889206751177,5236.24792124552,4851.867552625442,1742.969853807987,5765.983347478686,3888.728230896238,7716.254572575426,10296.297377001925,10296.297377001925,9841.66269452774,5087.651380986107,5087.651380986107,8908.302987546886,14069.19752246809,10660.880573032395,9389.371176919129,8415.996896080547,11973.41837293647,10881.620413756053,8349.546390039615,7572.741882073407,7663.870337055497,7277.7580426212035,5644.9290583595675,13747.238249546634,1479.7940504848432,3500.100702149693,11777.194630460875,1659.8396245053987,2678.5725341539573,4786.275572211973,4243.158250423891,11448.367087442144,11448.367087442144,3921.1267347607254,2922.5974831864187,9412.427144599284,7045.552553008235,8733.83742176234,1784.3170054357738,4703.288471120612,4729.8019419141265,844.3903663750341,5708.5462298392895,6531.659078230525,6531.659078230525,6426.332722096733,7123.473742079844,7123.473742079844,11695.558067180971,7174.215779191544,5470.435483949143,4309.720975215114,5015.910530114358,2844.791926846767,3466.966917461564,9113.654393224213,7964.436170203887,4329.875126305842,10864.705541714517,944.2830220632476,7967.321306262135,7111.954577778225,6207.7315275029805,2839.2741680592862,8409.384606594302,2672.181692837918,8782.097105926876,5960.297447425514,8731.568293509084
420031807002,8315.975444504038,12136.595922803546,7627.495952412698,3588.91790807365,1071.8141657415056,7814.190929096948,7774.916108490655,8558.8777642079,4143.2689613998045,7870.664270894446,2934.709132180537,4560.608955234215,9674.849277726842,3516.757287389198,3749.789426684031,6354.445244767417,11541.723868356832,4739.591039531709,4977.895576285935,2879.407413304197,5523.0064437594465,3516.757287389198,8061.06413908089,9734.094311426892,9734.094311426892,9279.459628952703,5658.439771714092,5658.439771714092,9514.33988983542,14725.556556964657,9610.03077918605,9995.408079207666,9022.033798369082,12524.033232831955,11537.97944825262,8076.0697215778655,8178.778784361946,8269.907239344036,6715.554977046165,6111.493739591213,14951.415774733165,1523.6190354627352,3257.1237984304516,12146.81259531794,2265.876526793937,3334.931568650522,5515.316622990698,5018.508299741238,12018.403791895538,12018.403791895538,5125.3042599472565,1703.3782303476357,8915.770262885466,7701.911587504797,7951.948767580741,2390.353907724312,4209.948274217159,4236.461745010674,437.5429364058354,4489.326977000505,6286.182559216405,6286.182559216405,6180.856203082612,5904.25448924106,5904.25448924106,11891.827086458874,6677.558897477729,4973.778602235331,3937.7500317080735,4726.110875212897,4048.9694520332982,3055.192943990751,9612.392413605747,8570.473072492425,4796.4398075374875,11521.064576211083,2148.460547249778,7693.844637800388,7610.692598159766,6864.090561999543,1620.0549152205033,7627.495952412698,3328.540727334483,9438.456140423441,4741.07819458673,8169.365227934046
420031911002,9987.068519054937,13707.295957235829,5057.077740451373,6045.01041976677,2194.0816148052572,5027.465908093081,9149.313457119151,10229.9708387588,5388.866361822852,9468.24183277501,5825.647278133309,7015.807009396589,10920.446678149889,5279.081606566335,6936.690269338576,7990.699572074132,12914.571352999566,6337.168601412271,6223.492976708983,5955.771456074633,4621.02252803546,5279.081606566335,9306.661539503939,10315.925673781428,10315.925673781428,9650.120973683232,8200.002906840851,8200.002906840851,11185.43296438632,16296.256591396937,6823.305758182186,11666.501153758563,10693.126872919982,13769.630633255001,13108.6794826849,9450.467070206363,9849.871858912846,9941.000313894934,8351.80930435288,7357.09114001426,17447.05986686635,4383.285125564603,5607.386471413728,13519.876776709272,4036.574044913337,5221.022080416187,8056.879758117457,7560.071434867996,13264.001192318585,13264.001192318585,7805.771334376233,1753.5429691105933,10513.347824766028,9402.453537751839,5381.530555619417,4179.109528432554,5804.209151287359,5830.722622080874,3666.195706189459,1702.6019559966342,7632.579758397274,7632.579758397274,7527.253402263483,3117.52946823719,3117.52946823719,13266.224435087366,8275.136459358293,6571.356164115894,5836.057071910531,7123.196299378391,7235.870294687844,4567.887597628312,10857.989814028793,10241.566147043324,6042.037207960535,13091.764610643366,5335.361389904326,9068.241986428884,8856.289998582815,8563.305471494643,1713.814110470654,5057.077740451373,5219.5413844991,11137.258952412232,1954.3531735828594,9805.619555240763
420031914001,8484.840307411247,12318.051308885511,6914.517634229444,4313.114993100177,155.98516476170545,6884.905801871152,7631.268860563385,8727.742627115107,3999.621713472534,7727.017022967177,3798.239506304661,4787.54129655724,9531.202029799571,3738.6484267573783,4613.319800808154,6210.797996840147,11398.076620429561,4595.943791604439,4834.248328358665,3742.9377874283214,4904.390017973936,3738.6484267573783,7917.41689115362,9590.447063499621,9590.447063499621,9135.812381025433,5977.356631307261,5977.356631307261,9683.204752742628,14907.01194304662,8680.745651960255,10164.272942114869,9190.898661276291,12380.385984904684,11719.434834334583,7932.422473650596,8347.643647269155,8438.772102251243,6571.907729118895,5967.846491663943,15814.946148857292,2059.914657034177,3384.7401958801347,12003.16534739067,2434.741389701144,3601.131322615149,5834.233482583866,5337.425159334405,11874.756543968268,11874.756543968268,5583.125058842644,787.5492293678356,8772.123014958195,7966.1510317192,7238.970449397489,2559.2187706315185,4066.301026289888,4092.814497083403,1342.8252376590333,3560.041849774708,6142.535311289135,6142.535311289135,6037.208955155343,4974.969362015264,4974.969362015264,11748.179838531603,6533.9116495504595,4830.131354308061,4164.682373031101,4900.5500238448,4912.499826157421,2911.54569606348,9468.745165678476,8739.337935399633,4652.792559610218,11702.519962293049,3011.9909213739033,7550.1973898731185,7467.045350232496,7128.330006213946,690.7697879947067,6914.517634229444,3599.6506266980623,9702.69558463784,3811.793067360934,8025.717980006776
420032614002,9696.280176981561,12310.886834486975,9221.2018453176,7298.9307745446,6094.909036805814,11403.90661527372,6918.832633368812,9939.182496685424,4518.276042879155,2433.9851705391,7154.17938139766,9247.983470253845,9266.347705525199,8204.131802408829,8810.057234445108,1881.2964364409609,10700.588191174505,1572.3595324848823,5316.591700237216,7284.303559338985,10249.111885437238,8204.131802408829,7244.820026511401,4459.302514509462,4459.302514509462,4004.6678320352758,10442.334230842238,10442.334230842238,10894.644622312946,14899.094637247068,12192.140712684193,11375.712811685187,10402.338530846608,11989.559637393915,11918.556153560083,7219.986246456021,9559.083516839468,9650.211971821558,2220.4564322176802,6181.828182178462,17156.271524792977,6585.403575176285,7956.084058884971,11290.729120196098,4935.344701374184,6138.1925735911145,10418.623780528691,9935.914203562512,11843.751794592,11843.751794592,10181.61410307075,6726.473101411943,3243.9070759413944,8817.11511693253,9847.693680597342,5112.742945536114,2039.2058032093698,2125.982162029471,6070.551217811095,7865.348557643907,5451.610454877991,5451.610454877991,5346.284098744198,10000.391612085383,10000.391612085383,11035.74361133703,868.9717177535205,1124.748841930439,8625.124546727702,9413.485390232523,9109.237259794378,3229.8090502838004,9409.59455464035,9950.777804969948,5171.446889016837,11882.924003275879,7208.728355010856,6837.761162678546,8008.808676018631,7977.967050675334,6617.607257215199,9221.2018453176,6294.3025770383,10551.92053159293,7646.867958573583,2894.573431016619
420032701001,13411.763208171777,16232.624823171713,5410.2725474234585,10954.723005033986,9685.15508343398,8743.45278740328,10840.570622053545,13654.66552787564,8314.465576088198,5004.835689602564,10809.971611887046,12838.229516882015,13188.085694209936,11794.377849036991,12465.849464934503,5021.081967910714,14273.305560200915,5444.3389867747355,9112.78123344626,10940.09578982837,11358.33858359295,11794.377849036991,11166.558015196135,951.7844262613318,951.7844262613318,891.7751967023208,14032.580277470408,14032.580277470408,14610.127653503165,18820.83262593182,8381.21141479005,15091.195842875404,14117.821562036826,15021.814445718213,15840.29414224482,11141.724235140755,13274.566548029683,13365.695003011773,4662.342620557438,10103.566170863196,20871.7545559832,10175.649621804452,11546.330105513134,14009.468068482902,8591.136931863579,9793.984804080503,14008.869827156861,13526.16025019068,15765.489783276738,15765.489783276738,13771.86014969892,10316.719148040109,2419.7889165464894,12536.539497801095,6036.764382703201,8768.53517602551,5937.72825636134,6017.844339339897,9660.79726443926,7708.326824537353,9373.348443562725,9373.348443562725,9268.022087428932,8662.30030526227,8662.30030526227,13732.511586145787,3755.6838812228616,5046.486830615179,12215.37059335587,13003.731436860695,12765.029490283772,6994.3955563191175,13331.332543325088,13666.260836160167,8967.636422225882,15804.661991960616,10864.520585500242,10759.499151363278,11804.998209227673,11697.391431543892,10233.395832912978,5410.2725474234585,9950.094807527688,14271.344912461494,7489.846225467029,1607.9344858285212
420032701002,13802.727494638728,16623.589109638666,5248.676140341562,11345.687291500937,10076.11936990093,8581.856380321378,11231.534908520496,14045.629814342592,8705.429862555153,5395.799976069519,11200.935898353997,13229.193803348966,13579.049980676888,12185.342135503943,12856.813751401454,5052.238534958744,14915.349012781127,5835.3032732416905,9503.745519913211,11331.060076295322,11196.742176511047,12185.342135503943,11557.522301663086,1590.377278189829,1590.377278189829,1256.9807940061528,14423.54456393736,14423.54456393736,15001.091939970116,19211.79691239877,8219.61500770815,15482.160129342356,14508.785848503778,15663.857898298425,16231.258428711772,11532.688521607706,13665.530834496634,13756.659289478725,4680.374569505157,10494.530457330147,21262.71884245015,10566.613908271403,11937.294391980085,14651.511521063114,8982.10121833053,10184.949090547454,14399.834113623812,13917.124536657631,16156.45406974369,16156.45406974369,14162.82443616587,10534.444569861935,2810.753203013443,12927.503784268047,5875.167975621303,9159.499462492462,6328.692542828295,6408.8086258068515,10051.76155090621,7546.730417455456,9764.312730029676,9764.312730029676,9658.986373895883,8500.70389818037,8500.70389818037,14374.555038726,4146.648167689816,5437.451117082134,12606.334879822822,13394.695723327646,13155.993776750724,7385.3598427860725,13722.29682979204,14057.225122627118,9358.600708692833,16195.626278427568,11255.484871967194,11150.463437830229,12195.962495694625,12088.355718010844,10624.36011937993,5248.676140341562,10341.05909399464,14662.309198928446,7328.249818385131,1998.898772295475
420032703001,12466.259515353473,15287.12113035341,6200.80605162504,10009.219312215682,8739.651390615676,9533.986291604855,9895.066929235241,12709.161835057337,7368.961883269896,4277.01851591492,9864.467919068742,11892.725824063711,12242.582001391633,10848.874156218688,11520.3457721162,4075.578275092411,13676.82248704094,4498.835293956433,8167.277540627957,9994.592097010067,12148.872087794525,10848.874156218688,10221.054322377831,1633.7068490067263,1633.7068490067263,817.0274678101024,13087.076584652104,13087.076584652104,13664.623960684861,17875.328933113506,9171.744918991626,14145.6921500571,13172.317869218523,14965.79393326035,14894.790449426517,10196.220542322451,12329.06285521138,12420.19131019347,3707.380573271641,9158.062478044892,19926.250863164885,9230.145928986149,10600.82641269483,13969.000937175932,7645.633239045274,8848.4811112622,13063.366134338557,12580.656557372376,14819.986090458435,14819.986090458435,12826.356456880616,9371.215455221805,2311.86848217209,11591.035804982792,6827.297886904782,7823.031483207205,4992.224563543036,5072.340646521593,8715.293571620956,8498.860328738932,8427.844750744423,8427.844750744423,8322.51839461063,9452.833809463846,9452.833809463846,13692.044454838817,2810.180188404557,4100.983137796876,11269.866900537567,12058.227744042391,11819.525797465469,6048.891863500814,12385.828850506785,12720.757143341863,8022.132729407578,14859.158299142313,9919.016892681939,9813.995458544974,10859.49451640937,10751.887738725589,9287.892140094675,6200.80605162504,9004.591114709385,13325.841219643191,8280.37972966861,662.4307930102178
420032708001,13539.526848426578,16360.388463426514,5916.8532585193825,11082.486645288787,9812.918723688781,9250.033498499208,10926.76473628272,13782.429168130442,8442.229216343001,5132.599329857365,10937.735252141847,12965.993157136816,13315.849334464738,11922.141489291793,12593.613105189304,5148.845608165515,13798.185229776653,5572.102627029535,9240.544873701061,11067.859430083172,11864.919294688878,11922.141489291793,11294.321655450936,963.1156486404135,963.1156486404135,1145.0815727361066,14160.34391772521,14160.34391772521,14737.891293757966,18948.596266186618,8887.792125885979,15218.959483130206,14245.585202291628,14546.69411529395,15968.057782499622,11170.004044535446,13402.330188284484,13493.458643266575,4979.61887298333,10231.329811117997,20999.518196237997,10303.413262059254,11674.093745767936,13534.34773805864,8718.90057211838,9921.748444335304,14136.633467411662,13653.923890445481,15893.25342353154,15893.25342353154,13899.623789953721,10444.48278829491,2547.552556801291,12664.303138055897,6543.345093799125,8896.298816280312,6065.49189661614,6145.607979594697,9788.56090469406,8214.907535633278,9501.112083817527,9501.112083817527,9395.785727683733,9168.881016358198,9168.881016358198,13257.391255721524,3883.447521477663,5174.25047086998,12343.134233610672,13131.495077115496,12892.793130538574,7122.159196573917,13459.09618357989,13794.024476414968,9095.400062480683,15932.425632215418,10992.284225755044,10860.259444118232,11932.761849482475,11825.155071798694,10361.15947316778,5916.8532585193825,10077.85844778249,14399.108552716296,7996.426936562953,1735.6981260833224
420034804001,12407.0432803661,17233.90076269442,15471.96433412508,8361.545865735809,9592.745676734881,14140.129204330682,14714.958077911917,10418.950145262543,10714.102299928589,15421.591096533184,7180.200678306444,7633.621963358646,14941.88315926531,8925.059009137667,4839.39703535941,13970.918254267379,17076.088785553,12290.517865170452,11681.33911037645,7049.726609875721,10802.355049735635,8925.059009137667,14197.300701605065,17350.56732092685,17350.56732092685,16895.93263845266,6209.894522394933,6209.894522394933,9753.200717533846,19182.38207108483,17132.606469225826,10249.253045697094,9693.15343125836,17727.082247323913,16635.28428814349,15403.816333964534,12543.96715741919,12450.482294668507,14332.027986546129,12115.810117313602,9442.7235021478,8161.27773508666,7724.181749154712,17681.39420926271,8714.109568430338,8432.236408541405,4458.108180666146,4901.363391407212,17202.030961829583,17202.030961829583,4562.0713410622,10224.309741341012,16466.697088524204,12799.216427395662,15796.417149293122,8762.407461353521,11757.558415045547,11784.071885839061,8195.029836212516,13010.258487993877,13057.555825624535,13057.555825624535,12952.229469490743,13119.921445869908,13119.921445869908,17599.757645982805,14228.48572311647,12524.705427874074,9141.079484909666,7481.9782522681835,4540.217010010145,10521.236861386498,14877.088298142877,10070.816799434751,11135.026004440675,16618.369416101956,6569.730076272661,14753.196674216497,13016.154156580045,11961.39540189041,10140.98642621388,15471.96433412508,8425.845567225366,14441.170660808575,13093.006768946369,15785.838237434005
420032708002,12517.207803555068,15338.069418555004,5928.437182329655,10060.167600417277,8790.59967881727,9261.61742230947,9946.015217436836,12760.110123258932,7419.910171471489,4062.9561503556447,9915.416207270337,11943.674112265306,12293.530289593227,10899.822444420282,11571.294060317794,4126.526563294004,13649.845551985612,4549.783582158025,8218.225828829549,10045.540385211661,11876.503218499141,10899.822444420282,10272.002610579426,1125.445214629735,1125.445214629735,813.141103842352,13138.024872853699,13138.024872853699,13715.572248886456,17926.2772213151,8899.37604969624,14196.640438258695,13223.266157420117,14398.35443750291,14945.738737628111,10247.168830524046,12380.011143412974,12471.139598395064,4181.353515250059,9209.010766246487,19977.19915136648,9281.094217187743,10651.774700896425,13386.008060267599,7696.581527246867,8899.429399463794,13114.314422540152,12631.604845573971,14870.93437866003,14870.93437866003,12877.30474508221,9422.1637434234,1477.9093772995707,11641.984093184386,6554.929017609397,7873.979771408798,5043.172851744629,5123.288934723186,8766.24185982255,8226.49145944355,8478.793038946016,8478.793038946016,8373.466682812223,9180.46494016846,9180.46494016846,13109.051577930484,2861.1284766061503,4151.9314259984685,11320.815188739161,12109.176032243986,11870.474085667063,6099.840151702407,12436.77713870838,12771.705431543458,8073.081017609171,14910.106587343907,9969.965180883533,9864.943746746569,10910.442804610964,10802.836026927183,9338.84042829627,5928.437182329655,9055.53940291098,13376.789507844785,8008.010860373226,713.3790812118111
420032902005,9093.275012414992,12727.284457876693,10196.637953982628,3904.234193211537,4319.77321086862,10112.782175199116,9817.276087952978,9336.177332118854,5437.427324359872,10136.204463608836,2722.8890057821764,4223.850822033747,10435.266854447586,4603.566791930637,806.5555164464479,8685.531621343032,12569.472480735276,7005.131232246099,6620.750863626019,2592.414937351454,6480.821908513087,4603.566791930637,9476.97761676714,12065.1806880025,12065.1806880025,11610.546005528317,3380.905465820263,3380.905465820263,10291.639457746374,15316.245092037803,12448.133920420725,10772.70764711862,9799.333366280038,13220.465942506184,12128.667983325766,10118.429701040188,8956.0783522729,9047.206807254988,9046.64135362178,7405.652102551283,11919.624618485323,2955.2577478314142,4016.524725116,13174.777904444982,3428.722935505977,3925.6201037236706,2967.4123938720118,2536.412335258048,12695.414657011857,12695.414657011857,2153.8852375221445,4951.337275474748,11181.310455599853,8292.600122577942,10521.09076915067,3349.5472184128303,6472.171782121189,6498.685252914704,2933.9367772201813,7737.286022127619,8300.542389231101,8300.542389231101,8195.21603309731,9092.57441673834,9092.57441673834,13093.141341165076,8943.099090192121,7239.318794949723,5024.559536249512,4089.2683760059754,1077.5504296081858,5235.850228462139,10370.471993325153,9347.772640403378,6090.598170497555,12111.75311128423,1296.361110058179,9736.204617262712,8509.537851762327,7454.779097072687,4868.0139603476155,10196.637953982628,3919.229262407631,10029.144675496584,7817.680388803914,10500.451604509659
420033102001,7230.683104412772,11987.290344640947,19731.29031104462,13188.009749794252,15394.947320785646,19772.03114153075,13478.250937073626,7009.904844267022,12451.03710143262,18246.2591380078,13029.159118212308,13265.52390055871,11479.030448588719,14727.260653188427,10641.598679410177,16977.398641317697,13915.806385741305,15244.660076433607,13418.273911880482,12898.685049781583,16434.256986935703,14727.260653188427,12961.177628240675,20357.047707977166,20357.047707977166,19902.413025502985,11841.796459594996,11841.796459594996,6344.155416538323,12661.449817271085,21982.786277482723,6840.20774470157,6284.108130262838,14073.852569382825,11743.412126621826,14115.303408688591,7393.31892742225,7299.834064671564,17338.508373596447,12678.344786939211,1386.0985914753937,13963.479379137421,13526.38339320547,14510.541131427224,12950.062596882552,12067.618587863777,10090.010117866212,10533.265328607278,13316.79702454963,13316.79702454963,10364.272985112966,16026.51138539178,19413.4866748737,9369.819893772848,20055.743126212663,13119.300574235618,14570.888688073552,14597.402158867066,13997.231480263275,17570.813344936225,13631.210842811688,13631.210842811688,13525.884486677896,18751.823383069972,18751.823383069972,14433.11596060655,17175.275309465967,15471.495014223572,14862.983566435396,13113.880189468247,10342.418654060908,13490.99567021853,11378.218280620258,6661.771498439227,12871.96080594471,11726.497254580294,12371.93172032342,13529.335998185934,11946.468038887453,10492.386863318496,15808.534449396258,19731.29031104462,12138.497426152335,8551.306971555015,17352.332745865904,18792.318624484324
420033102002,8465.914881481025,13206.108616155412,20409.839582830235,13866.55902157986,16073.496592571257,20450.580413316366,14713.482714141883,7688.454116052628,13129.58637321823,18924.808409793415,13707.708389997917,13944.073172344319,12714.262225656974,15405.809924974037,11320.147951195786,17655.947913103315,15151.03816280956,15923.209348219218,14096.823183666093,13577.234321567194,17112.806258721317,15405.809924974037,14196.409405308932,21035.59697976278,21035.59697976278,20580.9622972886,12520.345731380605,12520.345731380605,7022.70468832393,13737.01314517415,22661.335549268337,7518.757016487177,6962.657402048444,15309.08434645108,12962.2303981363,15350.535185756846,8628.550704490506,8535.065841739819,18017.05764538206,13356.894058724822,516.8710080111318,14642.02865092303,14204.93266499108,15745.77290849548,13628.611868668162,12746.167859649386,10768.55938965182,11211.814600392889,14535.615296064101,14535.615296064101,11042.822256898575,16705.06065717739,20092.035946659315,10605.051670841105,20734.292397998277,13797.849846021229,15249.43795985916,15275.951430652674,14675.780752048886,18249.36261672184,14309.760114597297,14309.760114597297,14204.433758463507,19430.372654855586,19430.372654855586,15668.347737674805,17853.82458125158,16150.04428600918,15541.532838221005,13792.429461253856,11020.967925846517,14169.54494200414,12613.450057688515,7340.320770224834,13550.510077730318,12945.315526094768,13050.480992109031,14764.567775254189,13181.699815955708,11727.61864038675,16487.08372118187,20409.839582830235,12817.046697937943,9786.538748623268,18030.88201765152,19470.867896269938
420033204001,12400.318485983755,16034.327931445461,12626.058267687004,7161.973034486836,6655.304991436628,10481.914442368654,12795.043752510668,11129.520138436215,8841.948821572578,12890.79191491446,5980.627847057473,3975.407201396613,13742.310328016352,5535.052930969401,2959.1220855602533,11374.572888787432,15876.515954304044,9759.718683551722,10017.112094029862,5850.15377862675,7144.14028777361,5535.052930969401,12881.499113979848,14754.2219554469,14754.2219554469,14299.587272972714,2551.6797604329,2551.6797604329,10463.770710707517,18623.288565606566,13474.391707263798,10959.823038870765,10403.723424432028,16527.509416074954,15435.711456894534,13096.19736559788,12263.121825841663,12354.250280823751,11735.68262106618,10810.173599763988,10153.29349532147,5440.5630853585035,4334.175670986446,16481.821378013752,6825.084165909814,7232.663577292432,744.2556422211226,1252.8252839125057,16002.458130580626,16002.458130580626,2061.372293856182,7160.992124966332,13935.897906905479,11599.643596146705,12950.511082855048,6873.382058832998,9230.075918237171,9256.589389030687,5799.7898878495935,10000.75890353777,11306.31020323642,11306.31020323642,11200.983847102627,9461.70668390788,9461.70668390788,16400.184814733846,11697.686541497744,9993.906246255347,5572.8668672733,3823.7634903061503,2659.942060210986,8075.320588010765,13677.51546689392,10781.38679260842,9495.119667710262,15418.796584852998,4680.704673752146,12713.972281820403,11816.581325331088,10761.822570641452,7150.599502062663,12626.058267687004,7226.272735976393,13336.188149065349,10247.100702508289,13189.49287195406
420033204002,11345.607676875126,14979.617122336826,11437.925300608847,6222.451295731383,5443.396623607867,9591.161709431572,11606.910785432512,11588.509996578987,7565.024328671046,11702.658947836302,5041.10610830202,3084.6544684595324,12687.599518907718,4473.909024437051,1781.4051259902906,10186.439921709274,14821.805145195409,8571.585716473568,8740.187601128328,4910.632039871297,6253.387554836528,4473.909024437051,11604.574621078313,13566.088988368741,13566.088988368741,13111.454305894556,1660.9270274958196,1660.9270274958196,11458.341531553167,17568.577756497947,12583.638974326715,11954.393859716416,11398.294245277679,15472.798606966317,14381.000647785899,11908.064398519722,11208.411016733035,11299.539471715123,10547.549653988022,9533.249106862453,11147.864316167119,4228.654717529741,3273.031764454098,15427.110568905115,5548.159673008281,6177.9527681838035,697.7142094589917,213.39603723194324,14947.74732147199,14947.74732147199,750.3773665355623,5949.0837571375705,12747.76493982732,10544.932787038078,11762.378115776888,5596.457565931465,8041.942951159018,8068.456421952534,4587.881520020831,8788.85053570901,10118.177236158263,10118.177236158263,10012.850880024469,8570.953950970797,8570.953950970797,15345.474005625209,10509.553574419586,8805.773279177192,4682.114134336218,2933.01075736907,1482.2251006410227,6887.18762093261,12622.804657785286,11600.105304863511,8218.195174808729,14364.085775744363,3403.78018085061,11525.839314742245,10761.870516222461,9707.111761532822,5938.691134233902,11437.925300608847,6171.561926867765,12281.477339956717,9040.601753295236,12001.359904875902
420033206001,11436.748100629164,15070.757546090863,10799.215287264755,6342.458704310139,4804.686610263768,8408.689621013267,10968.20077208842,11679.650420333024,7480.025739204189,11063.94893449221,5153.604806430773,1901.8689240408553,12778.739942661756,3482.886682818284,2027.2119940929656,9547.729908365181,14735.008531954589,7932.87570312947,8291.13175669213,5098.303087554433,5070.9154664182215,3482.886682818284,11279.240367291495,12927.378975024649,12927.378975024649,12472.744292550464,1332.3791089828364,1332.3791089828364,12635.112545960545,17659.71818025198,11401.166885908415,13116.18073533279,12142.806454494208,15563.939030720354,14472.141071539936,11269.35438517563,11299.551440487072,11390.67989546916,9908.83964064393,9448.2505173956,12673.339886751484,3589.9447041856433,2282.0094228353305,15340.097258915697,5598.75885605793,6269.093191937844,2221.0731882364007,1836.2787899726886,15038.887745226028,15038.887745226028,2111.052571324268,5310.3737437934715,12109.054926483228,10636.073210792116,10905.901700293281,5687.597989685505,7403.232937814919,7429.746408608435,3949.171506676732,8150.140522364913,9479.46722281417,9479.46722281417,9374.140866680376,7388.481862552493,7388.481862552493,15085.11175005663,9870.843561075493,8167.063265833094,3499.6420459179144,1767.2864780130835,1876.2546479786492,6248.477607588511,12713.945081539323,11691.245728617549,8133.1965853418715,14455.2261994984,3494.920604604647,10887.129301398152,10853.010939976499,9798.25218528686,5299.981120889803,10799.215287264755,6262.702350621805,12372.617763710754,8401.891739951137,11362.64989153181
420030203001,7692.504438318651,8250.526702880568,9021.148549024549,6071.073586564781,5090.232062078064,10399.22964054597,2858.4725017624087,8131.332186084225,3155.322288411454,5293.072445551376,5926.322193417842,8243.306495526092,5205.987573918791,7199.454827681076,7582.200046465289,4829.392669878741,6640.228059568096,3274.4260018609343,3575.4875261956713,6056.446371359166,9244.43491070948,7199.454827681076,3184.4598949049973,8204.825803633863,8204.825803633863,7750.191121159678,9437.65725611448,9437.65725611448,9086.794311711754,10838.734505640667,11272.644515462636,9567.862501083999,8594.488220245414,7929.199505787507,7858.196021953675,3159.626114849618,7555.307778176559,7646.436233158648,5190.502402157491,2128.2118170139497,15348.421214191803,5580.726600448537,6951.407084157218,7230.36898858969,3707.4875133943688,4910.335385611297,9413.946805800932,8931.237228834756,7783.391662985591,7783.391662985591,8957.714879728514,5617.125607469449,6989.864874614224,5635.122976476806,9345.601364192591,3884.8857575562993,2718.8643952899065,2707.8348003397746,5065.874243083343,6860.671582916155,1397.9940897134793,1397.9940897134793,1292.667733579688,8995.714637357627,8995.714637357627,6975.383479730621,4816.798447628134,3123.629097609623,7620.44757199995,8408.808415504775,7881.380071814557,2095.127663442679,5349.234423033944,8142.927494368751,3448.7735962079905,7822.563871669471,5980.871167031037,2777.4010310721424,4214.719073744923,4782.16161970973,5389.750069235384,9021.148549024549,5066.445389058485,7235.734219383912,6642.19098384583,6640.09672014102
420030305001,5902.369596140208,8624.752717052317,8166.654964207725,3753.5532271977136,4115.7869604528105,9544.736055729152,4570.921408933212,6145.2719158440705,365.46222244641456,6108.116773617841,3894.9835077134885,7388.812910709267,5826.297383410146,6344.961242864252,6087.336607998981,4919.96277894657,7822.075332816017,3106.5177120436433,1041.372476846413,4025.1076856548125,8389.941325892658,6344.961242864252,4053.2640326263604,8299.611845606043,8299.611845606043,7844.9771631318545,8583.163671297658,8583.163671297658,7100.734041471591,11212.960519812426,10418.150930645827,7581.802230843834,6608.427950005253,8675.481338515256,8232.422036125421,5363.441417785504,5765.172935998116,5856.301390980205,5281.072511225319,2135.743760756313,13362.36094395162,4726.233015631714,6096.913499340395,8427.38075652572,2212.6240749280605,2633.1620652672364,8328.000278713453,7784.882956925372,8169.851897578843,8169.851897578843,7462.851441262206,4513.880557638746,7275.344310483741,4879.979464759983,8491.107779375769,2381.862052281129,2432.746323683585,2459.2597944771,4160.60337626894,6006.1779980993315,2913.51915664583,2913.51915664583,2808.1928005120385,8141.2210525408045,8141.2210525408045,8345.744193245817,5037.132945076009,3333.352649833609,6765.953987183127,7554.314830687948,6386.516633348248,1352.8533058285686,5763.8405192890505,6156.867224128595,856.583722450929,8196.789885841219,4486.007728564725,4609.160005237792,3762.1407038430702,4040.8313985027867,4286.505019404681,8166.654964207725,2704.040903555795,6614.784879420377,5787.697399029008,6734.8827621132
420030305002,5340.742579870094,8411.132952304475,8388.69329849832,3191.926210927599,4306.5555162936025,9766.77439001974,4694.990672161274,5583.6448995739565,210.3308423900745,6361.992681356743,3333.356491443374,7610.851244999861,5612.677618662303,6566.9995771548465,5861.4677694705315,5173.838686685472,7608.455568068174,3360.3936197825446,1336.7150226051597,3463.480669384698,8611.979660183253,6566.9995771548465,4177.333295854424,8553.487753344943,8553.487753344943,8098.853070870756,8403.507248959137,8403.507248959137,6539.107025201477,10999.340755064582,10640.189264936414,7020.17521457372,6046.800933735139,8461.861573767415,8018.80227137758,5487.510681013567,5203.545919728002,5294.674374710091,5534.948418964222,2106.007781638569,12800.733927681507,4948.271349922309,6318.951833630989,8213.76099177788,1986.755236399609,2071.535048997122,8102.131440185003,7559.014118396923,7956.232132831,7956.232132831,7236.982602733757,4704.649113479538,7529.220218222642,4450.931804599784,8713.146113666362,2155.9932137526766,2686.622231422485,2713.135702216,3934.734537740489,6228.216332389925,3037.588419873895,3037.588419873895,2932.2620637401033,8355.31554835094,8355.31554835094,8132.124428497975,5291.008852814911,3587.22855757251,6987.99232147372,7776.353164978543,6160.647794819799,1606.72921356747,5550.2207545412075,5595.240207858481,790.4019166693852,7983.170121093377,4260.1388900362745,4733.229268465855,3548.5209390952255,3611.783738342589,4477.273575245475,8388.69329849832,2142.4138872856806,6185.737219260182,6009.735733319602,6988.758669852102
420030506001,5693.745148886803,7074.380900903181,10704.831659174657,5326.532596492989,6630.443058021558,12082.912750696089,3075.6377173391243,6543.851153260921,2490.792503981709,7684.339984192593,5467.962877008765,9926.989605676203,4275.925567261008,8883.137937831187,8382.369692715392,7220.660208519957,6271.703516666881,5657.48476714046,2170.2601762113136,5598.087054950088,10928.118020859594,8883.137937831187,2557.980341032275,10596.093342275088,10596.093342275088,10141.458659800903,10924.409172203996,10924.409172203996,7499.313278888442,9662.588703663285,12956.327625612763,7980.381468260684,7007.007187422103,7125.109522366122,6682.050219976287,3868.1577261914167,5556.548488744711,5647.676943726799,7581.7699407987075,540.7307841906413,13760.940181368482,7264.409710598653,8635.090194307328,6877.008940376586,4507.657159644473,4206.141434562513,10623.033363429864,10079.916041641785,6619.480081429707,6619.480081429707,9757.88452597862,7028.536655207493,9381.132413255445,3636.363687044954,11029.284474342703,4676.895136997539,4983.7133787804,5010.2268495739145,6455.636460985353,8544.354693066265,1418.2354650517455,1418.2354650517455,1312.9091089179537,10679.203090078892,10679.203090078892,6795.372377096682,7208.065986269351,5514.896636250838,9304.13068215006,10092.491525654883,8681.54971806466,3903.8203609253833,4213.468703139913,6555.446461545446,1882.5779810218307,6646.418069692084,6781.040813281138,3113.876313643705,2211.7688876939314,2779.2114336587397,6801.16111697343,10704.831659174657,4277.020272851071,5232.784033332927,8325.874093995943,9031.36425878224
420030506002,5347.238085290796,6727.873837307175,10676.457494777162,5279.3673080239805,6602.06889362406,12054.538586298593,3122.624927953,6353.119129145414,2462.4183395842138,7731.327194806467,5420.797588539755,9898.615441278707,3929.4185036650033,8854.763773433691,8353.995528317897,7267.647419133831,5925.196453070875,5629.110602742962,2217.2473868251896,5550.9217664810785,10899.743856462099,8854.763773433691,2604.967551646151,10643.080552888965,10643.080552888965,10188.44587041478,10896.0350078065,10896.0350078065,7308.581254772935,9316.081640067274,12927.953461215267,7789.649444145178,6816.275163306596,6778.602458770116,6335.54315638028,3915.1449368052927,5210.041425148705,5301.169880130793,7628.757151412581,494.19356139280586,13570.208157252971,7236.035546201156,8606.716029909834,6530.50187678058,4479.282995246975,4158.976146093504,10594.659199032369,10051.54187724429,6272.9730178337,6272.9730178337,9729.510361581124,7000.162490809996,9428.119623869323,3289.856623448949,11000.910309945208,4648.520972600042,4955.339214382902,4981.852685176417,6427.262296587855,8515.98052866877,1465.2226756656214,1465.2226756656214,1359.8963195318292,10650.828925681397,10650.828925681397,6448.865313500675,7255.053196883225,5561.883846864712,9275.756517752565,10064.117361257388,8653.175553667166,3875.446196527888,3866.961639543908,6364.714437429939,1854.203816624335,6299.9110060960775,6752.666648883641,3160.863524257581,1865.261824097926,2432.7043700627346,6772.786952575932,10676.457494777162,4229.854984382062,4886.27696973692,8297.499929598445,9078.351469396117
420030509001,6356.449099398331,7891.390648178241,9298.519556618749,4630.307213592672,5247.651552863835,10676.600648140171,3508.265466732914,6622.188968874254,1459.7453689851338,7239.981366028865,4771.737494108447,8520.677503120292,5092.93531453607,7476.8258352752755,7340.11484512882,6051.827371357594,6770.157276078559,4238.382304454668,748.2555205779662,4901.86167204977,9521.80591830368,7476.8258352752755,2990.608090426065,9431.476438017064,9431.476438017064,8976.841755542877,9715.028263708677,9715.028263708677,7577.651094501775,10479.598450938343,11550.015523056845,8058.7192838740175,7085.345003035436,7942.119269641182,7499.059967251346,4300.785475585206,6219.25243925624,6310.3808942383275,6412.937103636344,1155.6122164233825,13839.277996981813,5858.097608042738,7228.778091751418,7375.462699788264,3465.402312057899,3509.916051662193,9580.778515843289,9037.66119405521,7436.489828704766,7436.489828704766,8715.629678392046,5645.745150049769,8407.208902894763,4299.067637556485,9622.97237178679,3642.80055621983,3564.6109160946085,3591.1243868881234,5343.245250677545,7138.042590510356,1850.8632144455341,1850.8632144455341,1745.5368583117424,9273.085644951827,9273.085644951827,7293.826136508362,6168.997537487033,4465.217242244632,7897.818579594151,8686.179423098973,7639.294870478087,2484.7178982395917,5030.478450414976,6633.784277158779,851.5308460252551,7463.427816967143,5738.785965694565,3546.5040630374947,3028.7786349689927,3459.9195712992882,5418.369611815705,9298.519556618749,3580.7948899507514,6033.873052216882,6919.561991440031,7866.747354524224
420030510001,5185.966283559634,7598.274688732356,9890.555224020887,3434.191116100296,5801.051845213453,11268.636315542317,4183.632071955986,5428.868603263494,1856.0155103428228,8024.306835075767,3575.6213966160713,9112.71317052243,4846.341295201654,8068.861502677416,6818.305582416261,6836.152840404496,6842.119244607526,5022.707773501571,1867.5932464865668,3705.745574557395,10113.84158570582,8068.861502677416,3665.974695649137,10215.801907063978,10215.801907063978,9761.167224589788,9360.345061904864,9360.345061904864,6384.330728891016,10187.235322893468,12142.05119045899,6865.398918263258,5892.024637424676,7694.598966118487,6999.658214181428,4976.152080808277,5048.769623417542,5139.89807839963,7197.262572683246,1584.484111357672,12645.957631371044,6289.366382195045,7820.813759153559,7447.424668317231,3282.2696447911667,2313.7999541698196,9046.704024748402,8515.851931342653,7174.89712317042,7174.89712317042,8193.82041567949,6199.145442399389,9191.534371941674,3293.432269248367,10215.008039188933,3378.488543155485,4348.936385141515,4375.4498559350295,5230.248946132048,7730.078257912495,2526.229819668607,2526.229819668607,2420.903463534815,9849.811877270786,9849.811877270786,7365.788105037327,6953.323006533935,5249.542711291537,8489.85424699629,9278.215090501111,7117.48560776553,3269.0433672864983,4783.884431080559,5440.463911548019,1296.3320687021742,6982.743342139895,5137.745312857904,4221.870668260567,2782.1846156345773,2454.2842029911712,5971.769904165325,9890.555224020887,2384.6787924583778,5028.237683908765,7511.597658842172,8651.07282357113
420034315004,15404.680199356299,18225.54181435623,6615.604880117784,12947.639996218508,11678.072074618502,9948.785120097602,12833.487613238067,15647.582519060163,10307.382567272709,7050.0160678851225,12802.888603071568,14831.146508066537,15181.002685394458,13787.294840221513,14458.766456119025,6584.215038332746,16080.70050745907,7437.255977959243,11105.69822463078,12933.012781012892,12563.67091628727,13787.294840221513,13159.475006380657,3297.411736909678,3297.411736909678,2835.161580316128,16025.49726865493,16025.49726865493,16603.044644687685,20813.749617116322,9586.543747484373,17084.11283405992,16110.738553221348,16829.209392976372,17833.211133429337,13134.641226325277,15267.483539214205,15358.611994196295,6212.351072879157,12096.483162047718,22864.6715471677,12168.566612988974,13539.247096697656,15816.863015741059,10584.053923048092,11786.901795265025,16001.786818341383,15519.077241375202,17758.406774461255,17758.406774461255,15764.777140883441,11901.373309638158,4464.969294829048,14529.456488985617,7242.096715397525,10761.452167210025,7930.645247545846,8010.761330524403,11653.714255623781,8913.659157231681,11366.265434747245,11366.265434747245,11260.939078613452,9867.632637956594,9867.632637956594,15539.906533403944,5748.600872407369,7039.403821799686,14194.092979442436,14996.648428045217,14757.946481468294,8987.312547503627,15324.24953450961,15659.177827344689,10960.553413410398,17797.578983145133,12857.437576684764,12752.4161425478,13797.915200412195,13690.308422728414,12011.164844994037,6615.604880117784,11943.01179871221,16264.261903646016,8695.178558161355,3600.8514770130328
420035604001,5841.185000983827,1805.8091736810645,16764.008714432533,10138.480702255772,12674.5053356251,18142.089805953972,6594.419728498311,7468.375444638725,8964.96715538049,13336.776889115965,10279.91098277155,15986.166660934072,3718.3345614424816,14942.314993089054,13522.595168571743,13560.139497730694,6237.032410880547,11986.79894286839,8976.544891524232,10410.035160712874,16987.29507611747,14942.314993089054,6347.462834981974,16935.572631485815,16935.572631485815,16480.937949011626,16064.634648060352,16064.634648060352,8142.72937316016,2851.6712546319663,19015.504680870647,8619.444254001937,8061.350919433928,6089.943459293058,1828.980573824519,7038.221929407314,6003.820823993305,5910.335961242619,13921.249230009442,7579.104837372329,11864.349019419062,13070.354107357924,14694.267249565197,6831.767156566466,10120.08979197754,9018.089540325296,15750.993610903888,15220.14151749814,3871.5425000104465,3871.5425000104465,14898.110001834975,13072.598932811037,15532.885565184893,5914.2683079977505,17088.46152960058,10082.778129310962,11313.027554508331,11339.541025301845,12011.236671294926,14603.531748324134,8089.236478786899,8089.236478786899,7983.9101226531075,16723.26536768243,16723.26536768243,6754.341985745792,13547.545275480088,11854.375925461583,15363.307737407931,16151.66858091275,13821.775193921014,10233.134536653311,3700.1056852537195,7637.128802130897,8405.283713739844,1787.16145735888,11842.03489901338,6645.504789610619,5773.90928128829,5823.847689569384,12845.223394576973,16764.008714432533,9088.968378613854,3362.2352696698968,14385.051149253815,15370.84354799297
420030802001,5998.480892910434,5467.515446941785,12458.761065824017,6930.4128519284,8527.844578877532,13836.84215734544,1316.233215385332,7484.989503086675,4511.775041573251,8058.590376002993,7071.843132444175,11680.919012325561,2527.1592296015183,10637.06734448054,10314.527318244365,8281.952984617727,4057.328413958937,6726.986316599917,4030.274448601053,7201.9673103855,12682.047427508947,10637.06734448054,525.5861850867398,11657.386118372842,11657.386118372842,11202.751435898657,12856.56679773296,12856.56679773296,8440.451628714196,8055.723249701885,14710.257032262107,8921.519818086437,7948.145537247859,5330.284918216557,5075.184766014892,2000.0758949050767,5861.284232768342,5952.41268775043,8643.062716896477,2582.998739419333,13822.191523508276,9018.339117248004,10389.019600956683,4662.633837668642,6528.639697236012,5810.021689997925,12542.925760576496,12012.073667170747,5012.614627468312,5012.614627468312,11690.042151507585,8927.764078072856,10254.699052071926,3941.0994310685865,12783.213880992058,6697.877674589078,6171.424710028888,6160.395115078755,8476.618998576892,10298.28409971562,2550.6160860018554,2550.6160860018554,2445.289729868063,12433.327154157096,12433.327154157096,4580.997274388738,8269.35876236712,6576.1894123486045,11058.060088799419,11846.420932304241,10613.707343593635,5532.740180242147,2464.7023654804234,7496.5848113712,3903.560518613372,5039.552615730689,8633.96704868601,1367.31827649764,1347.0535167062603,2784.489403009374,8700.388539838792,12458.761065824017,5880.900528286483,4387.0319199969,10079.803500645296,10092.657034880003
420030804001,5229.919900084462,4709.819134270664,12454.655989294331,6469.752926258929,8372.518207089606,13832.737080815752,1807.6576874505877,6943.533199491202,4255.976649429275,8550.014848068251,6611.183206774704,11676.813935795872,1801.2320192856,10632.96226795085,9853.867392574899,8773.377456682982,3728.315837603331,7218.410788665172,4267.554385573019,6741.3073847160285,12677.942350979265,10632.96226795085,1287.073084140524,12148.8105904381,12148.8105904381,11694.175907963914,12395.906872063495,12395.906872063495,7898.995325118726,7298.026937030762,14706.151955732426,8380.063514490968,7406.689233652386,4656.310590117718,4317.48845334377,2466.4046417229238,5092.723239942371,5183.8516949244595,9134.487188961733,2870.1143314211095,12996.694921094891,9014.234040718313,10384.914524426995,4333.621261313036,6217.558969562624,5349.361764328453,12082.265834907032,11551.413741501283,4254.91831479719,4254.91831479719,11229.382225838119,8770.611804275542,10746.123524137183,3172.5384382426178,12779.108804462374,6386.796946915691,6662.849182094143,6651.81958714401,8165.538270903503,10294.17902318593,3042.0405580671095,3042.0405580671095,2936.714201933318,12421.27823914695,12421.27823914695,4251.984698033133,8760.783234432374,7067.6138844138595,11053.955012269727,11842.315855774556,10153.047417924168,5669.004506372948,1738.7751551645047,6955.128507775728,3696.293207788627,4281.856303059566,8173.307123016541,1858.7427485628957,886.3935910367901,2246.4341026899715,8543.236266041476,12454.655989294331,5420.240602617011,3561.5353175835107,10075.698424115608,10584.08150694526
420030804002,4898.095154485434,5068.350860059944,11814.9301765388,5830.027113503401,7732.792394334077,13193.011268060221,1928.2360386394623,6384.603764661675,3616.250836673748,8670.593199257124,5971.457394019176,11037.088123040341,2159.7637450748807,9993.23645519532,9214.141579819368,8596.38816673542,4132.836734731871,6782.943099832495,3627.828572817492,6101.581571960501,12038.216538223734,9993.23645519532,1407.651435329399,11976.0372333949,11976.0372333949,11521.40255092071,11756.181059307964,11756.181059307964,7340.065890289198,7656.558662820043,14066.426142976896,7821.13407966144,6847.759798822859,5014.842315906998,4676.02017913305,2586.982992911799,4760.8984943433425,4852.026949325431,8957.49789901417,2230.388518665582,12995.17092878242,8374.508227962782,9745.188711671464,4738.142158441575,5577.833156807096,4709.6359515729255,11442.540022151501,10911.687928745752,4613.45004058647,4613.45004058647,10589.656413082588,8130.885991520012,10866.701875326056,2840.7136926435874,12139.382991706843,5747.071134160163,6109.171711472437,6135.685182265952,7525.812458147975,9654.4532104304,3162.618909255985,3162.618909255985,3057.292553122193,11781.55242639142,11781.55242639142,4656.505595161671,8713.558332864857,7009.778037622461,10414.229199514197,11202.590043019025,9513.321605168638,5029.27869361742,2097.3068809537854,6396.1990729462,3056.5673950330997,4640.388028848847,7533.581310261013,1979.3210997517704,246.66777828126158,1684.1036645843753,7903.510453285949,11814.9301765388,4780.514789861483,3560.0113252710435,9435.972611360077,10411.308149902054
420030806001,5682.001702988813,4261.936009250511,12995.80339601546,7100.28132548382,9003.046606314496,14373.884487536883,1853.2755455767763,7501.743212003649,4886.505048654167,8595.632706194441,7241.711605999595,12217.961342517005,1321.5797919102463,11174.109674671983,10484.39579179979,8818.995314809168,2827.380335546735,7264.028646791363,4695.942504013622,7371.83578394092,13219.08975770039,11174.109674671983,1474.5104976094985,12194.428448564286,12194.428448564286,11739.7937660901,13026.435271288387,13026.435271288387,8176.097140525083,6850.143812010611,15247.29936245355,8652.81202136686,8013.928294909196,4100.602506620626,3869.60532832362,2312.6109580430416,5544.805042846722,5635.933497828811,9180.10504708792,3248.666794831903,12918.36401279641,9555.381447439448,10926.061931148126,3432.6857592564397,6848.0873687875155,5979.890163553345,12712.794234131923,12181.942140726174,3807.035189777041,3807.035189777041,11859.91062506301,9401.140203500434,10791.74138226337,3760.8546475703142,13320.256211183501,7017.325346140582,6708.467040220334,6697.437445270201,8796.066670128394,10835.326429907063,3216.2841414144254,3216.2841414144254,3110.9577852806337,12970.36948434854,12970.36948434854,3351.0491959765363,8806.401092558563,7113.231742540051,11595.102418990862,12383.463262495685,10783.57581714906,6069.782510433593,1259.1229277891512,7562.367569032538,4326.821607013519,3833.9731780394172,8803.835522241432,1904.360606689084,1516.9219902616805,2853.6731639467807,9173.764665266368,12995.80339601546,6050.7690018419025,3483.2044092850338,10616.845830836739,10629.699365071447
420030807001,5424.5466934554715,3782.8256905544376,13356.312209906315,7371.409146870911,9274.174427701588,14734.393301427735,2287.4938810901376,7244.288202470308,5157.632870041258,9029.851041707801,7512.839427386686,12578.470156407855,738.2865615926627,11534.618488562834,10755.523613186882,9253.213650322532,2593.87738016364,7698.246982304723,5169.210606185002,7642.963605328011,13579.598571591248,11534.618488562834,2063.9333322325456,12628.646784077648,12628.646784077648,12174.012101603463,13297.563092675478,13297.563092675478,7918.642130991741,6371.033493314537,15607.80817634441,8395.357011833521,7837.263677265509,3512.387466084625,3390.495009627545,2746.8292935564045,5287.350033313381,5378.478488295469,9614.323382601282,3771.770552033093,12660.90900326307,9915.890261330294,11286.570745038978,3188.612125849559,7119.2151901746065,6251.017984940436,12983.922055519015,12453.069962113266,3322.6581722281044,3322.6581722281044,12131.038446450102,9672.268024887524,11225.95971777673,4026.1629830579755,13680.765025074357,7288.453167527673,7142.685375733694,7131.655780783562,9067.194491515484,11195.835243797914,3781.113322283549,3781.113322283549,3675.7869661497575,13322.934459758933,13322.934459758933,3111.1869550288848,9240.619428071926,7547.450078053411,11955.61123288171,12743.972076386539,11054.703638536152,6504.000845946954,881.5334107078153,7413.04155996248,4597.9494284006105,3354.8628593433423,9074.96334362852,2338.5789422024454,1824.9636850626362,3119.0837222934992,9444.89248665346,13356.312209906315,6321.8968232289935,3225.749399751692,10977.354644727591,11063.917700584809
420030807002,5040.625013589438,3955.8584545964836,12972.39053004028,6987.4874670048775,8890.252747835553,14350.4716215617,2465.0357592098753,6860.366522604274,4773.711190175224,9207.392919827538,7128.9177475206525,12194.54847654182,1027.7393541470574,11150.696808696799,10371.601933320848,9430.755528442274,2952.733366730556,7875.788860424461,4785.288926318968,7259.041925461977,13195.676891725214,11150.696808696799,1965.68253748087,12806.188662197388,12806.188662197388,12351.553979723203,12913.641412809444,12913.641412809444,7534.720451125708,6544.066257356584,15223.886496478375,8011.4353319674865,7453.341997399475,3871.2434526515412,3563.527773669591,2967.9862089840153,4903.428353447347,4994.5568084294355,9791.865260721024,3387.848872167059,12276.987323397036,9531.96858146426,10902.649065172944,3547.4681124164754,6735.293510308573,5867.096305074402,12600.00037565298,12069.148282247232,3500.957635123012,3500.957635123012,11747.116766584068,9288.34634502149,11403.501595896472,3642.241303191942,13296.843345208323,6904.531487661639,7266.632064973914,7293.145535767429,8683.272811649449,10811.91356393188,3720.6500114074565,3720.6500114074565,3615.323655273665,12939.012779892899,12939.012779892899,3470.042941595801,9418.161306191667,7724.9919561731485,11571.689553015676,12360.050396520504,10670.781958670117,6186.739047118896,965.2824900259621,7029.119880096447,4214.027748534577,3527.8956233853883,8691.041663762486,2516.120820322183,1441.0420051966023,2735.1620424274656,9060.970806787425,12972.39053004028,5937.97514336296,2841.8277198856586,10593.432964861557,11241.45957870455
420030809001,5809.994198160919,4824.686624394551,12435.16641675316,6741.926157178886,8504.249929806678,13813.247508274582,1292.6385663144745,7296.50280833716,4528.149880349234,8034.995726932138,6883.356437694661,11657.324363254704,1884.3304070542845,10613.472695409682,10126.040623494851,8258.35833554687,3414.4995914117035,6703.391667529061,4108.6491756711075,7013.4806156359855,12658.45277843809,10613.472695409682,887.2171692669835,11633.791469301985,11633.791469301985,11179.1567868278,12668.080102983447,12668.080102983447,8251.964933964682,7412.894427154651,14686.66238319125,8733.033123336925,7759.658842498344,4687.456095669323,4432.355943467658,1756.0896528861424,5672.797538018827,5763.925993000916,8619.46806782562,2661.373466489388,13478.942218229593,8994.744468177147,10365.424951885825,4019.8050151214084,6489.732200482581,5621.53499524841,12354.439065826984,11823.586972421235,4369.785804921078,4369.785804921078,11501.555456758071,9006.138805142913,10231.104403001069,3752.6127363190717,12759.6192319212,6658.9701778356475,6147.830060958032,6136.8004660079,8437.711501823458,10274.689450644762,2628.990813071911,2628.990813071911,2523.6644569381187,12409.732505086238,12409.732505086238,3938.168451841505,8245.764113296262,6552.594763277749,11034.465439728561,11822.826283233384,10425.22064884412,5509.145531171292,1821.8735429331894,7308.098116621685,3968.466438708584,4396.723793183454,8445.480353936497,1343.7236274267827,1158.5668219567463,2596.0027082598594,8778.763266908849,12435.16641675316,5692.413833536968,4043.782614718213,10056.208851574438,10069.062385809146
420030809002,5970.4387299639075,4427.120046275233,12747.156398975076,7218.369857618386,8816.239912028592,14125.237490496498,1604.628548536393,7692.1501308506595,5004.593580788733,8346.985709154054,7359.800138134161,11969.31434547662,1382.5809173134576,10925.462677631598,10602.484323934357,8570.348317768785,2816.821402962762,7015.381649750978,4577.906352329001,7489.924316075486,12970.442760660006,10925.462677631598,1384.9331196595504,11945.7814515239,11945.7814515239,11491.146769049716,13144.523803422953,13144.523803422953,8470.423498862669,7015.327849035333,14998.652365413165,8947.138379704451,8155.306165011843,4105.792849182173,4034.789365348341,2063.9639610026593,5833.242069821817,5924.370524803905,8931.458050047535,3130.6306431472817,13212.690371133998,9306.734450399063,10677.414934107741,3422.126826672467,6966.175900922081,6097.978695687911,12830.88276626649,12300.030672860741,3959.9850063802583,3959.9850063802583,11977.999157197577,9341.583593434216,10543.094385222985,3913.0572681220638,13071.609214143116,7135.413878275148,6459.820043179949,6448.790448229816,8791.882093033873,10586.679432866678,3098.247989729804,3098.247989729804,2992.9216335960123,12721.722487308154,12721.722487308154,3340.4902633925635,8557.75409551818,6864.584745499666,11346.455421950477,12134.8162654553,10901.664349283627,5821.135513393208,1525.8277664286104,7703.745439135186,4444.910139148085,3999.157215064138,8921.924054376,1655.713609648701,1635.010522396248,2995.0510340494293,9114.208055200153,12747.156398975076,6168.857533976468,3777.5307676226207,10368.198833796354,10381.052368031062
420032814001,13109.858909879598,16826.11580626769,1474.878908060953,9806.298771882184,6895.68827402282,2867.0420452698704,11980.746466084609,13352.76122958346,8492.571433200379,10765.201866889704,9659.011235574568,8083.847447227534,14031.90093057903,7513.751287479514,10911.099576773102,10299.400837337327,15747.55422595078,8945.421397125658,9303.677450688318,9789.13541351589,5468.1693009521905,7513.751287479514,12291.786061287687,7216.152079418897,7216.152079418897,6550.347379320707,9652.085236940447,9652.085236940447,14308.223355210981,19415.076440428813,2776.9713048647245,14789.291544583224,13815.917263744645,16881.084885684144,16227.499331716765,12281.900079171819,12972.662249737506,13063.790704719597,9927.536871883736,10460.796211391787,20569.850257691025,8371.339032684933,8498.920905638857,16352.642952911889,7552.239376192421,8810.457799524467,11358.909884966675,10975.202088907597,16375.455444747728,16375.455444747728,11815.29729056249,6455.149628328157,8180.155093833629,12521.273386783698,1652.8325497235678,7701.618947153885,8415.778631811108,8442.292102604622,7856.486675319739,3467.435475921675,10492.012916810358,10492.012916810358,10386.686560676566,2772.131022621517,2772.131022621517,16097.657444052822,9463.78667141195,9179.608959829282,7098.591364107354,8249.349367206216,11210.27960212237,7261.023301584702,13969.444066457936,13364.356537867987,9145.74227933806,16210.584459675229,9309.770697338849,11899.674995394342,11967.744251011953,11682.1253205265,6564.941163684031,1474.878908060953,8808.977103607382,14256.078801444093,3321.8438367694134,7316.0372760176115
420032815001,11872.352367997002,15588.609264385093,2598.424523844918,8568.792229999584,5305.097755065868,2337.055355396598,10743.239924202011,12115.254687700864,7255.064891317777,10838.988086605805,8421.504693691968,6459.720637730549,12794.394388696433,5889.624477982529,9673.593034890506,9322.769060478771,14510.047684068184,7707.914855243056,8066.170908805718,8551.628871633293,3844.042491455207,5889.624477982529,11054.279519405089,8570.859578205824,8570.859578205824,7905.054878107635,8027.958427443458,8027.958427443458,13070.716813328385,18177.569898546204,3421.0491429631675,13551.785002700628,12578.410721862048,15643.578343801546,14989.992789834167,11044.393537289223,11735.155707854909,11826.284162837,9683.878792757521,9223.289669509188,19332.343715808416,7133.832490802331,6874.794096141874,15115.136411029293,6314.73283430982,7572.951257641866,9734.783075469692,9351.075279410614,15137.94890286513,15137.94890286513,10191.170481065506,4864.559109371205,9534.862592620553,11283.7668449011,2696.8101581651435,6464.112405271282,7178.272089928507,7204.785560722021,6618.980133437137,1876.8449569647244,9254.506374927758,9254.506374927758,9149.180018793966,1148.004213124532,1148.004213124532,14860.150902170226,9645.882713189087,7942.10241794668,5474.464554610369,6625.222557709231,9956.37255771989,6023.516759702099,12731.93752457534,12126.84999598539,7908.2357374554595,14973.07791779263,8072.264155456249,10662.168453511746,10730.237709129357,10444.618778643904,4974.350644727079,2598.424523844918,7571.47056172478,13018.572259561497,1731.2533178124634,8670.744774804538
420032901001,9805.956408068298,13439.965853529997,10766.36316989621,4711.667011749274,4887.144512506006,10613.200998225479,10397.06155664846,10048.858727772158,6025.373059864222,10715.989932304316,3522.8131138699086,4370.590194897417,11147.94825010089,5103.985614957005,722.9809287937628,9265.317090038512,13282.15387638858,7584.916700941582,7200.536332321504,3463.4646160539974,6981.240731539456,5103.985614957005,10064.923352271484,12644.96615669798,12644.96615669798,12190.331474223794,3527.6448386839324,3527.6448386839324,11004.320853399679,16028.926487691107,13017.859136334308,11485.389042771923,10512.014761933342,13933.147338159488,12841.34937897907,10698.215169735668,9668.759747926206,9759.888202908294,9626.426822317262,7993.59783805563,11924.6072768429,3455.676570857779,4163.26409797967,13887.459300098286,4008.5084042014564,4638.301499376979,2972.3950522295904,2683.1517081217185,13408.096052665162,13408.096052665162,2098.4957620569894,5518.708577112137,11761.095924295338,9005.28151823125,11090.815985064253,4056.8062971246404,7051.957250816674,7078.470721610189,3489.428671983635,8304.657323765008,8880.327857926583,8880.327857926583,8775.001501792793,9592.993239764704,9592.993239764704,13805.82273681838,9522.884558887601,7819.104263645206,5524.978359275881,4236.007748869644,1022.1609541430305,5815.635697157628,11083.153388978457,10060.454036056683,6678.543906001905,12824.434506937534,1864.1289120437827,10315.990085958194,9222.219247415633,8167.460492725999,5435.385261985005,10766.36316989621,4631.91065806094,10741.826071149888,8387.405604717502,11080.237073205139
420034211004,16275.41036675339,13403.816207937678,21010.265776452517,17299.875004058253,17079.349289506034,22388.346867973934,9904.41867735442,18081.56546833841,14453.96984147136,13996.843165606344,17441.30528457403,20232.423722954063,11073.83753949506,19188.572055109053,19571.31727389326,16818.509897306707,8496.50035370895,15263.543229288898,13972.469248499165,17571.429462515356,21233.552138137453,19188.572055109053,10864.560242849278,16711.803238780387,16711.803238780387,17533.054201608153,21426.77448354245,21426.77448354245,18755.91939685984,15716.317730873001,23261.7617428906,19232.63427770162,18581.911865425333,9245.009239226249,13152.613156113257,9418.389388410757,16138.2137066113,16229.342161593388,17179.61962958546,12525.193539317443,23498.18626913116,17569.84382787651,18940.52431158519,8232.662861990935,15696.604740822335,16179.483842127778,21403.0640332289,20920.354456262725,11930.216095323176,11930.216095323176,20946.832107156482,17606.242834897424,15743.227380899596,14574.86575924604,21334.71859162056,15874.002984984265,14707.98162271787,14696.95202776774,17054.99147051131,18849.78881034413,12274.027101393316,12274.027101393316,12168.700745259524,20984.831864785596,20984.831864785596,7955.7063796538205,15776.709625951302,15112.746325037588,19609.56479942792,20397.925642932743,19870.49729924253,14084.244890870643,11249.552840363824,18130.351139548668,13845.755318511481,13112.399326976793,17969.988394459015,9962.397865828301,11980.819844883714,13418.255731186826,17378.867296663357,21010.265776452517,16250.362680416336,14063.02666561979,18631.3082112738,16897.23701532384
420034230002,13845.239205130423,10973.645046314714,18580.094614829537,14869.70384243529,14649.17812788307,19958.175706350954,7474.24751573145,15651.39430671544,12023.798679848396,11566.672003983378,15011.134122951065,17802.252561331083,8643.666377872092,16758.400893486076,17141.14611227028,14388.338735683747,6066.3291920859765,12833.372067665934,11542.298086876199,15141.258300892388,18803.380976514472,16758.400893486076,8434.38908122631,14281.632077157425,14281.632077157425,15102.883039985183,18996.60332191947,18996.60332191947,16325.748235236868,13286.146569250035,20831.59058126762,16802.463116078645,16151.740703802358,6814.838077603276,10722.441994490291,6988.218226787784,13708.042544988333,13799.170999970422,14749.448467962497,10095.022377694479,21068.01510750818,15139.672666253542,16510.353149962215,5802.491700367963,13266.433579199369,13749.312680504812,18972.89287160592,18490.183294639744,9500.044933700212,9500.044933700212,18516.660945533502,15176.071673274455,13313.05621927663,12144.694597623075,18904.54742999758,13443.8318233613,12277.810461094907,12266.780866144774,14624.820308888347,16419.617648721152,9843.855939770352,9843.855939770352,9738.52958363656,18554.660703162615,18554.660703162615,5525.535218030848,13346.538464328336,12682.575163414622,17179.39363780494,17967.754481309763,17440.326137619548,11654.073729247679,8819.381678740856,15700.179977925696,11415.584156888517,10682.228165353827,15539.817232836043,7532.226704205329,9550.64868326075,10988.08456956386,14948.69613504039,18580.094614829537,13820.191518793372,11632.855503996823,16201.137049650828,14467.065853700879
420031401002,2875.4069409219483,4622.790157026423,12917.292134903397,6163.661345170122,8782.47003667189,14295.373226424828,4523.427690200281,5037.361449000692,5282.922420183519,11141.681424913448,6305.091625685898,12139.450081404942,3120.3112243082687,11095.598413559925,9547.775811486088,9876.762277901693,5350.884965495185,8140.082363339257,5294.500156327263,6435.215803627222,13120.8401958039,11095.598413559925,4002.843086890218,13256.411344561166,13256.411344561166,12801.77666208698,12089.815290974693,12089.815290974693,5932.768213344051,7188.032851580655,15168.788101341499,6409.48309418583,5653.518856632535,5824.849253601303,3961.0041119732728,5182.174644472619,2738.2102807798574,2829.338735761946,10237.87201018045,4065.431072237035,10798.060680044264,9095.534750272269,10847.550670036067,5945.619711181104,6208.300626853213,5043.270183239649,11776.17425381823,11245.322160412481,5299.797968106974,5299.797968106974,10923.290644749319,9225.882353281899,12308.908961779347,2109.366407192931,13241.744950071443,6107.958772225312,7466.310974979199,7492.824445772714,8036.417314209276,10756.815168795005,5018.297128109514,5018.297128109514,4912.9707719757225,12876.548788153297,12876.548788153297,5868.19454036043,10070.697596371618,8366.917301129222,11516.5911578788,12304.952001383619,9846.955836835357,6386.41795712418,3055.516363185837,5229.296739329505,4723.238978542871,3944.0892399317395,7867.215541927732,4574.51275131259,2651.564292347314,1849.0283324837285,8998.506815047836,12917.292134903397,5114.149021528207,1368.8568269680006,10538.334569724684,11691.682261068327
420031402001,3744.8210511712505,3453.6670087573075,13833.00227307756,7207.4742609008035,9743.498894270131,15211.08336459899,4251.424145476182,5372.0114948261535,6033.960714025524,10993.78130609384,7348.904541416579,13055.160219579104,1800.6877495218012,12011.308551734086,10591.588727216775,10792.472416075863,4373.72929164245,9055.792501513422,6045.538450169268,7479.028719357903,14056.288634762494,12011.308551734086,3734.3508366432366,14172.121482735329,14172.121482735329,13717.486800261142,13133.628206705383,13133.628206705383,6046.365423347588,6042.627642918422,16084.498239515662,6523.080304189367,5964.9869696213555,4395.509870315907,2855.0505342063793,4888.4766170911535,3829.2080206434866,3813.972011430042,11153.58214835461,4648.098396017359,10788.632295618914,10139.347666002956,11763.260808210229,4968.464037328373,7189.083350622571,6087.083098970331,12819.98716954892,12289.135076143171,3870.4585848215793,3870.4585848215793,11967.103560480007,10141.59249145607,13189.889982162775,3460.7283400423644,14157.455088245606,7151.771687955993,8382.021113153363,8408.53458394688,9080.230229939958,11672.525306969166,5489.318310569823,5489.318310569823,5383.99195443603,13792.258926327459,13792.258926327459,4891.038866507698,10986.407734545784,9282.62743930339,12432.301296052963,13220.662139557782,10890.768752566046,7302.1280952983425,1699.8755815533398,5540.764852318326,5474.277272384877,2838.135662164846,8911.028457658413,4302.50920658849,3028.2820655947944,2892.8412482144136,9914.216953222005,13833.00227307756,6157.961937258889,1353.4726921075396,11454.044707898847,12607.392399242488
420031402002,3536.91643482755,3805.6439385010513,13073.070657433642,6447.542645256883,8983.567278626213,14451.151748955072,3815.261788990472,5540.890006811132,5274.029098381603,10557.61894960813,6588.9729257726585,12295.228603935186,2035.829903901061,11251.376936090168,9831.657111572857,10032.540800431945,4266.4036450879785,8295.8608858695,5285.606834525347,6719.0971037139825,13296.357019118575,11251.376936090168,3298.1884801575266,13412.18986709141,13412.18986709141,12957.555184617224,12373.696591061465,12373.696591061465,6215.243935332565,6394.604572662164,15324.566623871744,6691.958816174344,6133.865481606333,4740.367933194097,3207.0274639501226,4452.314260605442,3399.719774685459,3490.8482296675475,10393.650532710692,3888.1667803734376,10957.51080760389,9379.416050359037,11003.32919256631,4861.138390773898,6429.15173497865,5327.15148332641,12060.055553905002,11529.203460499253,4215.316647699768,4215.316647699768,11207.17194483609,9381.660875812151,12464.687484309592,2783.8349957877167,13397.523472601688,6391.840072312072,7622.089497509442,7648.6029683029565,8320.298614296036,10912.593691325248,4841.032836245915,4841.032836245915,4735.706480112123,13032.32731068354,13032.32731068354,4783.713219953224,10226.476118901866,8522.695823659467,11672.369680409045,12460.730523913864,10130.837136922128,6542.196479654422,1971.0350427786295,5709.643364303304,4714.345656740956,3190.1125919085894,8151.096842014493,3866.3468501027796,2305.5833344319944,2132.9096325704922,9154.285337578087,13073.070657433642,5398.030321614968,1522.351204092515,10694.11309225493,11847.46078359857
420031403003,3039.3159607646894,3594.96618756271,13677.51182804198,6923.8810383087,9542.689729810469,15055.592919563409,4543.149223548362,4666.506404419593,5979.8120893117975,11285.506384166021,7065.311318824475,12899.669774543523,2543.9287350634604,11855.818106698505,10307.995504624667,10636.981971040275,4980.704672216044,8900.302056477836,5991.389825455542,7195.4354967658,13881.059888942482,11855.818106698505,4026.0759147154145,14016.631037699748,14016.631037699748,13561.996355225561,12850.034984113276,12850.034984113276,5340.860332941028,6160.2088821169455,15929.007794480081,5817.575213782807,5259.481879214795,5138.750855857565,2933.180142509561,5180.20169516333,3186.593286265903,3108.4669210234806,10998.09170331903,4593.949771303633,10083.127205212353,9855.754443410848,11607.770363174648,5575.439417901964,6968.5203199917905,5803.489876378226,12536.393946956812,12005.541853551063,4506.565040437359,4506.565040437359,11683.5103378879,9986.10204642048,13069.12865491793,2989.8566445165397,14001.964643210025,6868.17846536389,8226.530668117777,8253.044138911291,8796.637007347856,11517.034861933585,5546.815827176109,5546.815827176109,5441.489471042318,13636.768481291878,13636.768481291878,5498.014247081289,10830.917289510198,9127.136994267801,12276.810851017382,13065.171694522202,10607.175529973938,7146.637650262757,2443.116567094999,4835.259761911766,5420.12864767115,2916.2652704680277,8627.435235066312,4594.23428466067,3011.3663253621885,2609.2480256223084,9758.726508186417,13677.51182804198,5874.3687146667835,647.9676017009788,11298.554262863267,12451.901954206907
420031404001,4588.989279945377,2188.7061502849633,14851.482748321658,8225.954736144902,10761.979369514229,16229.563839843087,4870.456686678922,6216.179723600283,7052.441189269622,11612.81384729658,8367.385016660679,14073.640694823202,1994.371519623094,13029.789026978184,11610.069202460872,11810.952891319961,4524.08425747301,10074.27297675752,7064.018925413366,8497.509194602004,15074.769110006591,13029.789026978184,4623.499793162585,15190.601957979427,15190.601957979427,14735.96727550524,14152.108681949481,14152.108681949481,6890.533652121718,4753.948844839197,17102.97871475976,7367.2485329634965,6809.155198395485,4376.995305885522,1526.9201052318133,5314.258887587925,4738.664351007827,4658.14024020417,12172.062623598707,5666.578871261457,11514.171358202653,11157.828141247053,12781.741283454327,5118.819003158928,8207.56382586667,7105.563574214429,13838.467644793018,13307.615551387269,3100.305003159612,3100.305003159612,12985.584035724105,11160.072966700167,13808.922523365509,4444.792071726878,15175.935563489704,8170.252163200091,9400.501588397461,9427.015059190975,10098.710705184056,12691.005782213264,6365.27343696751,6365.27343696751,6259.947080833718,14810.739401571556,14810.739401571556,5041.3938323382545,11823.582233660703,10130.412883642199,13450.781771297061,14239.14261480188,11909.249227810144,8320.608570542441,1976.142643434332,6384.933081092456,6492.757747628974,1510.00523319028,9929.50893290251,4921.54174779123,4038.0204414554964,3911.3217234585104,10932.697428466103,14851.482748321658,7176.442412502986,2108.17190538799,12472.525183142945,13625.872874486586
420031404002,4133.987602001954,2579.9069647007095,14541.125117986061,7787.494328252784,10406.30301975455,15919.20620950749,5399.823062368695,5761.178045656859,6843.425379255881,12142.180222986353,7928.924608768561,13763.283064487605,2581.855347919727,12719.431396642587,11171.608794568749,11500.595260984357,5108.257977384464,9763.915346421916,6855.003115399626,8059.048786709884,14744.673178886564,12719.431396642587,4882.8067195026315,14880.24432764383,14880.24432764383,14425.609645169643,13713.648274057357,13713.648274057357,6435.531974178293,5145.149659254945,16792.621084424165,6912.246855020072,6354.153520452061,4961.169025796975,1918.1209196475606,5859.1584748349605,4283.662673064402,4203.138562260746,11861.704993263113,5457.563061247716,11059.169680259227,10719.36773335493,12471.38365311873,5702.992723070382,7832.133609935874,6667.103166322311,13400.007236900894,12869.155143495145,3491.5058175753597,3491.5058175753597,12547.123627831981,10849.715336364561,13932.741944862011,3989.790393783455,14865.577933154107,7731.791755307973,9090.143958061859,9116.657428855375,9660.250297291934,12380.648151877667,6410.429117120193,6410.429117120193,6305.102760986401,14500.38177123596,14500.38177123596,5625.567552249709,11694.53057945428,9990.750284211883,13140.424140961464,13928.784984466283,11470.78881991802,8010.250940206843,2525.623306496117,5929.931403149031,6283.741937615234,1901.2060476060274,9491.048525010392,5450.908123481003,3874.979615306272,3472.8613155663925,10622.339798130499,14541.125117986061,6737.982004610869,1653.170227444566,12162.167552807348,13315.515244150989
420039822001,3639.7597196142865,5761.9162938578675,10821.71391878758,4221.847234464223,6732.210539980153,12199.79501030901,3549.8688117030106,4972.330869837723,3164.9006810147657,9046.103208797633,4363.277514979998,10043.871865289124,3427.8860057506936,9000.02019744411,7605.961700780192,7781.184061785883,5555.849198502227,6044.5041472234425,3176.4784171585097,4493.401692921323,11045.000280472514,9000.02019744411,3029.284208392948,11160.833128445349,11160.833128445349,10706.198445971162,10148.001180268786,10148.001180268786,5927.792995465243,8350.876928018977,13073.209885225682,6408.861184837485,5435.4869039989035,6213.085093809293,5163.29981930694,4208.615765975346,3502.5630594721947,3593.691514454283,8142.293794064635,1946.886856709895,11980.732420579048,7153.7206395663725,8751.972453920254,6161.154622211931,4177.79499633259,3101.456072533748,9834.360143112322,9303.508049706574,5688.033808314966,5688.033808314966,8981.47653404341,7130.304137166089,10213.33074566353,1582.37825777244,11146.166733955626,4166.144661519411,5370.732758863385,5397.246229656899,6094.603203503378,8661.236952679194,2899.7529125823708,2899.7529125823708,2794.426556448579,10780.970572037479,10780.970572037479,6079.518058932027,7975.119380255806,6271.339085013409,9421.012941762983,10209.373785267802,7905.141726129461,4290.8397410083635,3363.0911446282616,4983.9261781222485,2605.217239374117,5146.3849472654065,5925.401431221834,3600.9538728153184,1495.91456952928,725.2260043862249,6902.928598932025,10821.71391878758,3172.3349108223056,3267.3021521287396,8442.756353608871,9596.104044952508
420035630001,15810.94848484602,19527.205381234107,3920.612548360017,12507.38834684861,9277.08248682245,4165.151126657141,14681.83604105103,16053.850804549882,11193.6610081668,13563.383982044046,12360.100810540991,10227.423848403312,16732.99050554545,9657.327688655294,13612.189151739523,13097.582952491668,18448.64380091721,11646.51097209208,12004.767025654743,12490.224988482316,7611.7457021279715,9657.327688655294,14992.875636254108,10014.334194573235,10014.334194573235,9348.529494475044,11795.66163811622,11795.66163811622,17009.312930177402,22116.166015395218,1051.686005156354,17490.38111954965,16517.006838711066,19582.174460650564,18928.58890668318,14982.98965413824,15673.751824703928,15764.880279686018,12725.718987038077,13161.88578635821,23270.93983265743,11072.428607651353,10642.49730681464,19053.732527878306,10253.328951158841,11511.547374490889,13502.48628614245,13118.77849008337,19076.545019714144,19076.545019714144,13958.873691738265,8836.543841127786,10978.337208987969,15222.36296175012,3926.1817464145524,10402.708522120303,11116.868206777528,11143.381677571044,10557.576250286158,5848.829688721307,13193.10249177678,13193.10249177678,13087.77613564299,4915.707423797297,4915.707423797297,18798.747019019243,12261.96878656629,11880.698534795705,9242.167765283133,10392.925768381994,13724.075768392648,9962.112876551122,16670.533641424357,16065.446112834408,11846.831854304482,18911.674034641648,12010.860272305274,14600.764570360763,14668.833825978374,14383.214895492922,8946.335376483663,3920.612548360017,11510.066678573803,16957.168376410515,5703.238049569046,10114.21939117195
420034772004,13426.843978169334,18355.594653734766,14584.056397696648,9483.239756776144,8815.105845183773,12185.229952736861,14866.981926907545,11438.750843065778,11034.685070682666,14962.730089311339,8301.894569346781,5678.722711764822,16063.577050305665,7606.991105366278,5153.019953860354,13446.511063184309,18197.78267659335,11831.656857948601,12189.91291151126,8171.420500916058,8847.455798141818,7606.991105366278,15074.23536308993,16826.160129843778,16826.160129843778,16371.525447369593,4623.617934829776,4623.617934829776,10773.00141533708,20202.182768888077,15177.707217632007,11269.053743500328,10712.954129061594,18848.776138364257,17756.978179183843,15168.135539994757,13563.767855222424,13470.282992471739,13807.620795463059,13002.909848874071,10462.524199951034,7600.363939105648,6406.113845383323,18803.088100303055,9017.8204150199,9553.930299581738,2938.1535105212215,3445.5615330225874,18323.72485286993,18323.72485286993,4255.270162156281,9320.792978713478,16007.836081302357,13920.910318436017,14682.442032016874,9066.118307943083,11302.01409263405,11328.527563427564,7959.590741596738,12044.343245438804,13378.2483776333,13378.2483776333,13272.922021499504,11165.022194276089,11165.022194276089,18721.45153702315,13769.62471589462,12065.844420652225,7276.182377641511,5527.079000674361,4853.8399285110845,10147.258762407644,15998.782189183232,11090.617497237983,11687.855916820346,17740.063307142307,6873.440922862228,14785.91045621728,14137.8480476204,13083.089292930765,9310.400355809808,14584.056397696648,9547.539458265699,15460.971358611809,12296.094463025029,15261.43104635094
420035624001,9557.438287156634,13191.447732618335,10018.213154156176,4463.148890837603,3923.112835070206,9493.976258793688,10031.60551925135,9800.340606860498,5659.917022467102,10282.946801383632,3274.2949929582396,5004.553884761526,10899.430129189228,3984.760875525208,2169.3230455592916,8766.7277752566,13033.635755476918,7151.87357002089,6835.080294924383,3218.9932740818995,5862.015992107657,3984.760875525208,9699.467314874373,12146.376841916075,12146.376841916075,11691.74215944189,4711.362525047896,4711.362525047896,10755.802732488017,15780.408366779446,12269.709120594272,11236.870921860262,10263.49664102168,13684.629217247826,12592.831258067408,10332.759132338559,9420.241627014542,9511.37008199663,9127.83750753535,7628.141800658509,13370.949393608427,2406.5066557180044,3596.133346778663,13638.941179186624,3643.0523668043406,4389.7833784653085,4409.986716273762,3866.8693944856823,13159.5779317535,13159.5779317535,3544.8378788225164,4554.676899676336,11328.052793374654,8756.763397319583,10342.665969324218,3767.529747734716,6622.23080470634,6648.744275499855,2440.2587568438603,7340.625646329204,8514.871820529468,8514.871820529468,8409.545464395676,8473.768500332912,8473.768500332912,13557.304615906718,9089.841427966914,7386.061132724514,4405.753619844083,5111.943174743328,2468.503070908559,5450.179659760507,10834.635268066795,9811.935915145023,6313.0878686047845,12575.916386025872,1565.838019777226,9950.534048561085,8973.701126503967,7918.942371814327,4471.353584549203,10018.213154156176,4383.392537149269,10493.307950238226,7592.3768639154305,10581.647758423233
420034731001,14235.35749352296,17951.614389911058,8179.32648763229,9572.77036939215,6985.171727943611,5739.607995963361,13106.245049727971,14478.259813226823,9618.070016843738,13201.993212131763,8477.591909507297,3130.905894445452,15157.39951422239,3394.9166250561657,6777.5046797236355,11685.774186004726,16873.052809594144,10070.919980769017,10429.176034331676,8422.290190630956,2851.6580603517823,3394.9166250561657,13417.28464493105,14152.692968815805,14152.692968815805,13486.888268717617,4683.085421800828,4683.085421800828,15433.721938854344,20540.575024072168,8772.977307567651,15914.790128226587,14941.415847388005,18006.58346932751,17352.997915360127,13407.398662815183,14098.160833380867,14189.289288362957,12046.883918283473,11586.294795035144,16696.469938765007,6679.882069370686,4154.170711953533,17478.141536555253,8273.616200340282,9318.784029969022,6389.910069827061,6006.202273767982,17500.95402839109,17500.95402839109,6861.345256954937,7009.5403805480055,14247.099204122782,13646.77197042706,8277.712121952516,8398.093581270658,9541.277215454467,9567.790686247981,6335.702899720216,5639.613335374442,11617.511500453715,11617.511500453715,11512.185144319923,4760.292284211724,4760.292284211724,17223.156027696186,12008.887838715038,10305.10754347264,2833.4381001162847,3276.3296824331765,6626.54733360932,8386.521885228065,15094.942650101295,14489.855121511348,10271.24086298142,17336.08304331859,6864.075257394632,13025.173579037706,13093.242834655315,12807.623904169865,7053.506953847596,8179.32648763229,9312.393188652983,15381.577385087456,5891.364552960667,13500.694169171364
420035620001,4263.20931751813,5506.391262803181,11384.004058168392,5122.200388606924,7301.866275963665,12762.085149689812,2712.7321779675976,5812.416392975684,3185.324718303337,9018.432975308495,5263.630669122699,10606.162004669932,2722.9346153609413,9562.31033682491,8506.314854922892,8165.462048365009,4718.712564766814,6352.016981462084,3196.902454447081,5393.754847064024,11607.290419853325,9562.31033682491,2192.1475746575343,11545.11111502449,11545.11111502449,11090.4764325503,11048.354334411488,11048.354334411488,6767.878518603203,8094.59906556328,13635.500024606486,7248.946707975446,6275.5724271368645,5571.192286277775,5038.945088813753,3371.479132239934,4126.012657376037,4217.141112358126,8526.571780643759,1799.462400295171,12604.18201848289,7943.582109592372,9314.262593301055,5324.017988476518,5088.172156409065,4001.8092266764493,10734.713297255024,10203.861203849276,5051.490443329707,5051.490443329707,9881.829688186112,7699.959873149601,10520.843579902186,2205.8278556762843,11708.456873336434,5066.497815662114,5678.245593102026,5704.759063895541,6994.95635764608,9223.52709205999,2752.328456167648,2752.328456167648,2647.002100033856,11350.62630802101,11350.62630802101,5242.381425196614,8282.632214494448,6578.85191925205,9983.303081143787,10771.663924648616,8805.494880272161,4598.35257524701,2660.477751239846,5824.011701260209,2625.6412766626886,5022.030216772219,6825.754585364536,2763.8172390799054,658.7779357938649,1001.5055586124048,7472.5843349155375,11384.004058168392,4072.688064965007,3417.5819258344586,9005.046492989668,9980.382031531644
420034721002,12927.940042514456,16644.196938902547,7962.617847438601,8265.352918383644,5677.754276935103,5522.899355769671,11798.827598719467,13170.842362218318,8310.65256583523,11894.575761123258,7170.174458498789,1830.3594717069893,13849.982063213885,2087.499174047659,5476.958256985172,10378.356734996221,15565.635358585638,8763.502529760512,9121.758583323171,7114.8727396224485,2286.655966297877,2087.499174047659,12109.867193922544,13758.005801655698,13758.005801655698,13270.179628523927,3382.538999062366,3382.538999062366,14126.304487845839,19233.157573063658,8556.26866737396,14607.372677218082,13633.9983963795,16699.166018319,16045.580464351622,12099.981211806678,12790.743382372362,12881.871837354453,10739.466467274968,10278.87734402664,15623.20743394846,5372.464618362178,2846.753260945026,16170.724085546746,6966.198749331775,8011.366578960516,5089.363647088598,4705.655851029518,16193.536577382585,16193.536577382585,5560.7988342164745,5702.122929539498,12939.681753114277,12339.354519418555,8061.003481758827,7090.67613026215,8233.85976444596,8260.373235239475,5028.285448711708,5422.904695180752,10310.09404944521,10310.09404944521,10204.767693311418,4543.583644018034,4543.583644018034,15915.73857668768,10701.470387706533,8997.690092464136,1526.0206491077774,1975.7832596947144,5326.000910870856,7079.104434219557,13787.52519909279,13182.437670502843,8963.823411972915,16028.665592310086,5556.657806386124,11717.756128029201,11785.82538364681,11500.20645316136,5746.089502839089,7962.617847438601,8004.975737644477,14074.15993407895,5674.655912766978,12193.276718162859
420034722001,13209.040968423778,16925.297864811873,8606.317460776267,8546.453844292966,5976.640394741718,6166.598969107338,12079.928524628787,13451.94328812764,8591.753491744552,12175.676687032581,7451.275384408114,1956.187889802564,14131.082989123206,2386.3852918542766,5602.786675080747,10659.457660905544,15846.73628449496,9044.603455669836,9402.859509232494,7395.973665531774,2930.3555796355427,2386.3852918542766,12390.968119831865,14039.10672756502,14039.10672756502,13584.472045090835,3508.3674171579414,3508.3674171579414,14407.405413755161,19514.25849897299,9199.968280711626,14888.473603127404,13915.099322288821,16980.266944228326,16326.681390260943,12381.082137716,13071.844308281685,13162.972763263773,11020.56739318429,10559.97826993596,15531.04831116581,5653.565544271503,3006.916516779387,16451.82501145607,7247.2996752411,8292.467504869841,5215.192065184173,4831.484269125093,16474.637503291906,16474.637503291906,5686.62725231205,6001.009047346115,13220.7826790236,12620.455445327876,8704.703095096495,7371.777056171475,8514.960690355285,8541.474161148799,5309.386374621034,6066.604308518419,10591.19497535453,10591.19497535453,10485.868619220739,5187.283257355701,5187.283257355701,16196.839502597002,10982.571313615856,9278.79101837346,1824.9067669143944,2101.6116777902894,5451.829328966432,7360.205360128883,14068.626125002113,13463.538596412163,9244.92433788224,16309.766518219407,5837.75873229545,11998.857053938522,12066.926309556133,11781.30737907068,6044.975620645706,8606.317460776267,8286.076663553802,14355.260859988273,6318.355526104645,12474.377644072181
420034723001,12600.366883463568,16316.623779851661,8959.034127975683,7937.779759332756,5474.452442214404,6555.8211319560705,11471.254439668579,12843.26920316743,7983.079406784343,11567.00260207237,6842.484873124064,943.73890354498,13522.408904162998,2446.0891464658566,4580.045953887868,10050.783575945336,15238.06219953475,8435.929370709622,8794.185424272284,6787.183154247724,3222.433528420848,2446.0891464658566,11782.294034871657,13430.43264260481,13430.43264260481,12975.797960130625,2483.9266684347995,2483.9266684347995,13798.731328794951,18905.584414012774,9552.68494791104,14279.799518167194,13306.425237328613,16371.592859268114,15718.007305300735,11772.40805275579,12463.170223321475,12554.298678303565,10411.893308224082,9951.304184975754,14714.443308065725,5044.775032987452,2235.5883320272073,15843.150926495859,6638.625590280887,7683.793419909627,4190.751316461032,3807.0435204019523,15865.963418331698,15865.963418331698,4663.88653111917,5981.035951495749,12612.10859406339,12011.781360367668,9057.41976229591,6763.102971211261,7906.286605395073,7932.800076188588,4700.712289660822,6419.320975717837,9982.520890394324,9982.520890394324,9877.19453426053,5539.999924555121,5539.999924555121,15588.165417636792,10373.897228655647,8670.116933413246,1884.610621525974,1067.019133811983,4429.088607773551,6751.531275168669,13459.952040041902,12854.864511451955,8636.250252922026,15701.092433259199,5228.968221011399,11390.182968978314,11458.252224595923,11172.633294110472,5970.64332859208,8959.034127975683,7677.402578593588,13746.586775028063,6671.072193304062,11865.703559111971
420034781001,11703.188825688056,15592.529585907687,13556.555287424602,6720.174688949069,7677.336630034406,12054.420450779508,13073.586901125185,9715.0956905845,8815.565177392618,13506.182049832707,5538.829501519705,5547.91320980747,13300.511982478578,7009.649962437186,2923.9879886589342,12055.509207566902,15434.71760876627,10375.108818469975,9990.7284498499,5408.355433088983,8716.646296184459,7009.649962437186,12555.929524818333,15435.15827422637,15435.15827422637,14980.523591752186,4124.185768843756,4124.185768843756,9049.3462628558,18181.490220068805,15046.897715674651,9545.39859101905,8989.298976580312,16085.711070537178,14993.91311135676,13488.407287264057,11821.323480303889,11746.62783999046,12416.618939845652,10474.43894052687,8738.869047469752,6245.868688386179,5808.772702454231,16040.023032475976,6798.700521729857,6790.865231754665,2372.3994271149713,2815.654637856038,15560.659785042852,15560.659785042852,2646.662294361723,8308.900694640537,14551.28804182373,11157.84525060893,13881.008102592645,6846.9984146530405,9842.14936834507,9868.662839138584,6279.620789512035,11094.8494412934,11416.184648837803,11416.184648837803,11310.858292704012,11034.212692318733,11034.212692318733,15958.38646919607,12313.076676415993,10609.296381173597,7145.372875684154,5396.269498717007,2624.807963309667,8605.827814686023,13235.717121356145,9366.962344756705,9468.736023530302,14976.998239315224,4654.321029572181,13106.182203486584,11374.782979793314,10320.024225103678,8225.577379513405,13556.555287424602,6784.474390438626,12894.389803527574,11177.597722245891,13870.429190733528
420034781004,11952.723120031587,16131.29765398409,13505.45678901444,7258.942757025461,7586.122639360807,11361.312963696091,13591.116683181695,9964.629984928031,9219.428186397463,13770.190436241897,6077.597569596099,4854.805722724049,13839.28005055498,6414.451452296836,3327.850997663775,12253.97141011487,15973.485676842673,10639.11720487916,10394.591458854746,5947.123501165375,8023.5388091010445,6414.451452296836,13094.697592894736,15633.620476774337,15633.620476774337,15178.985794300152,3431.0782817603354,3431.0782817603354,9298.880557199333,18720.2582881452,14353.790228591235,9794.932885362581,9238.833270923844,16624.479138613584,15532.681179433162,13892.270296268904,12089.646997084677,11996.162134333992,12615.081142393617,11013.207008603273,8988.403341813286,6371.380733282682,5213.574192313881,16578.791100552382,7202.563530734695,7329.633299831057,1675.0732901453016,2183.6429318366845,16099.427853119254,16099.427853119254,2992.189941780359,8091.80977289051,14815.296428232916,11696.613318685333,13829.909604182485,7250.86142365788,10109.474439564608,10135.987910358124,6683.483798516872,10931.576551461952,11954.952716914206,11954.952716914206,11849.626360780414,10341.105205235317,10341.105205235317,16497.154537272476,12577.085062825181,10873.304767582784,6452.265388600735,4703.162011633587,3028.6709723145073,8954.7191093382,13774.485189432547,9616.496639100236,9872.599032535147,15515.766307391626,5058.184038577019,13510.04521249143,11913.551047869716,10858.79229318008,8081.417149986842,13505.45678901444,7323.242458515018,13433.157871603977,11126.499223835726,14068.891393281498
420030709004,4433.8427805137335,4823.740855023192,12066.228973692096,5751.044567400174,7984.091191487367,13444.310065213516,2535.5455336959635,6178.713893127433,3867.5496338270386,9277.902694313627,5892.474847915949,11288.386920193636,2043.0880757866337,10244.535252348614,9135.159033716145,8847.686963888715,4042.5360564572566,7034.241896985785,3879.1273699707826,6022.599025857274,12289.51533537703,10244.535252348614,2014.9609303858997,12227.336030548195,12227.336030548195,11772.701348074004,11677.19851320474,11677.19851320474,7134.176018754956,7411.948657783291,14317.72494013019,7615.244208127198,6641.869927288617,4888.541878497786,4431.410174096298,3194.2924879683005,4296.646120371643,4387.774575353731,9208.796696167463,2481.687315818873,12389.554161670372,8625.807025116077,9996.487508824759,4647.8414801669605,5717.016335202315,4630.6534054696995,11363.557476048276,10832.705382642527,4368.840035549718,4368.840035549718,10510.673866979361,8382.184788673303,11203.06849542589,2376.4613186718866,12390.681788860138,5695.3419944553625,6360.470508625727,6386.983979419242,7623.800536439328,9905.752007583695,3434.5533716913496,3434.5533716913496,3329.227015557558,12032.851223544714,12032.851223544714,4566.204916887056,8964.857130018152,7261.076834775751,10665.527996667492,11453.88884017232,9434.339059065414,5280.577490770711,1980.6312116655383,6190.309201411958,3307.8661921863904,4395.778023812095,7454.598764157785,2586.630594808272,668.896201713527,1484.4771270909227,8154.809250439239,12066.228973692096,4701.532243758257,2954.394558158993,9687.271408513372,10662.606947055348
420034733001,13471.445130365946,17187.702026754032,9974.4006977131,8808.858006235136,6326.700529290265,7575.5742527533075,12342.332686570955,13714.347450069808,8854.157653686721,12438.080848974749,7693.836584448284,1577.6706416133707,14393.487151065374,3461.455716203268,4977.497632006046,10921.861822847712,16109.140446437128,9307.007617612004,9665.263671174662,7638.5348655719445,4237.800098158258,3461.455716203268,12653.372281774033,14301.510889507188,14301.510889507188,13846.876207033003,2647.597582716612,2647.597582716612,13893.290531562398,19776.662660915157,10568.051517648457,14389.342859725646,13833.243245286909,17242.671106170485,16589.085552203112,12643.486299658167,13334.248470223853,13425.376925205941,11282.971555126458,10822.382431878132,13582.81331617635,5896.126744311672,2872.8021325621603,16714.22917339824,7509.703837183265,8554.871666812005,3432.7444958656747,3837.31015804773,16737.041665234075,16737.041665234075,4749.861147500734,6832.387662819968,13483.186840965767,12882.859607270044,10072.786332033325,7634.181218113639,8777.36485229745,8803.878323090967,5571.790536563199,7434.68754545525,10853.599137296702,10853.599137296702,10748.272781162907,6555.366494292533,6555.366494292533,16459.243664539168,11244.975475558023,9541.195180315628,2899.977191263386,1464.4708119301615,4826.540285891729,7622.609522071047,14331.03028694428,13725.942758354331,9507.328499824403,16572.170680161576,6080.319932335618,12261.26121588069,12329.3304714983,12043.711541012848,6821.995039916299,9974.4006977131,8548.480825495966,14617.665021930441,7686.438763041475,12736.781806014349
420034790001,13843.542027337711,17477.55147279941,11560.508679784138,8696.935326967796,7274.414581815098,9161.682234824351,13410.783562416467,13195.564942716923,9922.608529532246,13506.53172482026,7515.590139538433,2655.1749938523135,15185.533869370303,4814.113184668884,4284.135922630631,11990.312698693233,17177.591322282642,10375.458493457523,10733.714547020183,7385.116071107709,5823.908080229309,4814.113184668884,13721.823157619545,15369.961765352698,15369.961765352698,14915.327082878513,2041.3195581863124,2041.3195581863124,12529.815514988224,20066.512106960523,12154.159499719497,13025.867843151473,12469.768228712735,17970.7329574289,16878.934998248485,13711.93717550368,13706.34536719562,13797.473822177708,12351.42243097198,11890.833307723651,12219.338299602177,6313.034992385445,3818.6921010759243,17782.680049243754,8046.094023470868,8675.887118646391,2069.2694792915013,2473.835141473557,17445.681671934573,17445.681671934573,3386.3861309265603,7780.101715344801,14551.637716811278,13042.867137500663,11658.894314104364,8094.391916394051,9845.815728142976,9872.329198936492,6606.917076193074,9020.795527526294,11922.050013142221,11922.050013142221,11816.723657008428,8141.47447636358,8141.47447636358,17527.694540384684,12313.426351403543,10609.646056161147,4252.634659729001,2503.531282761852,3984.955897281364,8691.060397916573,15120.73900824787,12847.431596889128,10575.779375669925,16862.02012620695,5901.714531313196,13329.712091726202,13259.804866685046,12205.046111995407,7769.709092441132,11560.508679784138,8669.496277330352,14779.411690419302,9272.546745112519,13805.23268185986
420039805001,1655.013629098134,5952.855399621627,12645.108941519979,5889.7390135284595,8508.547705030229,14023.190033041408,5171.317564026761,3816.9681371768793,5010.739226800101,10869.49823153003,6031.169294044234,11867.266888021522,4655.567237439568,10823.415220176505,9273.853479844427,9604.579084518276,6821.365207872856,7867.899169955838,5022.316962943845,6161.293471985558,12846.91786416224,10823.415220176505,4650.7329607166985,12984.228151177747,12984.228151177747,12529.59346870356,11815.892959333034,11815.892959333034,4712.37490152024,8140.555973166307,14896.60490795808,5189.089782362019,4433.125544808723,7440.766325498166,5392.126937733309,5830.0645182990975,1517.816968956043,1608.9454239381314,9965.68881679703,3927.44205060691,9995.986330062895,8821.612418630606,10575.367476652647,7426.67063158256,5934.37829521155,4769.347851597986,11502.25192217657,10971.399828770822,6915.71504000384,6915.71504000384,10649.368313107658,8953.699159898482,12036.725768395929,484.12316026194526,12969.561756688025,5834.036440583649,7194.127781595779,7220.641252389295,7762.494982567612,10484.631975411585,4880.308106479386,4880.308106479386,4774.981750345595,12604.365594769877,12604.365594769877,7345.034068302656,9798.514402988201,8094.734107745803,11244.407964495382,12032.7688080002,9573.033505193695,6114.23476374076,4590.772376317137,4008.903427505692,4451.055785159453,5375.212065691776,7593.293210286069,5222.402625139069,3117.3633218530294,1606.6901298075923,8726.32362166442,12645.108941519979,4840.226689886544,2181.161830751953,10266.151376341266,11419.499067684907
420035619001,8227.238150334042,2581.2429062224437,17362.838932337305,11156.101480815656,13280.701150132581,18740.92002385873,6723.066010304725,9854.428593988941,9164.159592472244,13465.423170922391,11297.531761331431,16584.99687883885,3858.4826209969533,15541.145210993827,14540.21594713162,13701.293235751562,5207.145058612083,12146.326567733757,9175.737328615987,11427.655939272756,17586.12529402224,15541.145210993827,6522.918739785058,17076.72636950668,17076.72636950668,16622.091687032495,17082.255426620217,17082.255426620217,10528.78252251038,4113.258025175917,19614.334898775407,11005.497403352158,10447.404068784148,3192.270492490866,2873.2896694649426,7157.132208877509,8376.913221396488,8296.389110592834,14062.402968030308,7778.297274464079,15141.214699271895,13922.416983761288,15293.09746746997,5203.732787915783,11122.073248617797,10035.71031888518,16768.61438946375,16237.762296058003,1265.9157655969977,1265.9157655969977,15915.730780394837,13678.794747318514,15661.531846991327,7779.26297285712,17687.291747505347,11100.398907870846,11590.764961162726,11579.735366212592,13028.85744985481,15202.361966228907,8264.692383589982,8264.692383589982,8159.366027456189,17329.461182189923,17329.461182189923,5042.663328704018,13688.699013500956,11995.529663482443,15962.137955312703,16750.49879881753,14839.39597248089,10577.187449415918,3860.4715016265473,10023.181951481114,8604.476150831593,2814.922626375633,12859.655677573266,6774.151071417033,5954.920154739651,6889.5340405064035,13451.419209084454,17362.838932337305,10106.589157173737,5746.42077577665,14983.881367158583,15511.997286013839
420032614003,10051.285448610377,12665.89210611579,9205.335764911655,7653.936046173415,6449.914308434629,11758.911886902535,7273.8379049976265,10294.18776831424,4873.28131450797,1849.5973972227437,7509.184653026475,9602.98874188266,9621.352977154014,8559.137074037642,9165.062506073924,2680.479192436275,11055.593462803321,1927.3648041136964,5671.596971866031,7639.3088309678,10604.117157066054,8559.137074037642,7599.825298140216,4443.436434103521,4443.436434103521,3988.801751629335,10797.339502471053,10797.339502471053,11249.649893941762,15254.099908875884,12176.274632278248,11730.718083314003,10757.343802475423,12344.56490902273,12273.561425188898,7574.991518084836,9914.088788468283,10005.217243450374,3019.639188212994,6536.833453807277,17511.276796421796,6940.4088468050995,8311.089330513785,11645.734391824913,5290.349973002999,6493.197845219929,10773.629052157507,10290.919475191327,12198.757066220816,12198.757066220816,10536.619374699565,7081.478373040758,2894.703389213762,9172.120388561345,9831.827600191398,5467.748217164929,2394.211074838184,2480.9874336582843,6425.5564894399095,8220.35382927272,5806.615726506806,5806.615726506806,5701.289370373012,10355.396883714198,10355.396883714198,11390.748882965845,642.4317322477118,1479.754113559253,8980.129818356518,9768.490661861339,9464.242531423193,3584.814321912613,9764.599826269166,10305.783076598764,5526.452160645652,12237.929274904694,7563.733626639671,7192.76643430736,8363.813947647444,8332.972322304147,6972.6125288440135,9205.335764911655,6649.307848667115,10906.925803221746,8001.873230202397,2878.707350610677
420031920002,11740.827707851256,15457.08460423935,8465.859438399866,7078.240583720447,4614.913266602095,6067.032993440078,10611.715264056267,11983.730027555119,7123.540231172034,10707.463426460059,5982.945697511755,864.698247383527,12662.869728550686,1457.853935054217,4512.3075134871815,9191.244400333024,14378.523023922438,7576.390195097314,7934.646248659974,5927.643978635415,2729.258838845029,1457.853935054217,10922.754859259345,12570.893466992498,12570.893466992498,12116.258784518313,2432.936037096434,2432.936037096434,12939.19215318264,18046.04523840047,9059.510258335225,13420.260342554882,12446.8860617163,15512.053683655802,14858.468129688423,10912.868877143479,11603.631047709163,11694.759502691253,9552.35413261177,9091.765009363442,14689.936360580827,4185.235857375142,1491.1215349406293,14983.611750883547,5779.086414668578,6824.254244297318,4139.760685122665,3756.052889063586,15006.424242719386,15006.424242719386,4596.148090718483,5072.477690546054,11752.569418451078,11152.242184755356,8564.24507272009,5903.563795598952,7046.747429782764,7073.260900576279,3841.173114048511,5926.1462861420205,9122.981714782012,9122.981714782012,9017.655358648219,5046.825234979304,5046.825234979304,14728.62624202448,9514.358053043336,7810.577757800938,896.3754101143347,1030.2001673622076,4361.350167372865,5891.99209955636,12600.41286442959,11995.325335839643,7776.7110773097165,14841.553257646887,4369.42904539909,10530.643793366002,10598.71304898361,10313.09411849816,5111.104152979771,8465.859438399866,6817.863402981279,12887.047599415751,6177.897503728245,11006.16438349966
420031517006,493.94144027744545,5913.055828801617,13325.26807214961,6781.987510899242,9118.810588256003,14703.349163671039,7093.889865109925,2620.8990415520893,6045.014862537613,11840.236899112797,6923.417791415017,12547.426018651156,5094.669376625022,11503.574350806142,10166.10197721521,10571.376402422697,7531.445313777608,8838.637837538601,7012.251672985473,7053.541969356341,13548.554433834544,11503.574350806142,6576.816556276976,13951.025469082158,13951.025469082158,13496.390786607975,12708.141456703814,12708.141456703814,3295.2529700735245,8100.7564023462955,15576.764038587713,3771.967850915303,3213.874516347292,7689.491497419128,5472.472244614141,7730.942336724894,656.577263286924,563.0924005362377,10932.486134701443,6076.39711998249,8161.445712522429,9551.137095391425,11255.526607282285,8126.180059463527,6544.040357987543,5661.596348968767,12394.500419547348,11863.6483261416,7045.85714254194,7045.85714254194,11541.616810478436,9629.887748735315,13007.46443597869,2633.0782296375246,13649.720887317655,6713.27833534061,8164.866449178539,8191.379919972054,8492.019659328427,11164.79110604122,7029.263175854966,7029.263175854966,6923.936819721175,13280.55418360671,13280.55418360671,8048.754888642853,10769.253070570963,9065.472775328568,11924.567095125016,12712.927938629839,10465.28200256448,7084.973431323522,4993.857208656559,2789.652399044262,6465.938567049699,5455.557372572607,8485.541707656852,7144.974926222233,5266.318391228609,3755.6451991831723,9402.51221050125,13325.26807214961,5732.475187257325,2166.9458995913164,10946.310506970898,12386.296385589321
420031414002,1559.4477530747583,5192.640430344279,14390.774384946919,7847.493823696554,10184.316901053311,15768.855476468347,6917.615995784962,3089.099770452077,7110.521175334925,12905.743211910105,7988.9241042123285,13612.932331448465,4664.727245413427,12569.08066360345,11231.608290012518,11636.882715220005,7225.686940788696,9904.14415033591,7840.606210180521,8119.0482821536525,14614.060746631852,12569.08066360345,6400.542686952013,15016.531781879467,15016.531781879467,14561.897099405283,13773.647769501122,13773.647769501122,3763.4536989735116,7380.341003888959,16642.27035138502,4240.168579815289,3682.075245247279,7239.116183396815,4765.546897620909,7554.668467399931,1722.083576084237,1628.5987133335507,11997.992447498751,6745.731297843587,8286.54766343105,10616.643408188733,12321.032920079593,7820.421686474617,7609.5466707848545,6727.102661766079,13460.006732344656,12929.154638938908,6338.93179554871,6338.93179554871,12607.123123275744,10695.394061532623,14072.970748775999,3491.809908482107,14715.227200114963,7778.784648137922,9230.372761975852,9256.886232769366,9557.525972125735,12230.297418838529,7698.597353716062,7698.597353716062,7593.270997582272,14346.060496404018,14346.060496404018,7742.996515653941,11834.759383368271,10130.979088125876,12990.073407922324,13778.434251427147,11530.788315361788,8150.479744120834,4563.915077444965,3257.8531279442486,7269.345032396129,4748.632025579375,9551.04802045416,6968.70105689727,5385.833097598787,4424.979377044268,10468.018523298559,14390.774384946919,6797.981500054637,1888.7729019675307,12011.816819768206,13451.80269838663
420034639002,14336.557200270652,18052.814096658756,2931.386401480315,11032.997062273238,9116.586564040237,6264.566641460129,13207.444756475663,14579.459519974514,9719.269723591435,8785.675027903675,10885.709525965622,11495.130583925142,15258.599220970083,10925.034424177122,12137.797867164154,8319.873998351299,16974.252516341836,9172.914937977797,10530.375741079373,11015.833703906945,8879.452437649798,10925.034424177122,13518.48435167874,5236.625240432869,5236.625240432869,4570.820540334678,13063.36837363805,13063.36837363805,15534.921645602035,20641.774730819863,5902.3252688469,16015.989834974278,15042.615554135698,18107.78317607521,17454.19762210783,13508.598369562873,14199.36054012856,14290.48899511065,7948.01003289771,11687.49450178284,21796.548548082075,9598.037323075989,10968.717806784665,17579.341243302955,8778.937666583477,10037.156089915523,13431.257528428383,12948.547951462204,17602.153735138792,17602.153735138792,13194.247850970443,8676.047918345572,6200.628254847599,13747.971677174752,3557.8782367600556,8928.31723754494,9642.476922202164,9668.990392995678,9083.184965710792,5688.333765939089,11718.71120720141,11718.71120720141,11613.384851067618,6183.414159319121,6183.414159319121,17324.355734443885,7484.259832425921,8775.062781818238,10509.874500804961,11660.632503903822,12436.977892513421,8487.721591975755,15196.14235684899,14591.05482825904,10372.440569729115,17437.282750066293,10536.468987729904,13126.373285785396,13194.442541403007,12908.823610917554,8785.839453701448,2931.386401480315,10035.675393998437,15482.777091835147,5469.853166868765,5336.510437031582
420034803002,10882.845967322419,14516.855412784125,13087.696486457246,5644.500515825501,7210.831743343235,12411.458437515606,11997.912728001624,11125.748287026281,7997.056950018292,12870.08830309669,4463.155328396138,5904.637740543194,12224.837809355016,6898.188903608403,2674.0307830766483,11419.41546083088,14359.043435642709,9739.01507173395,8964.293760466155,4332.681259965417,9073.684282920569,6898.188903608403,11480.255351694772,14799.06452749035,14799.06452749035,14344.429845016168,4893.126526393236,4893.126526393236,11325.504517353023,17105.81604694523,15339.192452895342,11821.556845516272,11265.457231077538,15010.036897413616,13918.238938233198,12790.432736853918,10745.649307180327,10836.777762162415,11780.52519310963,9398.764767403309,11015.027301966978,5920.576540378517,5697.311643625448,14964.348859352414,6162.606774993827,5715.191058631097,3626.9559953093867,3721.0777632449367,14484.98561191929,14484.98561191929,3284.118063597803,7842.395807949364,13915.194295087704,10082.17107748537,13412.149301625288,6083.43105790068,9206.055621609039,9232.569092402555,5824.9953096947975,10628.344554602238,10340.510475714242,10340.510475714242,10235.18411958045,11391.250679054836,11391.250679054836,14882.712296072508,11676.98292967997,9973.202634437572,7114.209379380405,5770.055294515423,2407.9858205538576,7969.73406794999,12160.042948232584,11137.343595310806,8417.980654530378,13901.324066191662,4195.84791935668,12036.151324306204,10299.108806669752,9244.350051980116,7759.072492822232,13087.696486457246,5708.800217315058,11818.715630404013,10708.738921278533,13234.33544399751
420034845001,6993.987720821823,11658.584392382547,19809.473084882677,13266.192523632291,15603.015600989054,20923.460942817317,13241.555553482676,7908.250815111399,12529.219875270663,18324.441911845857,13407.622804148066,14416.953701845276,11242.335064997771,15878.690454474994,11793.028480696743,17055.58141515575,13679.111002150357,15322.84285027165,13496.456685718522,13537.746982089391,17585.686788222265,15878.690454474994,12724.482244649726,20435.230481815222,20435.230481815222,19980.595799341037,12993.226260881562,12993.226260881562,7462.849857633805,11529.650195190423,22060.96905132078,7958.902185797052,7402.80257135832,13837.157185791877,11480.870898854739,13878.608025097643,7156.6235438313015,7063.138681080615,17416.6911474345,12576.443400526865,2285.0943451750472,15114.909180423987,14677.813194492037,14273.845747836274,13028.245370720591,12145.801361701813,11241.439919152777,11684.695129893846,13054.25579678254,13054.25579678254,11515.702786399532,16114.09276146837,19491.669448711753,9133.124510181902,20133.92590005072,13197.483348073662,14649.071461911592,14675.584932705106,14976.224672061473,17648.996118774277,13529.309456399342,13529.309456399342,13423.98310026555,19764.759196339775,19764.759196339775,14196.420577015602,17253.458083304016,15549.67778806162,16014.413367721962,14265.309990754813,11493.848455347474,13569.17844405657,11141.522897029308,7780.465939534709,12950.143579782749,11463.956026813206,13523.361521609988,13292.640614594986,11709.772655296505,10255.691479727546,15886.717223234305,19809.473084882677,12216.680199990371,8314.611587964067,17430.515519703957,18870.501398322387
420034845004,6336.754013199277,11093.361253427454,19152.239377260117,12608.958816009748,14945.781893366508,20356.11459075722,12584.321845860133,7251.017107488853,11871.986167648116,17667.208204223305,12750.38909652552,13849.607349785176,10585.101357375224,15311.344102414894,11225.682128636643,16398.347707533205,13021.87729452781,14665.609142649104,12839.222978095979,12880.513274466844,17018.34043616217,15311.344102414894,12067.248537027182,19777.99677419267,19777.99677419267,19323.362091718485,12425.879908821462,12425.879908821462,6594.344531652913,12363.118714560165,21403.73534369822,7090.39685981616,6534.297245377428,13179.92347816933,10849.483035408331,13221.374317475096,6499.389836208756,6405.904973458069,16759.45743981195,11919.209692904322,2371.277013838067,14547.562828363887,14110.466842431937,13616.612040213731,12371.011663098048,11488.56765407927,10674.093567092677,11117.348777833746,12422.867933336136,12422.867933336136,10948.356434339432,15456.859053845823,18834.4357410892,8475.890802559356,19476.69219242816,12540.249640451115,13991.837754289045,14018.351225082559,14318.990964438926,16991.76241115173,12872.075748776799,12872.075748776799,12766.749392643007,19107.525488717216,19107.525488717216,13539.186869393056,16596.22437568147,14892.444080439072,15447.067015661862,13697.963638694713,10926.502103287374,12911.944736434027,10484.289189406765,6911.960613553817,12292.909872160202,10832.5681633668,12956.015169549888,12635.40690697244,11052.538947673958,9598.457772105001,15229.483515611759,19152.239377260117,11559.446492367828,7657.377880341521,16773.281812081408,18213.267690699828
420031920001,11157.458610777312,14873.715507165405,8626.322274556087,6494.871486646499,4031.544169528149,6227.495829596297,10028.346166982323,11400.360930481174,6540.1711340980855,10124.094329386115,5399.6930267616435,1898.7434519887765,12079.500631476742,750.1098581331427,4451.924324426128,8607.875303259078,13795.153926848494,6993.021098023366,7351.277151586026,5344.391307885303,2889.7216750012512,750.1098581331427,10339.3857621854,11987.524369918554,11987.524369918554,11532.889687444369,3354.988657898174,3354.988657898174,12355.823056108695,17462.67614132652,9219.973094491448,12836.891245480938,11863.516964642356,14928.684586581858,14275.099032614478,10329.499780069535,11020.261950635218,11111.390405617309,8968.985035537824,8508.395912289496,15098.052217084645,3601.9831866250333,1074.7114756453036,14400.242653809602,5195.71731759463,6240.88514722337,4645.785518569563,4260.991120305851,14423.055145645441,14423.055145645441,4535.76490165743,4225.766007240766,11169.200321377133,10568.873087681412,8724.707908876313,5320.194698525004,6463.378332708816,6489.891803502331,3257.8040169745645,6086.6091222982395,8539.612617708066,8539.612617708066,8434.286261574272,5207.288071135523,5207.288071135523,14145.257144950536,8930.98895596939,7227.20866072699,705.9312157440636,2064.2453719674572,4300.9669783118115,5308.623002482412,12017.043767355646,11411.956238765699,7193.3419802357685,14258.184160572942,3786.1763746489805,9947.274696292057,10015.343951909666,9729.725021424216,4269.732580540357,8626.322274556087,6234.494305907331,12303.678502341807,6338.360339884464,10422.795286425715
420030201004,6179.628687349634,9707.118800286535,6840.59747692664,3722.5884842118526,2775.4911269472454,8218.678568448064,5124.606522388903,6422.531007053496,1381.757198754272,5443.534898044761,3577.8370910649132,6062.755423428182,6913.337515081309,5018.903755583167,5233.714944112362,3965.9926373438825,8889.864418269317,2312.46166668202,2216.383813640402,3707.961269006237,7063.883838611573,5018.903755583167,5299.5523764353575,7345.641704003355,7345.641704003355,6891.007021529169,7257.106184016573,7257.106184016573,7377.993132681017,12296.079434447644,9092.093443364738,7859.06132205326,6885.687041214679,9762.521470186419,9108.502325735606,5425.760135476113,6042.432027207542,6133.560482189631,4327.102369622632,3349.981976945679,13639.620035161046,3400.17552835063,4770.85601205931,9495.169841979023,1359.0024110414415,2561.8502832583704,7233.395733703025,6750.686156736848,9256.892029250002,9256.892029250002,6609.229777375587,3173.5847241331808,6488.640890035779,5402.276380802545,7165.050292094684,1536.400655203372,1779.5022165571108,1806.0156873506257,2885.3231709854376,4680.120510818247,3607.8728236670245,3607.8728236670245,3502.5464675332328,6815.16356525972,6815.16356525972,9241.517500357117,4250.429524628044,2546.6492293856436,5439.896499902042,6228.257343406864,5532.894969461629,543.1806628980642,6850.880650960214,6434.126315338021,2034.928044891954,9091.587453694072,3632.386064678108,5043.5350516986355,4849.180835514234,4563.12831454535,2946.2091858991166,6840.59747692664,2717.960286705557,7137.08179546294,4461.639911747923,5780.912620510514
420031414001,1379.5204567151973,5869.103800409444,14210.847088587358,7667.566527336994,10004.38960469375,15588.928180108785,7324.93850107295,2610.49422054838,6930.593878975365,12725.815915550544,7808.996807852769,13433.005035088903,5325.31207268326,12389.153367243889,11051.680993652957,11456.955418860443,7762.493949740633,9724.216853976348,7897.8306894232255,7939.120985794093,14434.133450272291,12389.153367243889,6807.865192240001,14836.604485519905,14836.604485519905,14381.969803045722,13593.72047314156,13593.72047314156,3284.8481490698136,8056.8043739541245,16462.34305502546,3761.5630299115924,3203.4696953435814,7899.701010666644,5442.010267686075,7961.990972687919,1542.156279724676,1448.6714169739898,11818.06515113919,6961.976136420242,7764.664522014877,10436.716111829171,12141.105623720032,8357.22869542655,7429.619374425295,6547.17536540652,13280.079435985095,12749.227342579346,7015.395165613876,7015.395165613876,12427.195826916182,10515.466765173062,13893.043452416438,3518.657246075276,14535.299903755402,7598.8573517783625,9050.44546561629,9076.958936409805,9377.598675766174,12050.370122478967,7914.842192292718,7914.842192292718,7809.515836158927,14166.133200044456,14166.133200044456,8279.803524605877,11654.83208700871,9951.051791766315,12810.146111562763,13598.506955067585,11350.861019002226,7970.552447761274,5224.499904714798,2779.2475780405516,7351.517583487451,5425.095395644542,9371.120724094599,7376.023562185258,5793.155602886775,4641.224215620925,10288.091226938997,14210.847088587358,6618.054203695077,2397.994535554339,11831.889523408645,13271.875402027068
420031018001,8275.597174193512,5460.161399471165,14732.093915952148,10236.520633220061,10801.177429005673,16110.175007473568,3626.2468168540613,10081.752275778526,8022.744356390405,9708.710106602457,10377.950913735836,13954.251862453692,3074.0243469351753,12910.400194608681,13293.14541339289,10540.33803680635,1654.779183935604,8985.371368788543,7694.297387998808,10508.075091677161,14955.38027763708,12910.400194608681,4586.388382348919,13522.869499350922,13522.869499350922,13461.136488087279,15148.60262304208,15148.60262304208,10756.106204299955,8047.493596936016,16983.589882390235,11232.821085141735,10674.727750573724,3155.5955244643865,5208.958347646743,3140.2175279103935,8138.400514051421,8229.52896903351,10901.4477690851,6247.021678817087,15498.37307657128,11291.671967376145,12662.35245108482,1613.086864578916,9418.432880321978,9116.129471289583,15124.89217272853,14642.182595762355,4416.834587350517,4416.834587350517,14668.660246656113,11328.070974397058,11904.818782671393,6891.274469407122,15056.54673112019,9595.831124483908,8429.809762217516,8418.780167267383,10776.81961001095,12571.616949843758,5995.855240892959,5995.855240892959,5890.528884759167,14706.660004285226,14706.660004285226,1358.1013557198469,10527.743814555744,8834.57446453723,13331.39293892755,14119.753782432374,13592.325438742158,7806.073030370286,3249.7396478039364,10250.505633270699,7463.060914749756,5168.744518510279,11691.816533958647,3684.2260053279388,4689.6711081111625,5984.195208642645,11100.695436162994,14732.093915952148,9187.008309578141,6063.213473059905,12353.136350773431,12351.042087068623
420034656002,13346.513148934378,17062.77004532247,2654.952714970249,10042.953010936968,6720.729583477011,1040.3528874644112,12217.40070513939,13589.41546863824,8729.225672255161,12177.368983624574,9895.66547462935,7005.86527916049,14268.55516963381,6435.769119412471,10653.474545264135,10796.929841416151,15984.20846500556,9182.075636180438,9540.331689743101,10025.789652570675,4390.1871328851485,6435.769119412471,12528.440300342467,8628.319196153767,8628.319196153767,7962.514496055577,8574.103068873394,8574.103068873394,14544.877594265761,19651.73067948358,2699.6271119301787,15025.945783638004,14052.571502799425,17117.739124738924,16464.153570771545,12518.5543182266,13209.316488792287,13300.444943774377,11158.039573694898,10697.45045044657,20806.50449674579,8607.993271739715,7420.938737571813,16589.297191966667,7788.893615247203,9047.11203857925,10280.927716899618,9897.219920840544,16612.109683802508,16612.109683802508,10737.315122495436,6280.190937782347,9592.322210568498,12757.927625838478,2753.3383492904745,7938.273186208667,8652.43287086589,8678.946341659404,8093.140914374521,3360.5368516538724,10728.66715586514,10728.66715586514,10623.340799731348,2064.1483076519507,2064.1483076519507,16334.311683107602,10875.95378814682,9416.263198884064,6020.609196040311,7171.36719913917,10502.51719914982,7497.677540639484,14206.098305512716,13601.010776922767,9382.396518392841,16447.23869873001,9546.424936393632,12136.329234449122,12204.398490066733,11918.77955958128,6389.982473138221,2654.952714970249,9045.631342662162,14492.733040498873,3214.9452125016114,8728.204392752481
420034658002,14288.230591977312,18004.48748836541,3526.344974953515,10984.670453979894,7226.169102922465,586.9668779554561,13159.11814818232,14531.132911681174,9670.943115298083,13125.563964187093,10837.382917672277,6979.873049697287,15210.272612676743,6409.776889949267,10627.482315800935,11738.64728445908,16925.9259080485,10123.793079223366,10482.049132786027,10967.507095613602,4364.194903421949,6409.776889949267,13470.157743385398,9576.514176716284,9576.514176716284,8910.709476618094,8548.11083941019,8548.11083941019,15486.595037308694,20593.44812252652,3320.1519910304833,15967.663226680937,14994.288945842358,18059.45656778186,17405.87101381448,13460.271761269532,14151.033931835218,14242.16238681731,12099.75701673783,11639.167893489497,20805.11116289458,9415.372613681811,7394.946508108608,17531.014635009607,8730.611058290124,9988.829481622173,10254.935487436418,9871.227691377344,17553.827126845445,17553.827126845445,10711.322893032238,6785.6304572277995,10540.517191131015,13699.64506888141,3624.73060927374,8879.990629251588,9594.150313908813,9620.663784702327,8698.283194306663,4214.789658202278,11670.384598908067,11670.384598908067,11565.058242774276,2669.9723966507577,2669.9723966507577,17276.02912615054,11824.14876870934,10357.98064192699,5994.616966577108,7145.374969675967,10476.52496968662,8439.394983682405,15147.81574855565,14542.7282199657,10324.113961435769,17388.956141772946,9620.618410393716,13078.046677492055,13146.115933109666,12860.497002624214,6895.421992583674,3526.344974953515,9987.348785705088,15434.450483541807,4069.1980190500167,9676.399373314998
420034658003,15166.803042286354,18883.059938674443,4404.917425262554,11802.298897515648,7800.9245638162465,1047.8078136186577,14037.690598491363,15409.705361990216,10549.515565607126,14004.136414496135,11582.935755882187,7554.628510591068,16088.845062985785,6984.532350843048,11202.237776694725,12617.219734768123,17804.498358357534,11002.365529532408,11360.62158309507,11673.151204969736,4938.950364315729,6984.532350843048,14348.73019369444,10455.086627025326,10455.086627025326,9789.281926927137,9122.86630030398,9122.86630030398,16365.167487617737,21472.020572835554,4199.347147291594,16846.235676989978,15872.8613961514,18938.029018090896,18284.443464123517,14338.844211578575,15029.60638214426,15120.734837126352,12978.329467046873,12517.74034379854,21379.866623788363,9990.128074575601,7969.70196900239,18409.587085318642,9609.183508599166,10867.401931931216,10829.690948330208,10445.983152271134,18432.39957715448,18432.39957715448,11286.078353926028,7360.385918121581,11419.089641440058,14578.217519190452,4503.303059582779,9758.56307956063,10472.722764217855,10499.236235011369,9273.038655200453,5093.3621085113155,12548.95704921711,12548.95704921711,12443.630693083318,3345.31144694522,3345.31144694522,18154.601576459576,12702.721219018382,11236.553092236032,6569.372427470889,7720.130430569749,11051.28043058041,9317.967433991447,16026.388198864692,15421.300670274743,11202.686411744811,18267.52859208198,10195.373871287506,13956.619127801097,14024.688383418708,13739.069452933256,7470.177453477456,4404.917425262554,10865.92123601413,16313.022933850849,4947.770469359055,10554.97182362404
420032902001,9934.141892754553,13568.151338216254,11037.50483432219,4745.101073551097,5160.640091208179,10953.649055538677,10658.142968292539,10177.044212458415,6278.294204699431,10977.071343948397,3563.755886121736,4867.8270620508065,11276.133734787147,5444.433672270196,1225.9375858534872,9526.398501682594,13410.339361074837,7845.998112585658,7461.6177439655785,3433.281817691013,7321.688788852646,5444.433672270196,10317.844497106702,12906.047568342061,12906.047568342061,12451.412885867878,4024.881705837322,4024.881705837322,11132.506338085936,16157.111972377365,13289.000800760286,11613.57452745818,10640.200246619599,14061.332822845745,12969.534863665327,10959.29658137975,9796.945232612461,9888.07368759455,9887.508233961342,8246.518982890842,12323.043661495181,3796.1246281709737,4660.500965133059,14015.644784784543,4269.5898158455375,4766.486984063231,3370.8314368818706,3116.218476668277,13536.281537351419,13536.281537351419,2557.3042805320033,5792.204155814307,12022.177335939414,9133.467002917503,11361.957649490232,4190.41409875239,7313.038662460748,7339.552133254263,3774.8036575597407,8578.152902467178,9141.409269570662,9141.409269570662,9036.08291343687,9933.441297077901,9933.441297077901,13934.008221504637,9783.965970531683,8080.185675289283,5865.426416589072,4733.244616023035,1480.9694726180446,6076.7171088016985,11211.338873664714,10188.63952074294,6931.465050837114,12952.619991623791,2137.2279903977383,10577.071497602274,9350.404732101888,8295.645977412247,5708.880840687175,11037.50483432219,4760.096142747191,10870.011555836145,8658.547269143473,11341.31848484922
420034643001,14085.067072629403,17801.323969017492,2343.3943635327496,10781.506934631992,7551.201074605838,1896.42432258892,12955.954628834414,14327.969392333265,9467.779595950184,11986.165797216774,10634.219398324374,8155.07227871052,15007.109093328834,7584.9761189625,11802.68154481417,11520.364767664398,16722.762388700583,9920.629559875462,10278.885613438126,10764.343576265699,5539.394132435179,7584.9761189625,13266.994224037491,8437.116009745967,8437.116009745967,7771.311309647778,9723.310068423427,9723.310068423427,15283.431517960786,20390.284603178603,1911.8909292385779,15764.499707333029,14791.12542649445,17856.29304843395,17202.707494466566,13257.108241921624,13947.870412487311,14038.998867469401,11148.500802210807,11436.004374141594,21545.058420440815,9346.547195434736,8570.14573712184,17327.85111566169,8527.447538942226,9785.665962274272,11430.134716449653,11046.426920390579,17350.66360749753,17350.66360749753,11886.522122045473,7110.662428911174,9401.119024160698,13496.481549533502,2441.779997852975,8676.82710990369,9390.986794560911,9417.500265354427,8831.694838069545,4122.948276504691,11467.221079560164,11467.221079560164,11361.894723426372,3189.8260115806825,3189.8260115806825,17072.865606802625,10684.75060173902,10154.817122579088,7169.816195590341,8320.574198689199,11651.724198699854,8236.231464334509,14944.65222920774,14339.564700617791,10120.950442087866,17185.792622425033,10284.978860088657,12874.883158144146,12942.952413761757,12657.333483276305,7220.453964267049,2343.3943635327496,9784.185266357186,15231.286964193898,3977.3566373524304,8537.00120634468
420035231004,8228.807910360752,1966.1142594610515,18480.081383063698,11854.553370886946,14390.578004256271,19858.16247458513,7861.29161783802,9855.998354015652,10282.096820070585,14603.648778455683,11995.983651402721,17702.239329565236,4981.686547448156,16658.387661720222,15238.667837202915,14831.4646837714,6370.26194533459,13276.4980157536,10293.674556214331,12126.107829344046,18703.367744748633,16658.387661720222,7640.855967383401,18206.89781752651,18206.89781752651,17752.263135052326,17780.707316691514,17780.707316691514,10530.352282537091,2516.117493012323,20731.577349501807,11007.067163378872,10448.973828810858,4423.883280309096,2739.664126538733,8295.357816410804,8391.443733370228,8297.958870619545,15192.57441605015,8896.23450206242,14414.60407818869,14786.426775989095,16410.33991819637,6435.34557573401,11836.162460608712,10734.162208956472,17467.066279535054,16936.21418612931,2429.0326523195054,2429.0326523195054,16614.182670466143,14788.671601442207,16799.75745452462,8253.641728131712,18804.534198231748,11798.850797942136,12720.936409182568,12709.906814232434,13727.309339926096,16319.604416955304,9382.629611188322,9382.629611188322,9277.30325505453,18439.338036313595,18439.338036313595,6274.276116522246,14818.870461520795,13125.701111502285,17079.3804060391,17867.741249543913,15537.847862552184,11695.124677014259,4983.6754280777495,10024.751711507824,9722.41337842994,2673.670816238593,13558.107567644553,7912.376678950328,7072.857382337995,7539.920358200556,14561.296063208143,18480.081383063698,10805.04104724503,5749.858179046824,16101.123817884987,16642.168734033676
420034644003,13452.908706492231,17169.165602880323,2047.7379077018938,10149.348568494817,8232.938070261815,5380.9181476817075,12323.796262697242,13695.811026196094,8835.621229813014,8153.078246857432,10002.0610321872,10611.482090146721,14374.950727191663,10041.385930398701,11254.149373385733,7687.277217305055,16090.604022563413,8540.31815693155,9646.727247300953,10132.185210128524,7995.803943871374,10041.385930398701,12634.83585790032,4604.028459386629,4604.028459386629,3938.2237592884394,12179.71987985963,12179.71987985963,14651.273151823614,19758.12623704143,5018.6767750684785,15132.341341195857,14158.967060357278,17224.134682296775,16570.549128329396,12624.949875784452,13315.71204635014,13406.84050133223,7315.413251851466,10803.846008004419,20912.90005430364,8714.388829297568,10085.069313006245,16695.69274952452,7895.289172805054,9153.507596137102,12547.609034649962,12064.899457683783,16718.50524136036,16718.50524136036,12310.599357192023,7792.39942456715,5568.031473801356,12864.323183396331,2674.2297429816344,8044.668743766516,8758.828428423743,8785.341899217257,8199.536471932372,4804.685272160667,10835.062713422989,10835.062713422989,10729.736357289197,5299.765665540699,5299.765665540699,16440.707240665455,6851.663051379677,8142.466000771995,9626.22600702654,10776.984010125401,11553.329398735,7604.073098197333,14312.49386307057,13707.40633448062,9488.792075950694,16553.63425628786,9652.820493951484,12242.724792006975,12310.794047624586,12025.175117139133,7902.190959923025,2047.7379077018938,9152.026900220017,14599.128598056726,4586.204673090343,4703.913655985343
420034656001,14071.281509749631,17787.53840613772,2997.828176723528,10767.72137175222,7445.4979442922595,1330.8742231829701,12942.169065954642,14314.183829453494,9453.994033070414,12632.311137239081,10620.433835444603,7589.522179304569,14993.323530449063,7019.426019556549,11237.131445408222,11521.698202231404,16708.97682582081,9906.84399699569,10265.100050558354,10750.558013385928,4973.844033029229,7019.426019556549,13253.20866115772,9083.261349768274,9083.261349768274,8417.45664967009,9157.75996901748,9157.75996901748,15269.645955081014,20376.499040298826,2587.639450813912,15750.714144453257,14777.339863614678,17842.50748555417,17188.92193158679,13243.322679041852,13934.08484960754,14025.21330458963,11794.646142233114,11422.218811261822,21414.760292501862,9332.761632554968,8004.595637715891,17314.065552781914,8513.661976062454,9771.880399394502,10864.584617043705,10480.876820984631,17336.87804461775,17336.87804461775,11320.972022639526,7004.959298597595,10047.264364183004,13482.69598665373,3096.213811043753,8663.041547023919,9377.201231681143,9403.714702474657,8817.909275189773,4085.3052124691217,11453.435516680393,11453.435516680393,11348.1091605466,2788.9166684672,2788.9166684672,17059.08004392285,11330.895941761328,10141.031559699317,6604.26609618439,7755.02409928325,11086.174099293907,8222.445901454732,14930.86666632797,14325.77913773802,10107.164879208094,17172.007059545253,10230.267540001003,12861.097595264375,12929.166850881986,12643.547920396533,7114.75083395347,2997.828176723528,9770.399703477415,15217.501401314126,3939.7135733168607,9183.146546366987
420031920003,11886.465781495523,15602.722677883616,7464.550932164078,7223.878657364709,4607.573754475268,5065.724487204289,10757.353337700533,12129.368101199385,7269.178304816296,10853.101500104325,6128.700197479854,1641.6548246430646,12808.507802194952,1017.3186515878269,5233.382516960271,9336.882473977288,14524.161097566704,7722.0282687415765,8080.284322304236,6073.3984786035135,1727.950332609242,1017.3186515878269,11068.392932903611,12716.531540636764,12716.531540636764,12261.89685816258,3209.892614355973,3209.892614355973,13084.830226826905,18191.68331204473,8058.201752099438,13565.898416199148,12592.524135360567,15657.691757300068,15004.106203332689,11058.506950787745,11749.269121353429,11840.39757633552,9697.992206256034,9237.403083007706,15466.892937840363,4330.990357343244,1856.169668179447,15129.249824527813,5924.724488312841,6969.892317941581,4916.717262382203,4533.009466323126,15152.062316363652,15152.062316363652,5317.223094191572,4631.942407079664,11898.207492095344,11297.880258399622,7562.936566484304,6049.201869243215,7192.385503427026,7218.898974220541,3986.811187692775,4924.837779906232,9268.619788426277,9268.619788426277,9163.293432292485,4045.516728743515,4045.516728743515,14874.264315668746,9659.9961266876,7956.215831445201,455.840126647945,1807.1567446217452,5082.425170845955,6037.630173200622,12746.050938073857,12140.96340948391,7922.349150953979,14987.191331291153,4515.18354536719,10676.281867010268,10744.351122627877,10458.732192142426,4675.908980379255,7464.550932164078,6963.501476625542,13032.685673060018,5176.588997492457,11151.802457143925
420032509002,9383.874013176042,11648.136054117638,9850.195358078636,7119.983924060575,5919.278871132152,11228.27644960006,6256.081852999481,9626.776332879906,4205.869879073641,2364.902312344662,6975.232530913637,9072.35330458018,8603.596925155867,8028.5016367351645,8631.110383961084,2818.8637884699133,10037.83741080517,1790.1559748094564,5004.1855364317025,7105.35670885496,10073.48171976357,8028.5016367351645,6582.06924614207,5244.8709173688,5244.8709173688,4790.2362348946135,10266.70406516857,10266.70406516857,10582.238458507427,14236.343856877733,12101.691324516723,11063.306647879668,10089.932367041089,11326.80885702458,11255.805373190748,6557.23546608669,9246.67735303395,9337.805808016039,3158.0237842466327,5519.077401809131,16843.86536098746,6409.7734095026235,7780.453893211307,10627.978339826763,4756.397850890164,5959.245723107094,10242.99361485502,9760.284037888843,11181.001014222666,11181.001014222666,10005.983937397083,6550.842935738282,3518.8928654300876,8504.708953127018,10174.64817324668,4933.796095052095,1771.9199410337724,1768.7980478206814,5894.921052137431,7689.718391970243,4788.85967450866,4788.85967450866,4683.533318374867,9824.761446411716,9824.761446411716,10372.992830967692,1443.8662155129903,1339.6259200795025,8449.494381054039,9237.855224558858,8930.290409310352,2949.875739839818,8746.843774271021,9638.371641164431,4859.040725211325,11220.173222906544,7029.781504526832,6175.010382309215,7605.584658540105,7665.560886869821,6438.660406731179,9850.195358078636,6115.35572655428,10239.514367787411,7471.2377928999185,3680.1418338759554
420032901002,10316.945795555182,13950.955241016882,10960.391446723233,5222.656399236162,4965.862769722254,9509.64470445864,10908.050944135344,10559.848115259045,6536.36244735111,11225.125093950688,4033.8025013567953,3002.8240074862297,11658.937637587775,3996.3751705514364,644.7852586174245,9708.90606782366,13793.143263875465,8094.051862587956,7711.525719808392,3974.454003540884,6171.870549863598,3996.3751705514364,10575.91273975837,13088.555134483127,13088.555134483127,12633.920452008942,2159.878651272746,2159.878651272746,11515.310240886565,16539.915875177994,12502.121969353788,11996.378430258808,11023.004149420229,14444.136725646373,13352.338766465955,11209.204557222552,10179.749135413093,10270.877590395181,10070.015800102408,8504.587225542515,11303.092532400902,3751.120863644127,2795.497910568483,14398.44868758517,4519.497791688345,5149.290886863867,1858.5028424986117,1315.3855207105316,13919.085440152046,13919.085440152046,1156.5519848021684,5471.549903251957,12270.231085941707,9516.270905718136,11284.844261891274,4567.795684611529,7562.9466383035615,7589.460109097076,4000.4180594705217,8311.316681823399,9391.317245413467,9391.317245413467,9285.99088927968,8489.43694599787,8489.43694599787,14316.812124305265,10032.019720533972,8328.23942529158,4212.395646323437,2868.241561458458,493.82791250310805,6326.6250846445155,11594.142776465344,10571.443423543567,7189.533293488793,13335.423894424419,2375.1182995306694,10826.979473445079,9733.208634902518,8678.449880212884,5461.157280348289,10960.391446723233,5142.900045547827,11252.815458636773,8563.067899409622,11523.826050990288
420032901003,10545.674663183849,14179.684108645548,11506.081425011764,5363.954450978549,5546.593689526188,10090.375624262575,11136.77981176401,10788.576982887711,6765.091314979774,11455.708187419868,4182.609263549191,3583.5549272901653,11887.66650521644,4577.1060903553725,873.5141262460907,10005.035345154063,14021.872131504131,8324.634956057134,7940.254587437055,4052.135195118469,6752.601469667533,4577.1060903553725,10804.641607387037,13384.684411813532,13384.684411813532,12930.049729339347,2414.8154052469486,2414.8154052469486,11101.851561768086,16768.64474280666,13082.852889157723,11597.903889931335,11041.804275492597,14672.865593275039,13581.067634094621,11437.933424851219,10408.478003041759,10499.606458023847,10366.145077432813,8733.316093171181,10791.374346382037,4195.3948259733315,3376.2288303724185,14627.177555213837,4748.22665931701,5378.01975449253,1839.1621217687264,1509.8417836357503,14147.814307780713,14147.814307780713,889.7810245830775,6052.280823055892,12500.81417941089,9744.999773346803,11830.534240179806,4796.524552240193,7791.675505932226,7818.18897672574,4229.146927099187,8892.047601627331,9620.046113042134,9620.046113042134,9514.719756908346,9070.167865801803,9070.167865801803,14545.54099193393,10262.602814003154,8558.822518760757,4793.126566127373,3448.9724812623936,574.334100896823,6555.353952273179,11822.87164409401,10800.172291172234,7418.262161117456,13564.152762053085,2603.8471671593356,11055.708341073745,9961.937502531184,8907.17874784155,6041.888200152222,11506.081425011764,5371.628913176492,11481.544326265439,9127.123859833053,11819.95532832069
420032902002,9928.051149791976,13562.060595253683,11616.012694036017,4689.70569829506,5736.794036645812,10687.737986882821,11043.117910471181,10170.953469495838,6875.022584004028,11565.639456444122,3508.360510865698,4180.917289910414,11270.042991824574,5174.468452975623,983.4453952703439,10114.966614178316,13404.248618112266,8434.56622508139,8009.498942935712,3377.8864424349754,7349.963832287785,5174.468452975623,10525.46053416433,13494.615680837785,13494.615680837785,13039.9809983636,3169.4060757604566,3169.4060757604566,11126.41559512336,16151.021229414793,13680.215251777969,11607.483784495606,10634.10950365702,14055.242079883174,12963.444120702756,11547.864693875472,9790.854489649884,9881.982944631973,10476.076346457066,8443.969949872866,10834.287399079003,4305.326094997586,3973.591192992667,14009.554041821972,4858.157928341264,4760.396241100657,2000.4083190976862,1746.1416346682663,13530.190794388847,13530.190794388847,1309.1819350211313,6368.3581012519435,12610.745448435144,9127.376259954926,11940.46550920406,4906.455821264448,7901.60677495648,7928.120245749995,4339.078196123442,9154.306847904814,9385.715658183799,9385.715658183799,9280.389302050007,9667.53022842205,9667.53022842205,13927.917478542066,10372.534083027407,8668.753787785012,5390.488928747624,4046.334843882642,684.2653699210762,6665.285221297434,11205.24813070214,10182.548777780363,7463.185836999937,12946.52924866122,2713.7784361835893,11081.35650677576,9344.31398913931,8289.555234449674,6285.034786124811,11616.012694036017,4754.005399784618,10863.92081287357,9237.055128857306,11929.886597344943
420032902003,9967.846130624546,13601.855576086253,11251.570587217966,4729.500679127627,5374.705844103957,10396.727328106363,10872.208721188315,10210.748450328409,6492.359957595209,11191.137096844173,3548.155491698267,3889.9066311339534,11309.837972657144,4883.457794199163,663.2078338715982,9740.46425457837,13444.043598944836,8060.063865481437,7675.683496861357,3417.6814232675442,7058.953173511325,4883.457794199163,10531.910250002478,13120.113321237837,13120.113321237837,12665.478638763654,2878.3954169839963,2878.3954169839963,11166.21057595593,16190.816210247363,13389.20459300151,11647.278765328176,10673.90448448959,14095.037060715744,13003.239101535326,11173.362334275525,9830.649470482454,9921.777925464543,10101.573986857118,8460.58473578662,10915.014403032086,3973.4692480463796,3682.5805342162066,14049.349022654542,4483.655568741314,4800.191221933224,1962.8021784187758,1708.189218205182,13569.985775221417,13569.985775221417,1271.229518558047,6006.2699087100855,12236.24308883519,9167.171240787497,11576.023402386008,4404.479851648167,7527.104415356526,7553.617886150041,3988.8694104555175,8792.218655362956,9355.475022466439,9355.475022466439,9250.148666332647,9376.519569645592,9376.519569645592,13967.712459374636,9998.031723427459,8294.25142818506,5099.478269971164,3755.3241851061816,393.2547111446163,6290.782861697477,11245.043111534711,10222.343758612933,7145.530803732892,12986.32422949379,2351.293743293516,10791.13725049805,9384.10896997188,8329.35021528224,5922.946593582953,11251.570587217966,4793.8003806171855,10903.71579370614,8872.61302203925,11555.384237744996
420032902004,9706.993753581854,13341.003199043555,10810.35669514949,4517.952934378399,4933.4919520354815,10366.898265945929,10430.99482911984,9949.896073285716,6051.146065526734,10749.923204775698,3336.607746949037,3860.077568973519,11048.985595614447,4853.628732038726,367.0026645764309,9299.250362509894,13183.191221902138,7618.849973412961,7234.469604792881,3206.1336785183144,7029.124111350889,4853.628732038726,10090.696357934003,12678.899429169362,12678.899429169362,12224.264746695178,3017.132212760035,3017.132212760035,10905.358198913236,15929.963833204665,13061.852661587587,11386.426388285481,10413.0521074469,13834.184683673046,12742.386724492628,10732.14844220705,9569.797093439762,9660.92554842185,9660.360094788643,8019.370843718145,11305.90587731846,3536.09257327338,3652.751472055772,13788.496645611844,4042.4416766728377,4539.338844890533,2353.693652705151,2099.080692491558,13309.13339817872,13309.13339817872,1540.1664963552832,5565.05601664161,11795.029196766714,8906.318863744804,11134.809510317533,3963.265959579691,7085.890523288051,7112.4039940815655,3547.655518387042,8351.00476329448,8914.261130397963,8914.261130397963,8808.934774264171,9346.690507485158,9346.690507485158,13706.860082331938,9556.817831358983,7853.037536116585,5069.649207810728,3725.4951229457474,463.8316884413246,5849.568969629001,10984.190734492015,9961.49138157024,6704.316911664417,12725.471852451092,1910.0798512250403,10349.923358429574,9123.256592929189,8068.497838239549,5481.732701514477,10810.35669514949,4532.948003574494,10642.863416663446,8431.399129970774,11114.17034567652
420034291001,14104.770468108725,13210.778719099979,11107.752599965339,12315.965405060957,11115.260352132536,14440.932839945151,7332.512550593957,14822.757813880286,9401.85136007403,3332.7621420771866,12171.214011914019,14268.334785580559,10167.9354659396,13224.483117735546,13827.091864961463,7480.18327824654,9507.645390060055,6677.25850129074,10200.16701743209,12301.338189855342,15269.463200763948,13224.483117735546,8161.180500745605,5171.2055586502765,5171.2055586502765,5992.456521478033,15462.685546168948,15462.685546168948,15778.219939507806,15798.986521860077,14078.691467331922,16259.288128880047,15285.913848041468,10256.154275577357,12818.448038173088,7575.751858846685,13967.573807966635,14058.702262948724,7819.343274023259,9884.474027349735,21866.979808609438,11605.754890503007,12976.43537421169,9243.807898342044,9952.379331890554,11155.227204107478,15438.9750958554,14956.265518889222,12735.589519691554,12735.589519691554,15201.965418397462,11746.824416738666,4732.737047670505,12047.389006266874,11734.244435245084,10129.777576052482,6967.901422034158,6964.779528821066,11090.902533137814,12885.699872970625,9390.961828833211,9390.961828833211,9285.63547269942,14359.780357804142,14359.780357804142,8966.851416004929,5096.797477909717,6229.647810736297,13645.475862054418,14433.836705559237,14126.27189031073,8145.857220840204,10313.939735954342,14834.35312216481,10055.022206211714,12782.815887888884,12225.762985527213,7266.007258429469,9453.34309190454,10890.77897820766,11634.641887731563,11107.752599965339,11311.337207554663,12431.820205098067,12667.2192739003,5356.6393351937295
420034297001,16220.18218876926,17185.972530787854,9277.02287927943,13822.832786332297,12618.81104859351,12610.203119259253,11307.706362281826,16463.084508473126,11042.178054666849,5796.732427538091,13678.081393185357,15771.885482041544,14143.129277627475,14728.033814196526,15333.959246232807,8431.522653383907,14179.12685577576,8096.261544272571,11840.49371202491,13808.205571126682,15225.088915448923,14728.033814196526,12136.374312433472,4048.2456702276904,4048.2456702276904,4750.388448889726,16966.23624262994,16966.23624262994,17418.546634100658,19774.18033354796,12247.961746646024,17899.6148234729,16926.24054263431,14927.635741293057,16793.641849860956,11550.945670534553,16082.985528627167,16174.113983609257,8509.48017093078,12474.399251310118,23680.17353658068,13109.305586963983,14479.986070672669,13915.289364057746,11459.246713161878,12662.09458537881,16942.525792316395,16459.816215350213,16710.78333137942,16710.78333137942,16705.51611485845,13250.375113199641,4857.509901937622,15341.017128720228,9903.514714559175,11636.644957323808,8563.10781499706,8649.884173817161,12594.453229598792,11575.077156393327,11744.18152400965,11744.18152400965,11638.855167875858,12529.050637118244,12529.050637118244,13638.332881720631,6269.499608796393,7648.650853718127,15149.026558515401,15937.387402020222,15633.139271582077,9753.711062071492,14289.133547642215,16474.67981675765,11695.34890080453,16758.009699576753,13732.630366798552,11241.201070117339,13428.536903592416,14501.869062463033,13141.509269002896,9277.02287927943,12818.204588825996,16407.01401678594,11356.596557323002,4949.828704030934
420033206002,11933.484681663058,15567.494127124757,10687.00457860085,6839.195285344035,5828.283968821021,8288.178133641066,11838.007560403801,12176.387001366918,8152.901333458982,11933.755722807593,5650.341387464669,1781.6708926690249,13275.47652369565,3903.406821882419,2523.9485751268603,10417.536696680565,15409.68214998334,8802.682491444855,9160.938545007515,5595.039668588329,4950.40397904602,3903.406821882419,12149.047155606879,13797.185763340032,13797.185763340032,13342.551080865847,624.6217548534714,624.6217548534714,12592.906865566403,18156.454761285873,11280.65539853621,13088.959193729652,12532.859579290915,16060.675611754248,14968.87765257383,12139.161173491013,11796.288021520966,11887.416476503055,10778.646428959313,10121.126111650385,12282.429650180355,4613.542062742896,2884.3401974647504,16014.987573693046,6136.036677796217,6765.82977297174,1732.2539747221895,1348.5461786631104,15535.624326259922,15535.624326259922,2258.91085801972,6333.971102350724,12978.861714798612,11132.80979182601,10785.390212921076,6184.334570719401,8273.039726130306,8299.553196923822,4972.768865233986,8147.291426343008,10349.274011129553,10349.274011129553,10243.94765499576,7267.970375180292,7267.970375180292,15933.35101041314,10740.650349390877,9036.87005414848,3379.130558545711,1630.0271815785622,2372.991229012544,7118.2843959039,13210.681662573217,12187.982309651443,8806.072179596664,14951.962780532294,3991.6571856385417,11756.936089713536,11349.747521010393,10294.988766320754,6323.5784794470555,10687.00457860085,6759.438931655701,12869.354344744648,8399.042643929233,12232.456679847193
420033207001,11955.545875241298,15589.555320702997,11217.49652581147,6861.256478922273,5850.345162399259,8818.670080851683,11860.068753982041,12198.448194945158,8174.96252703722,11955.816916385833,5672.4025810429075,2312.162839879643,13297.53771727389,4443.360729275915,2546.009768705099,10439.597890258805,15431.74334356158,8824.743685023095,9182.999738585755,5617.100862166567,5480.895926256639,4443.360729275915,12171.108349185119,13819.246956918272,13819.246956918272,13364.612274444087,983.4599578310751,983.4599578310751,12453.64720243494,18178.51595486411,11811.14734574683,12949.699530598189,12393.599916159452,16082.736805332488,14990.93884615207,12161.222367069253,11818.349215099206,11909.477670081294,10800.707622537553,10143.187305228625,12143.169987048892,4635.603256321135,3376.3884354325496,16037.048767271286,6158.097871374455,6787.890966549978,1592.9943115907263,1209.2865155316467,15557.685519838162,15557.685519838162,2119.651194888257,6356.032295928962,13000.922908376851,11154.87098540425,11315.882160131696,6206.395764297639,8295.100919708544,8321.614390502062,4994.830058812224,8677.783373553628,10371.335204707793,10371.335204707793,10266.008848574,7798.462322390909,7798.462322390909,15955.41220399138,10762.711542969117,9058.93124772672,3909.6225057563306,2160.519128789181,2342.7150473927577,7140.345589482138,13232.742856151457,12210.043503229683,8828.133373174902,14974.023974110534,4013.718379216781,11778.997283291776,11371.808714588633,10317.049959898994,6345.639673025294,11217.49652581147,6781.500125233939,12891.415538322888,8929.53459113985,12254.517873425433
420034761001,14082.954759270513,17716.964204732212,11918.33097378601,8936.3480589006,8082.792185567543,9519.504528826219,14134.668267291314,13281.981365397482,10302.371411066433,14230.416429695106,7755.002871471235,3521.600917686286,15424.946601303105,5405.385992276182,4523.548654563434,12714.197403568078,17559.152227590796,11099.343198332368,11457.599251895028,7624.528803040512,6181.730374231172,5405.385992276182,14341.9217034737,16093.846470227545,16093.846470227545,15639.21178775336,2935.202485447627,2935.202485447627,12616.231937668783,20305.924838893327,12511.981793721368,13112.284265832031,12556.184651393294,18210.145689361703,17118.347730181285,14435.821880378526,13945.758099128421,14036.88655411051,13075.307135846826,12270.59618925784,12305.754722282734,6868.050279489418,4712.57502833724,18164.4576513005,8285.50675540367,8915.299850579195,2308.6822112243044,2713.2478734063593,17685.094403867377,17685.094403867377,3625.7988628593625,8588.479319097247,15275.522421686124,13282.279869433465,12016.716608106237,8333.804648326854,10569.700433017817,10596.213903811333,7227.277081980508,9378.617821528162,12645.934718017066,12645.934718017066,12540.608361883273,8499.296770365447,8499.296770365447,18082.821088020595,13037.31105627839,11333.530761035992,4843.907467336301,3397.4142100231666,4224.3686292141665,9414.945102791415,15360.151740180672,12933.848019569687,10955.542257204113,17101.43285813975,6141.127263245999,14053.596796601048,13499.217598617848,12444.458843928209,8578.086696193577,11918.33097378601,8908.909009263156,15018.824422352103,9630.369039114386,14529.117386734706
420033207002,12859.642591679609,16493.652037141313,12753.47422406906,7621.2971401826935,6870.583627168949,10422.719811194005,12922.459708892724,11974.907977322107,9090.162852667843,13018.207871296516,6439.951952753331,3916.212570221967,14201.634433712206,5662.468887351454,3208.4977358455303,11501.988845169488,16335.840059999899,9887.134639933778,10245.390693496438,6309.477884322608,7084.945656598962,5662.468887351454,13129.71314507511,14881.637911828955,14881.637911828955,14427.00322935477,2679.095716814954,2679.095716814954,11309.158549593409,19082.61267130242,13415.19707608915,11805.210877756657,11249.11126331792,16986.8335217708,15895.035562590389,13223.613321979936,12722.445931537517,12813.574386519605,11863.098577448236,11058.38763085925,10998.681334207362,5655.841721090824,4461.591627368499,16941.145483709603,7073.298197005076,7691.98768298829,993.6312925064001,1501.0393150077655,16461.78223627648,16461.78223627648,2310.7479441414584,7376.270760698652,14063.313863287534,12058.96770184256,12919.931890474018,7121.59608992826,9357.491874619227,9384.005345412743,6015.068523581914,10216.037539270095,11433.726159618476,11433.726159618476,11328.399803484683,9402.512052733233,9402.512052733233,16859.508920429696,11825.1024978798,10121.322202637402,5513.672236098655,3764.568859131505,2909.317710496263,8202.736544392817,14136.839572589774,11626.774631494312,9743.333698805523,15878.120690548853,4928.918704847405,12841.388238202459,12275.905431026942,11221.146676337306,7365.878137794984,12753.47422406906,7685.596841672251,13795.512254761203,10374.516658890345,13316.908828336116
420034825001,5389.710271579426,10153.232699622857,18158.90738855116,11615.626827300795,13952.449904657555,19536.98848007259,11637.27810424028,5437.521921773564,10878.654178939167,16673.876215514345,11757.05710781657,14815.608948109868,9638.057615755371,16277.345700739586,12191.683726961337,15405.015718824245,12074.83355290796,13672.277153940153,11845.890989387028,11887.181285757895,17984.342034486857,16277.345700739586,11120.20479540733,18784.664785483707,18784.664785483707,18330.030103009525,13391.881507146154,13391.881507146154,4771.772494044866,11448.419634991475,20410.403354989263,5267.824822208113,4711.72520776938,12232.87973654948,9905.27468872947,12274.330575855245,5552.346094588905,5458.861231838219,15766.125451102991,10972.165951284469,4813.2971203550715,14384.776411792976,15076.46844075663,12669.568298593878,11377.679674389097,10495.235665370321,11640.095165417373,12083.35037615844,11478.659586657273,11478.659586657273,11914.358032664126,14463.527065136866,17841.103752380237,7528.847060939503,18483.360203719203,11546.917651742164,12998.505765580096,13025.01923637361,13325.658975729977,15998.430422442769,11925.032007156946,11925.032007156946,11819.705651023154,18114.193500008256,18114.193500008256,12592.143127773204,15602.892386972511,13899.112091730116,16413.068613986554,14663.965237019405,11892.50370161207,11918.612747725076,9537.24544778691,5089.38857594577,11299.577883451253,9888.359816687938,13319.181024058402,11688.363165352588,10105.495206054104,8651.41403048515,14236.151526902802,18158.90738855116,10566.114503658879,6710.334138721668,15779.949823372448,17219.93570199087
420034762001,13690.757422063749,17324.766867525446,12390.99115458306,8472.113780901465,7690.594848360782,9992.164709623274,13742.47093008455,12407.191735193876,9910.174073859669,13838.219092488342,7290.768593472104,3485.657468651238,15032.749264096341,5644.595659467807,4059.3143765643026,12322.000066361314,17166.95489038403,10707.145861125604,11065.401914688264,7160.29452504138,6654.390555028233,5644.595659467807,13949.724366266935,15701.649133020781,15701.649133020781,15247.014450546596,2871.8020329852366,2871.8020329852366,11741.442307465177,19913.72750168656,12984.64197451842,12237.494635628425,11681.395021189688,17817.948352154937,16726.150392974523,14043.624543171762,13553.560761921657,13644.689216903746,12683.109798640062,11878.398852051076,11430.965092079128,6475.852942282657,4649.174575874848,17772.260314093735,7893.309418196909,8523.10251337243,1844.4479332251724,2321.050536199599,17292.89706666061,17292.89706666061,3161.564584860231,8196.281981890485,14883.32508447936,12890.082532226701,12489.376788903286,7941.607311120092,10177.503095811053,10204.016566604569,6835.079744773747,9851.278002325216,12253.737380810302,12253.737380810302,12148.411024676509,8971.956951162501,8971.956951162501,17690.62375081383,12645.113719071625,10941.333423829228,5083.117134527926,3334.0137575607764,3760.134351215035,9022.74776558465,14967.954402973908,12059.05838936608,10563.34491999735,16709.235520932987,5748.929926039237,13661.399459394284,13107.020261411084,12052.261506721445,8185.889358986816,12390.99115458306,8516.711672056392,14626.62708514534,10103.029219911441,14136.920049527942
420031411001,4443.978324697842,5408.094749002916,17259.463688758686,10716.18312750831,13053.006204865069,18637.54478028011,9361.379194909448,5358.241418987417,9979.210479146683,15774.432515721866,10857.61340802408,16481.621635260228,7100.16513377225,15437.769967415214,14100.297593824282,14505.572019031766,9661.124829147517,12772.833454147665,10566.571702487368,10987.737585965406,17482.750050443618,15437.769967415214,8844.305886076501,17885.221085691228,17885.221085691228,17430.58640321705,16642.337073312883,16642.337073312883,6032.595347508851,6055.147677362892,19510.95965519679,6509.310228350631,5951.21689378262,9610.704918450749,5422.224201762024,9998.431666524419,4606.614147707321,4513.129284956635,14866.681751310512,9347.409231954956,9034.287789116785,13485.332712000494,15189.722223891356,10255.85957483344,10478.235974596613,9595.791965577835,15047.630773551235,15490.885984292301,7464.786127947949,7464.786127947949,15321.893640797989,13564.083365344384,16941.660052587762,6217.7754007889525,17583.91650392673,10647.47395194968,12099.062065787606,12125.57553658112,12426.215275937488,15098.98672265029,10300.275287827437,10300.275287827437,10194.948931693645,17214.749800215784,17214.749800215784,10178.434404012762,14703.448687180033,12999.668391937634,15858.762711734085,16647.123555238908,14399.477619173551,11019.169047932588,6999.352965803788,5526.99477647959,9995.310524702974,5380.405085296385,12419.737324265912,9412.464256021756,7829.596296723278,7131.006492201651,13336.70782711032,17259.463688758686,9666.670803866393,4324.210790326352,14880.50612357997,16320.492002198393
420034803003,10763.24025619726,14397.249701658966,12968.090775332086,5524.894804700341,7091.2260322180755,12291.852726390447,11878.307016876464,10880.111733349306,7877.4512388931325,12750.482591971531,4343.54961727098,5785.032029418035,12105.232098229857,6778.583192483244,2554.425071951488,11299.80974970572,14239.43772451755,9619.40936060879,8844.688049340995,4213.075548840257,8954.078571795408,6778.583192483244,11360.649640569613,14679.458816365192,14679.458816365192,14224.824133891008,4492.831606616894,4492.831606616894,10214.362305620607,16986.210335820077,15219.586741770183,10710.414633783856,10154.315019345122,14890.431186288457,13798.63322710804,12670.827025728759,10626.043596055168,10717.172051037256,11660.91948198447,9279.15905627815,9903.885090234562,5800.970829253358,5577.705932500288,14844.743148227255,6043.001063868667,5595.5853475059375,2741.0452648881087,3167.7823334455798,14365.37990079413,14365.37990079413,2744.6351494211126,7722.790096824205,13795.588583962544,9962.56536636021,13292.543590500129,5963.82534677552,9086.44991048388,9112.963381277394,5705.389598569638,10508.738843477078,10220.904764589082,10220.904764589082,10115.57840845529,11271.644967929677,11271.644967929677,14763.106584947349,11557.377218554811,9853.596923312412,6994.603668255246,5650.449583390264,2288.380109428697,7850.128356824831,12040.437237107424,10531.978387521513,8298.374943405217,13781.718355066503,4076.2422082315206,11916.545613181044,10179.503095544593,9124.744340854957,7639.466781697072,12968.090775332086,5589.194506189899,11699.109919278853,10589.133210153374,13114.72973287235
420035231001,11210.344544960057,4986.0825302146895,20698.708168100453,14491.97071657881,16616.570385895735,22076.789259621877,10058.935246067875,12837.534988614954,12500.028828235398,16801.292406685545,14633.400997094584,19920.866114602,7194.351856760106,18877.01444675698,17876.085182894778,17037.16247151472,8543.014294375236,15482.19580349691,12511.60656437914,14763.52517503591,20921.99452978539,18877.01444675698,9858.787975548208,20412.595605269828,20412.595605269828,19957.960922795643,20418.124662383365,20418.124662383365,13511.888917136386,3993.625102117411,22950.204134538555,13988.603797978167,13430.510463410154,6528.13972825402,5628.8564663512725,10493.001444640659,11372.98036796953,11279.495505218847,17398.272203793465,11114.16651022723,17108.613395202054,17258.286219524445,18628.966703233124,8539.602023678935,14457.94248438095,13371.579554648333,20104.483625226898,19573.631531821156,4601.78500136015,4601.78500136015,19251.600016157987,17014.66398308167,18997.40108275448,11098.805513362162,21023.160983268495,14436.268143633999,14926.63419692588,14915.604601975745,16364.726685617963,18538.23120199206,11600.561619353133,11600.561619353133,11495.235263219342,20665.33041795307,20665.33041795307,8378.53256446717,17024.568249264114,15331.398899245596,19298.007191075852,20086.36803458068,18175.265208244047,13913.056685179072,7196.3407373897,13006.288346107123,11940.345386594747,5562.863156051133,16195.52491333642,10110.020307180182,9290.789390502801,10225.403276269553,16787.288444847607,20698.708168100453,13442.458392936891,8720.420371921586,18319.75060292174,18847.866521776992
420030201002,7180.508653546206,10542.694130612508,7313.378918359101,4723.468450408423,3382.462431412622,8691.46000988053,5310.657903979869,7423.410973250068,2189.5494842637836,4797.957964037603,4578.717057261483,6535.536864860643,7658.172976136257,5491.685197015628,6234.594910308934,3126.5045786174064,9092.413461785562,1541.700705876061,2993.5073275966683,4708.841235202808,7536.665280044033,5491.685197015628,5636.645297122459,6506.153645276876,6506.153645276876,6051.51896280269,7729.887625449033,7729.887625449033,8378.873098877591,13130.901933372617,9564.874884797202,8859.941288249835,7886.567007411252,10381.384908004968,10025.680687619979,5611.81151706708,7043.311993404114,7134.4404483862045,3487.614310896156,4157.774262455192,14640.500001357617,3872.956969783094,5243.63745349177,9682.55439080715,2359.882377238014,3562.7302494549417,7706.177175135485,7223.467598169308,10087.79331113903,10087.79331113903,7469.167497677547,4014.0264960187515,5843.063956028623,6319.454742686918,7637.831733527144,2537.2806213999443,1155.1134446867875,1234.6159945475065,3358.104612417901,5152.901952250707,3840.227928355191,3840.227928355191,3734.901572221399,7287.94500669218,7287.94500669218,9427.568881948084,3604.8525906208893,1901.072295378491,5912.677941334502,6701.038784839324,6533.774935658202,858.4502162858286,7681.781932849239,7435.006281534595,2842.720330401466,10008.765815578445,4633.266030874679,5229.586433289603,5680.082117403259,5480.306676429723,3930.70318089162,7313.378918359101,3718.840252902128,8054.260157347313,4934.4213531803825,4941.424561784035
420035605002,5493.276504859431,2938.7459790518387,16893.78821932333,10140.157429590054,12758.966121091822,18271.869310844762,7661.7790191735285,7120.466948514329,9259.41850460345,14404.136179791189,10281.58771010583,16115.946165824875,4785.693852117699,15072.094497979857,13524.27189590602,13853.258362321625,7304.3917015557645,12116.57844775919,9270.996240747194,10411.711888047155,17097.336280223837,15072.094497979857,7414.8221256571915,17232.9074289811,17232.9074289811,16778.272746506915,16066.311375394625,16066.311375394625,7794.820877035763,3454.388289430521,19145.284185761426,8271.53575787754,7713.442423309531,7157.302749968276,2961.9173791952926,8105.581220082531,5655.9123278689085,5562.427465118222,14214.368094600382,8041.927156656965,11029.430142856334,13072.030834692201,14824.046754456,7899.126447241683,10184.796711273144,9019.76626765958,15752.670338238162,15221.818244832413,5004.479305381218,5004.479305381218,14899.786729169251,13202.37843770183,16285.40504619928,5566.359811873354,17218.241034491377,10084.454856645243,11442.807059399134,11469.320530192648,12012.913398629209,14733.311253214937,8994.793212529445,8994.793212529445,8889.466856395653,16853.04487257323,16853.04487257323,7821.701276421009,14047.19368079155,12343.413385549155,15493.087242298732,16281.448085803551,13823.45192125529,10362.914041544112,4767.464975928938,7289.220306006501,8699.735062962802,2920.0982627296535,11843.711626347666,7712.864080285836,6510.2242396457195,5825.5244169036605,12975.002899467769,16893.78821932333,9090.64510594814,3014.326773545501,14514.830654144616,15668.178345488259
420030201001,7190.710918901699,10728.501018702098,7064.1265545673305,4594.537404120685,3133.210067620845,8442.207646088751,5611.135965668128,7433.6132386055615,2375.3563723533757,5371.355803040433,4449.786010973746,6286.2845010688725,7930.045685059926,5242.432833223858,6105.663864021195,3701.381316771827,9377.943725534302,2116.5774440304817,3179.3142156862605,4579.91018891507,7287.412916252264,5242.432833223858,5922.175560871206,7081.030383431294,7081.030383431294,6626.395700957108,7480.635261657264,7480.635261657264,8389.075364233084,13316.708821462207,9315.62252100542,8870.143553605323,7896.7692727667445,10666.915171753712,10206.103142843704,5912.289578755339,7053.514258759607,7144.642713741697,4062.4910490505767,4343.581150544783,14650.70226671312,3623.704605991317,4994.385089700001,9983.032452495409,2230.951330950273,3433.799203167203,7456.924811343715,6974.215234377538,10273.60019922862,10273.60019922862,7219.915133885777,3764.774132226975,6416.461795031452,6499.877197910645,7388.579369735375,2408.349575112204,1728.5112836896208,1808.0138335503398,3108.8522486261245,4903.649588458937,4122.402416393879,4122.402416393879,4017.076060260087,7038.692642900411,7038.692642900411,9728.046943636342,4178.250429623723,2474.4701343813244,5663.425577542732,6451.7864210475545,6404.843889370463,1044.2571043754199,7867.58882093883,7445.208546890087,3028.527218491058,10189.18827080217,4504.334984586941,5530.064494977862,5865.889005492851,5660.72913165345,3681.450817099843,7064.1265545673305,3589.9092066143894,8234.682612571041,4685.168989388612,5516.301299938453
420030703001,4468.619803452164,4064.05530707131,13075.678336036286,6467.736545739777,8988.12385718948,14453.759427557707,2909.5808956489905,6288.361312467,4876.998996171227,9651.938056266656,6609.166826255552,12297.836282537826,1410.9690951283574,11253.984614692805,9851.85101205575,9857.136326232905,3641.542836315275,8043.691259329977,4888.576732314972,6739.291004196877,13298.96469772122,11253.984614692805,2388.996292338928,13236.785392892385,13236.785392892385,12782.150710418195,12393.890491544344,12393.890491544344,6962.715240988434,6653.015941232429,15327.174302474381,7439.430121830213,6881.336787262201,4196.1681831869555,3465.438832520383,3547.0055828952063,4331.423143310073,4422.5515982921615,10218.246058511653,3491.136678163061,11704.982113259766,9399.609950841928,11005.93687116895,4236.277582001194,6433.708313541918,5347.345383809303,12080.24945438788,11549.397360982131,3671.1168976926283,3671.1168976926283,11227.365845318967,9386.217454375415,11848.046732335593,2962.167472057989,13400.131151204328,6412.033972794965,7369.919870969918,7396.433341763433,8340.49251477893,10915.201369927885,4143.963766265514,4143.963766265514,4038.637410131722,13036.883889246808,13036.883889246808,4158.852411180519,9862.706442630784,8169.537092612264,11674.977359011682,12463.33820251651,10151.031037405019,6290.026853114901,1346.1742340059259,6457.114669959173,4317.315554530579,3448.52396047885,8171.290742497387,2960.6659567612983,1675.9365247213027,2201.1691054305256,9158.841916141351,13075.678336036286,5418.224222097861,2269.822509748384,10696.720770857562,11672.056309399539
420034810001,7562.039355989714,11196.048801451416,9006.827900249455,2429.090817344305,3129.9631571354416,9574.882807521792,8574.631090895851,7804.941675693576,4194.782327302744,8893.55946655171,1240.2369194649411,5085.460433489635,8904.031198022309,4065.6674242533163,2202.817340479652,7442.886624285904,11038.236824309999,5762.4862351889715,5378.105866568891,1169.724096688609,5942.922540835766,4065.6674242533163,8159.448740362068,10822.535690945375,10822.535690945375,10367.901008471192,4744.856819968259,4744.856819968259,8760.4038013211,13785.009435612526,11258.323866687553,9241.471990693339,8268.09770985476,11689.230286080907,10597.432326900489,8875.784703983061,7424.842695847622,7515.971150829711,7803.996356564652,6077.958156070604,13404.443688528785,1935.408269425549,3677.0398955067712,11643.542248019705,2186.077938448848,2394.3844472983897,4443.481011194124,3900.363689406045,11164.17900058658,11164.17900058658,3578.332173742879,3761.5272217415713,9938.665458542728,6761.364466152665,9331.280715417497,2106.902221355701,5229.526785064061,5256.040255857575,1744.126723487004,6547.475968394443,7019.703864381538,7019.703864381538,6914.377508247745,7962.403480634997,7962.403480634997,11561.905684739799,7700.454093134993,5996.673797892596,4486.660168572191,5192.849723471437,2501.99736582892,3993.2052314050125,8839.236336899878,7816.5369839781015,4847.953173440428,10580.517454858953,522.2570709212941,8493.559620205584,6978.302195337047,5923.5434406474105,3678.203906614439,9006.827900249455,2387.993605982351,8497.909019071309,6627.870335070738,9257.806607452534
420034810002,8006.4581580362565,11640.46760349796,9506.889952569407,2768.1127065393352,3630.0252094553966,9621.145057480935,9121.524918715459,8249.360477740118,4747.679322946651,9446.456462195614,1586.7675191099754,5131.7226834487765,9348.450000068851,4111.929674212459,1873.3752942442072,7995.783619929811,11482.655626356544,6315.383230832878,5931.002862212798,1456.293450679253,5989.184790794908,4111.929674212459,8603.867542408609,11375.432686589278,11375.432686589278,10920.798004115095,4447.725243618022,4447.725243618022,9204.822603367638,14229.42823765907,11758.385919007504,9685.890792739883,8712.5165119013,12133.649088127451,11041.851128947033,9428.681699626966,7869.261497894165,7960.389952876254,8356.89335220856,6522.376958117146,12737.086931359085,2339.770006490678,3723.302145465914,12087.96105006625,2738.974934092754,2838.803249344933,4103.533880544213,3603.2321130558066,11608.597802633125,11608.597802633125,3248.8901275074327,4261.589274061526,10491.562454186631,7205.783268199208,9831.34276773745,2659.799216999607,5782.423780707968,5808.937251501483,2244.1887758069583,7047.538020714398,7464.12266642808,7464.12266642808,7358.796310294288,8462.465532954951,8462.465532954951,12006.324486786343,8253.351088778902,6549.570793536503,4532.922418531334,5156.088153803736,2172.5553195934745,4546.1022270489175,9283.655138946418,8260.955786024644,5400.850169084334,11024.936256905497,615.0413854688425,9046.45661584949,7422.72099738359,6367.962242693953,4178.265958934394,9506.889952569407,2832.412408028894,8942.327821117848,7127.932387390693,9810.703603096437
420034810003,8332.904825605629,11966.91427106733,9436.267767173265,3235.143648295154,3559.403024059255,9339.227394412379,9056.905901143615,8575.80714530949,4677.057137550509,9375.834276799473,2046.28975041579,4849.8050203802195,9674.896667638222,3830.0120111439005,1492.32217618166,7925.161434533668,11809.102293925913,6244.761045436736,5860.380676816656,1928.3909305991888,5707.267127726351,3830.0120111439005,8716.607429957778,11304.810501193137,11304.810501193137,10850.175818718953,4066.6721255554744,4066.6721255554744,9531.269270937011,14555.87490522844,11687.763733611362,10012.337460309256,9038.963179470675,12460.09575569682,11368.297796516403,9358.059514230825,8195.708165463537,8286.836620445625,8286.271166812418,6645.28191574192,12693.948524230793,2177.477905435148,3441.3844823973554,12414.407717635619,2668.3527486966127,3165.2499169143057,3741.7362996174875,3222.1789949932595,11935.044470202494,11935.044470202494,2867.8370094448856,4190.967088665385,10420.94026879049,7532.229935768579,9760.720582341308,2589.1770316034654,5711.801595311826,5738.3150661053405,2173.566590410817,6976.915835318256,7540.172202421739,7540.172202421739,7434.845846287947,8319.019635951603,8319.019635951603,12332.771154355712,8182.728903382758,6478.94860814036,4251.004755462777,4775.035035741188,1791.5022015309276,4475.480041652776,9610.10180651579,8587.402453594015,5330.227983688192,11351.382924474867,488.8836005988693,8975.83443045335,7749.167664952962,6694.408910263324,4107.643773538252,9436.267767173265,3158.8590755982664,9268.77448868722,7057.310201994551,9740.081417700296
420034810004,8581.387363592423,12215.396809054126,9792.506755668113,3343.0419120955016,3915.6420125541026,9759.80730319552,9413.144889638463,8824.289683296283,5033.296126045357,9732.07326529432,2161.696724666142,5061.651902921646,9923.379205625017,4250.591919927043,1644.3565973343457,8281.400423028515,12057.584831912709,6601.000033931584,6216.619665311504,2031.22265623542,6127.847036509493,4250.591919927043,9072.846418452626,11661.049489687985,11661.049489687985,11206.414807213801,4218.706546708161,4218.706546708161,9779.751808923804,14804.357443215236,12044.00272210621,10260.819998296049,9287.445717457465,12708.578293683617,11616.780334503199,9714.298502725673,8444.190703450331,8535.319158432421,8642.510155307265,7001.520904236768,12770.469264006286,2602.2828758278183,3861.9643911804974,12662.890255622415,3024.59173719146,3413.7324549010996,3818.257039392977,3374.2134161459458,12183.52700818929,12183.52700818929,3004.7298830431096,4547.206077160233,10777.179257285337,7780.712473755375,10116.959570836156,2945.416020098313,6068.040583806674,6094.5540546001885,2529.8055789056643,7333.154823813104,7896.411190916587,7896.411190916587,7791.084834782795,8739.599544734743,8739.599544734743,12581.253692342509,8538.967891877606,6835.187596635208,4671.584664245918,4927.069456893874,1928.39507512915,4831.719030147624,9858.584344502584,8835.88499158081,5686.46697218304,11599.865462461663,892.2299117436625,9332.073418948197,7997.650202939757,6942.89144825012,4463.8827620331,9792.506755668113,3407.3416135850603,9517.257026674013,7413.549190489399,10096.320406195144
420030201003,6651.26729808942,9855.68279628488,6938.793244502931,4210.233766238921,3007.876757556445,8316.874336024355,4936.53703850574,6894.169617793283,1502.5381499361526,4860.833835034353,4065.4823730919816,6160.951191004473,7057.227462642702,5117.099523159458,5721.360226139429,3506.8477613010295,8703.344798371914,1729.7606036716127,2306.495993269037,4195.606551033306,7162.079606187864,5117.099523159458,5247.576633708818,6886.496827960503,6886.496827960503,6431.862145486317,7355.301951592864,7355.301951592864,7849.631743420803,12443.89059904499,9190.289210941019,8330.699932793046,7357.325651954465,9906.41141774782,9463.352115357982,5237.690651592951,6514.070637947329,6605.199092929417,3867.957493579779,3470.7629281275604,14111.25864590084,3498.371295926917,4869.051779635601,9308.433525333023,1846.64769306851,3049.4955652854387,7331.591501279316,6848.881924313138,9400.781976811402,9400.781976811402,7094.581823821377,3639.440822162575,5905.939827025371,5772.102238040392,7263.246059670974,2024.0459372304406,1217.07131149913,1246.9059850221627,2983.5189385617246,4778.316278394537,3447.8034892314918,3447.8034892314918,3342.4771330976996,6913.35933283601,6913.35933283601,9053.448016473956,3667.728461617636,1963.9481663752363,5538.092267478332,6326.453110983154,6020.540251488696,221.27082794081238,6994.770598521607,6905.764926077807,2155.708996073835,9427.71996507378,4120.0313467051765,4855.465567815474,4993.070783075627,4932.954171783197,3528.910248909524,6938.793244502931,3205.605568732625,7506.907652700787,4559.835679324212,5321.767744467662
420030402002,4425.770730173595,6808.819106439796,10191.018031370695,3704.231648589971,6101.514652563262,11569.099122892125,4120.165499180031,4668.673049877456,2408.94306210647,8415.407321380746,3845.6619291057464,9413.175977872239,4399.111411633454,8369.324310027223,7088.346114905935,7150.488174368993,6394.889361039327,5413.80825980655,2420.520798250214,3975.78610704707,10414.304393055629,8369.324310027223,3602.508122873181,10530.137241028464,10530.137241028464,10075.502558554277,9630.385594394538,9630.385594394538,5624.135175504978,9397.779740600907,12442.513997808797,6105.20336487722,5131.829084038639,7234.919862447622,6210.202631888868,4912.685508032319,4288.574070031504,4379.702525013592,7511.597906647744,1509.8971910201756,11885.762077985008,6559.406914684719,8121.276566503368,7000.194784749031,3552.310177280842,2583.8404866594947,9316.744557238075,8785.892463832326,6709.868576953296,6709.868576953296,8463.860948169162,6499.608249749198,9582.634858246647,2503.9766869558084,10515.470846538741,3648.52907564516,4740.036871446492,4766.550342240007,5500.289478621722,8030.541065262304,2462.763246892651,2462.763246892651,2357.436890758859,10150.274684620594,10150.274684620594,6918.558221469127,7344.423492838916,5640.643197596517,8790.317054346098,9578.67789785092,7387.526140255204,3660.1438535914754,4336.6545475123585,4680.268358161981,1849.2596204658219,6193.287759847335,5407.785845347577,4158.4040954846105,2334.95473206638,1664.8286206986124,6272.232711515134,10191.018031370695,2654.719324948053,4238.782101616206,7812.060466191981,8965.408157535623
420030404001,3695.079405413781,5231.537534119656,11501.639448927728,4748.008659194447,7366.817350696217,12879.720540449158,3225.066109186729,5318.9921475473175,3758.0685707328457,9591.176827738005,4889.438939710223,10723.797395429272,2971.8855000204435,9679.945727584254,8132.123125510415,8461.109591926024,5124.644520327557,6724.429677363582,3769.6463068765897,5019.563117651547,11705.18750982823,9679.945727584254,2704.481505876666,11840.758658585497,11840.758658585497,11386.12397611131,10674.162604999025,10674.162604999025,6274.454273174841,7820.498168280768,13753.13541536583,6755.522462547083,5782.148181708501,5757.084588079041,4632.921059568728,3883.8130634590657,3557.882745271689,3649.0112002537776,8822.21932420478,2372.2062527246794,12036.052106378544,7679.882064296596,9431.897984060397,5729.949944037261,4792.647940877538,3627.6174972639733,10360.521567842561,9829.669474436812,5232.033302584714,5232.033302584714,9507.637958773648,7810.229667306228,10893.256275803678,1637.6979435719343,11826.092264095774,4692.306086249637,6050.658289003524,6077.171759797039,6620.764628233601,9341.162482819334,3325.0723085971567,3325.0723085971567,3219.745952463365,11460.896102177627,11460.896102177627,5648.313380757357,8655.044910395947,6951.264615153548,10100.938471903131,10889.29931540795,8431.303150859687,4970.765271148505,2907.0906388980115,5330.587455831843,3198.3851290921975,4616.006187527195,6451.562855952057,3276.151170299037,1171.111867012996,433.37564650805473,7582.854129072164,11501.639448927728,3698.496335552531,2753.479208045624,9122.681883749015,10276.029575092656
420030405001,3507.405048927123,6174.9183443280035,10827.54505747685,4071.477728855715,6690.286420357484,12205.626148998279,4114.314842102215,4361.878002598881,3193.175342756967,9051.9343474869,4212.90800937149,10049.703003978393,3924.711272691235,9005.851336133375,7455.592195171682,7787.015200475146,6077.8781533331085,6050.335285912706,3204.753078900711,4343.032187312814,11028.656579489496,9005.851336133375,3593.7302387921522,11166.664267134618,11166.664267134618,10712.029584660431,9997.63167466029,9997.63167466029,5317.3401282264,8763.878978489116,13079.041023914951,5798.4083175986425,4825.034036760061,6709.910360749833,5576.301869777076,4773.061796374551,3370.2083887850313,3461.3368437671197,8148.124932753898,2130.4931059002834,11578.96703070643,7003.351133957863,8757.803592609518,6683.183577042812,4116.1170105388055,2951.08656692524,9683.990637503826,9153.138544098078,6184.859075255506,6184.859075255506,8831.107028434913,7136.135275855352,10219.1618843528,1450.0235870852766,11151.997872644895,4015.775155910904,5376.563897552648,5403.077368346163,5944.233697894868,8667.068091368455,3083.3591617727584,3083.3591617727584,2978.0328056389676,10786.801710726748,10786.801710726748,6601.547013762908,7980.950518945069,6277.170223702672,9426.844080452252,10215.204923957072,7754.772220520951,4296.670879697628,3859.916411568803,4373.473310883406,2633.4919011163183,5559.3869977355425,5775.031925613324,4165.399903214523,2060.360599928482,674.4508786938637,6908.759737621288,10827.54505747685,3021.9654052137976,3371.396718897837,8448.587492298137,9601.935183641777
420030405002,3857.4425349872945,6702.031275072412,10449.175636777152,3682.1413438193126,6300.950035321079,11827.256728298573,4550.941893665739,4100.344854691157,2893.6933615227745,8699.561113319236,3823.571624335088,9671.333583278694,4422.716654177267,8627.481915433678,7066.255810135277,7434.641966307478,6556.922280464957,5697.962051745038,2926.818133860885,3953.6958022764115,10639.320194453088,8627.481915433678,4030.3572903556756,10814.291032966952,10814.291032966952,10359.656350492765,9608.295289623882,9608.295289623882,5055.806980318678,9290.991909233522,12700.671603215247,5536.87516969092,4563.500888852339,7207.915742235865,6103.414800521485,5209.688847938076,3720.245874845203,3811.3743298272916,7795.751698586229,2005.0310998136017,11317.433882798709,6614.014748921458,8373.437549124095,7162.227704174661,3726.7806255024034,2561.7501818888372,9294.654252467419,8763.80215906167,6682.864456741539,6682.864456741539,8441.770643398506,6757.005485116013,9866.788650185134,2089.690342288387,10773.628451945195,3626.4387708745016,5024.190663384979,5050.704134178494,5554.897312858463,8288.698670668758,2957.8971556860783,2957.8971556860783,2852.5707995522866,10407.671919987413,10407.671919987413,7080.591140894757,7628.577284777401,5924.796989535003,9048.474659752554,9836.835503257375,7365.435835484546,3944.2976455299636,4357.921793054835,4111.940162975682,2355.556956076492,6086.499928479951,5385.6955405769195,4602.026954778047,2496.9876514920065,1262.7407491384245,6529.62994688195,10449.175636777152,2632.6290201773954,3989.960380211628,8070.218071598436,9249.561949474111
420030510002,4730.4193518139,6925.616891194254,10563.32541732103,4119.814244349927,6481.187635116306,11941.40650884245,3796.457060518675,5284.442318527523,2364.646077455977,8405.159327372143,4261.244524865703,9785.48336382257,4142.160243752014,8741.631695977552,7503.928710665889,7344.78340751765,6137.9381931578855,5531.338340614725,2376.223813599721,4391.368702807026,10786.611779005963,8741.631695977552,3278.799684211826,10724.432474177129,10724.432474177129,10269.797791702938,10045.968190154497,10045.968190154497,6239.904444155044,9513.824693954355,12814.821383759125,6720.972633527286,5747.598352688705,6990.417914668847,6375.556398703226,4588.977069370966,4593.222691671807,4684.351146653897,7705.8931397964,1186.1887523588207,12501.53134663508,6974.989510444673,8493.583952453693,6743.243616867591,3967.892773040798,2999.423082419451,9732.327152998034,9201.475059592285,6470.71607172078,6470.71607172078,8879.443543929121,6879.281232302242,9700.164939054825,2673.0378899720513,10887.778232489072,4064.1116714051163,4857.566952254669,4884.080423048184,5915.872074381677,8402.848451212629,2139.054808231296,2139.054808231296,2033.7284520975047,10529.947667173648,10529.947667173648,6661.607053587687,7461.953573647089,5758.173278404691,9162.624440296426,9950.985283801254,7803.108736015159,3777.673934399653,4079.703379630919,5296.037626812048,1804.9626358153284,6358.641526661693,5823.368441107532,3834.695656823256,2078.003564184937,1833.889823714855,6651.9056940681785,10563.32541732103,3070.301920708009,4407.843304632449,8184.367852142306,9159.70339068428
420030511001,5846.156692948763,8207.059455756096,8940.220330661385,3697.3403240062653,4858.082548456667,10318.301422182805,4550.803534210595,6089.059012652625,747.8173609556171,6913.519713519807,3838.7706045220402,8162.378277162925,5408.604122113926,7118.526609317911,6446.2706401525475,5725.365718848536,7404.382071519797,3911.92065194561,1205.6970458514752,3968.894782463364,9163.506692346318,7118.526609317911,4033.1461579037455,9105.014785508009,9105.014785508009,8650.38010303382,8988.310119641154,8988.310119641154,7044.521138280145,10795.267258516205,11191.71629709948,7525.589327652388,6552.215046813807,8257.788077219038,7814.728774829203,5343.323543062887,5708.960032806671,5800.088487788759,6086.475451127286,1961.8206436878904,13306.148040760176,5499.798382085373,6870.4788657940535,8009.687495229502,2571.558107081622,2576.9491620757885,8686.934310867018,8143.816989078939,7752.158636282623,7752.158636282623,7821.785473415773,5256.176145642602,8080.747250385706,4462.286203463762,9264.673145829427,2740.796084434689,3238.149263585551,3264.662734379066,4519.537408422502,6779.743364552989,2893.401281923216,2893.401281923216,2788.0749257894245,8906.842580514003,8906.842580514003,7928.050931949598,5842.535884977975,4138.755589735576,7539.519353636784,8327.880197141607,6745.450665501815,2158.2562457305353,5346.14725799283,6100.654320937149,632.8268942493937,7779.096624545,4844.941760718289,4589.042130515177,3344.4474425468493,3623.1381372065657,5028.800607408539,8940.220330661385,2647.828000364347,6197.091618124157,6561.2627654826665,7540.285702015166
420030603002,7526.018971431146,6632.027222422402,10968.530180416154,7510.95036070332,7037.613693469671,12346.611271937574,971.535543628816,8739.389265032793,4665.045198116432,6860.439745077886,7652.380641219096,10190.688126917697,3589.183969262029,9146.836459072683,9529.581677856895,6776.774301270348,5013.674419596483,5221.807633252538,4183.544605144237,7782.504819160419,11191.816542101085,9146.836459072683,1572.5693697931322,10152.20743502547,10152.20743502547,9697.572752551285,11385.038887506085,11385.038887506085,9694.851390660313,9220.235025182497,13220.026146854241,10175.919580032552,9202.545299193975,6302.645865815891,6239.696541495509,1272.6891567160264,7388.822311289055,7479.950766271143,7137.884033549098,2736.2688959625166,15288.228311931864,7528.108231840144,8898.788715548826,5343.432030456101,5654.869144785975,6390.559198772846,11361.328437192537,10878.618860226361,6156.838023013976,6156.838023013976,10905.096511120119,7564.507238861056,8937.246506005833,5468.637509589297,11292.982995584196,5832.267388947905,4666.246026681511,4655.216431731379,7013.255874474949,8808.053214307762,2237.524439508786,2237.524439508786,2132.1980833749944,10943.096268749232,10943.096268749232,5088.446521597031,6764.180079019741,5071.0107290012265,9567.829203391557,10356.19004689638,9828.761703206164,4042.5092948342854,3735.18823927677,8750.984573317319,4056.8306751565565,6204.0643912113055,7928.2527984226435,890.4640729385494,2874.5915952269715,4312.0274815300845,7337.131700626991,10968.530180416154,6461.4380370614035,5853.068708420492,8589.572615237437,8587.478351532627
420030605001,6589.040600457406,7479.621753244875,10149.989761214008,5799.429443893508,6219.073274267523,11528.070852735433,2621.993028921134,7027.86834822298,2953.5242813066193,6443.42502852427,5940.859724409283,9372.147707715552,4449.644352617475,8328.296039870533,8683.04110920712,5979.745252851634,5883.884838266778,4424.778584833826,2472.0236883344214,6070.9839023506065,10373.276122898942,8328.296039870533,2104.335652614285,9355.178386606758,9355.178386606758,8900.543704132573,10566.49846830394,10566.49846830394,7983.330473850501,10067.829556004983,12401.4857276521,8464.398663222742,7491.024382384162,7172.856284486191,7087.291072317983,3203.638248516273,6451.843940315313,6542.972395297403,6340.854985130384,1024.7479791527016,14244.957376330547,6709.567812637995,8080.2482963466755,6489.190261976483,4808.328576136203,4679.038281963033,10542.788017990391,10060.078441024216,7024.720933771403,7024.720933771403,10058.55594247035,6717.966670211282,8140.217457587118,4531.659138615561,10474.44257638205,4985.726820298134,3869.216978262798,3858.187383312666,6194.715455272801,7989.512795105613,305.9946954633705,305.9946954633705,200.66833932957863,10124.555849547087,10124.555849547087,6407.553698696581,5967.151030601028,4273.981680582515,8749.288784189408,9537.649627694234,8982.221134556388,3223.9688756321407,4476.808671783517,7039.463656507505,2345.309758346741,7051.658922033779,7081.71222977287,2660.231625225715,3111.255235883674,3678.697781848483,6490.591131977218,10149.989761214008,4749.917120251591,6132.270381522667,7771.032196035287,7790.449303113914
420030605002,6659.81292760723,7260.373582199203,10939.513162707524,5870.201771043332,7008.596675761035,12317.594254228949,2402.7448578754593,7098.640675372804,3024.2966084564428,7232.948430017782,6011.632051559108,10161.671109209068,4230.396181571801,9117.819441364049,8915.873797190126,6769.268654345146,5664.636667221106,5214.301986327338,2542.7960154842444,6141.756229500431,11162.799524392458,9117.819441364049,1885.0874815686109,10144.701788100274,10144.701788100274,9690.067105626089,11356.021869797456,11356.021869797456,8054.102801000326,9848.581384959307,13191.009129145616,8535.170990372568,7561.796709533986,6953.6081134405185,6868.042901272311,3195.2648667277517,6522.616267465138,6613.744722447227,7130.378386623896,1095.5203063025251,14315.729703480369,7499.0912141315075,8869.771697840191,6269.942090930811,5041.161264119208,4749.8106091128575,11156.537467904598,10613.42014611652,6805.472762725731,6805.472762725731,10291.388630453353,7440.285644956049,8929.740859080634,4602.431465765385,11263.965977875567,5210.399241472274,4658.740379756311,4647.71078480618,6984.238856766313,8779.036196599125,1053.2773980610455,1053.2773980610455,947.9510419272535,10914.079251040603,10914.079251040603,6188.3055276509085,6756.67443209454,5063.505082076027,9538.812185682924,10327.17302918775,9215.053822539394,4013.492277125653,4257.560500737843,7110.23598365733,2416.082085496564,6832.410750988107,7314.544917755872,2440.98345418004,3182.027563033497,3749.470108998306,7212.910106721984,10939.513162707524,4820.689447401415,6197.9712399406235,8560.5555975288,8579.972704607428
420030708002,4771.473572977284,2826.3973958496135,14288.168094372884,7662.640082196137,10198.664715565455,15666.249185894314,4130.417465178069,6398.664016632186,6322.971215456863,10872.774625795728,7804.070362711913,13510.326040874428,1357.0298772739507,12466.47437302941,11046.754548512099,11096.137234410455,3917.9895726492173,9489.66347861561,6334.548951600607,7934.194540653237,14511.454456057818,12466.47437302941,3727.1097040123145,14471.570368165572,14471.570368165572,14016.935685691387,13588.794028000708,13588.794028000708,7073.0179451536205,5415.3580300107305,16539.664060810992,7549.732825995399,6991.639491427388,3931.418815257337,2227.7809212986863,4589.752877644332,4855.86054244952,4840.624533236075,11457.246966689207,4937.1088974486975,11735.159717006514,10594.51348729828,12218.426629505553,4512.724318335137,7644.249171917904,6542.248920265664,13275.152990844244,12744.300897438496,3161.971331655227,3161.971331655227,12422.269381775332,10596.758312751394,13068.883301864656,4061.7284394409,14612.62090954093,7606.937509251326,8815.892090255556,8842.40556104907,9535.39605123528,12127.69112826449,5468.883347817238,5468.883347817238,5363.5569916834465,14247.424747622783,14247.424747622783,4435.299147514462,11083.54301215985,9390.373662141339,12887.467117348288,13675.827960853107,11345.93457386137,7735.999072400537,1256.2177093054893,6567.4173741243585,5763.287773816214,2210.866049257153,9366.194278953737,4181.502526290376,3118.7130555122135,3348.0070695097434,10369.38277451733,14288.168094372884,6613.127758554222,2328.148243707858,11909.210529194172,12906.841284672733
420030703002,4295.954152564825,3894.9839124934947,12986.155085826607,6360.62707364985,8896.651707019179,14364.236177348037,3160.9535039167613,6115.69566157966,5128.270945385512,9903.310664534425,6502.057354165626,12208.313032328151,1835.559413579985,11164.461364483133,9744.741539965822,9945.62522882491,4065.7610242712417,8208.945314262468,5139.848681529256,6632.18153210695,13209.44144751154,11164.461364483133,2640.3689006066984,13325.274295484376,13325.274295484376,12870.63961301019,12286.78101945443,12286.78101945443,6790.049590101094,6483.944546654612,15237.65105226471,7266.764470942872,6708.671136374861,4579.847002218354,3296.367437942568,3803.632154489208,4158.757492422734,4249.885947404822,10306.734961103657,3742.4086273773446,11532.316462372424,9292.500478752003,10916.413620959276,4660.495769957162,6342.236163371617,5240.235911719377,11973.139982297967,11442.287888892219,4054.7957167240247,4054.7957167240247,11120.256373229055,9294.745304205117,12099.419340603361,2759.7154308946156,13310.607900994653,6304.9245007050395,7535.173925902409,7561.687396695924,8233.383042689004,10825.678119718214,4395.336374533286,4395.336374533286,4290.010018399494,12945.411739076506,12945.411739076506,4583.0705991364875,10114.079050898554,8420.909700880033,11585.45410880201,12373.81495230683,10043.921565315093,6455.280908047389,1770.7645524575535,6284.4490190718325,4568.587503744864,3279.4525659010346,8064.18127040746,3212.038565029069,1927.2084739355873,2045.9940609634593,9067.369765971052,12986.155085826607,5311.114750007935,2097.1568588610444,10607.197520647895,11760.545211991535
420032602001,14041.214433730349,15458.899665150468,9223.083391385413,11643.865031293386,10439.843293554599,12556.263631365224,9580.633496644454,14284.116753434211,8863.210299627937,3449.8188307860387,11499.113638146446,13592.917727002632,12416.056411990096,12549.066059157614,13154.991491193896,6672.93953714126,12582.886071330837,5917.293789233662,9661.525956985999,11629.23781608777,14594.046142186025,12549.066059157614,10409.301446796104,3322.3902635991017,3322.3902635991017,4107.787312898108,14787.268487591025,14787.268487591025,15239.578879061733,18047.107467910555,12194.022258751995,15720.647068433975,14747.272787595395,13331.394956848135,15066.568984223573,9823.872804897184,13904.017773588255,13995.146228570346,7012.09953291798,10127.485654558064,21501.20578154175,10930.337831925071,12301.018315633757,12319.048579612823,9280.278958122966,10483.1268303399,14763.558037277478,14280.8484603113,14983.710465742042,14983.710465742042,14526.548359819537,11071.40735816073,2678.5421468987147,13162.049373681317,9849.575226665156,9457.677202284896,6384.140059958149,6470.91641877825,10415.48547455988,11521.137668499305,9397.267927257593,9397.267927257593,9291.941571123802,12475.111149224214,12475.111149224214,12042.092097275709,4090.5318537574854,5469.683098679218,12970.05880347649,13758.41964698131,13454.171516543165,7574.743307032581,12562.060682004838,14295.712061718736,9516.38114576562,15030.93683393937,11553.66261175964,9514.128204479966,11701.46403795504,12322.901307424121,10962.541513963984,9223.083391385413,10639.236833787085,14679.941151148556,11302.65706942898,3471.970126613804
420032602002,13262.83322612542,14402.85849198117,8055.195812802588,10865.483823688457,9661.46208594967,11388.3760527824,8524.59232347515,13505.735545829282,8084.829092023008,2839.383464894254,10720.732430541517,12814.536519397703,11360.015238820799,11770.684851552685,12376.610283588967,5785.776497383952,11396.012816969083,5138.912581628734,8883.14474938107,10850.856608482842,13815.664934581097,11770.684851552685,9353.260273626796,2154.5026850162762,2154.5026850162762,2939.899734315283,14008.887279986096,14008.887279986096,14461.197671456805,16991.066294741267,11026.13468016917,14942.265860829046,13968.891579990466,12144.521702486381,14010.527811054279,8767.831631727877,13125.636565983326,13216.765020965417,5863.734014930823,9517.050288666278,20722.82457393683,10151.956624320143,11522.637108028828,11132.17532525107,8501.897750518037,9704.74562273497,13985.17682967255,13502.46725270637,13927.669292572746,13927.669292572746,13748.167152214608,10293.026150555801,1900.160939293786,12383.668166076388,8681.687648082332,8679.295994679967,5605.758852353221,5692.535211173322,9637.104266954952,10353.25008991648,8786.832561365809,8786.832561365809,8681.506205232017,11307.22357064139,11307.22357064139,10855.218842913955,3312.1506461525564,4691.30189107429,12191.67759587156,12980.038439376382,12675.790308938236,6796.3620994276525,11506.01950883554,13517.330854113807,8737.99993816069,13974.895660770075,10775.281404154712,8458.087031310662,10645.42286478574,11544.520099819192,10184.160306359056,8055.195812802588,9860.855626182156,13623.899977979261,10134.769490846156,2304.0825480309786
420032607001,11874.810867378554,14233.173912630436,8021.468380367379,9477.46146494159,8273.439727202805,11354.648620347194,8354.907744124423,12117.713187082416,6696.806733276147,2142.00009601041,9332.71007179465,11426.514160650837,11190.330659470064,10382.662492805819,10988.5879248421,4506.53597078947,11908.4543624035,3750.890222881871,7495.1223906342075,9462.834249735975,12427.64257583423,10382.662492805819,9183.575694276073,2735.9227665791336,2735.9227665791336,2906.1723018800753,12620.86492123923,12620.86492123923,13073.175312709938,16821.381715390533,10992.407247733965,13554.24350208218,12580.8692212436,12656.963247920798,13840.843231703542,8598.147052377151,11737.61420723646,11828.74266221855,4845.69596656619,8246.226014027547,19334.802215189968,8763.934265573276,10134.614749281962,11644.616870685484,7113.875391771176,8316.723263988106,12597.154470925683,12114.444893959504,13757.984713222011,13757.984713222011,12360.144793467742,8905.003791808935,940.5057329996432,10995.645807329522,8647.960215647125,7291.273635933106,4217.736493606359,4304.512852426459,8249.081908208085,10043.8792480409,7516.008286727077,7516.008286727077,7410.681930593285,11273.496138206185,11273.496138206185,11367.66038834837,1924.1282874056935,3303.2795323274277,10803.655237124694,11592.016080629515,11287.76795019137,5408.339740680791,11336.334929484807,12129.30849536694,7349.977579413829,13805.211081419338,9387.259045407845,8288.402451959935,10187.339366415623,10156.497741072326,8796.13794761219,8021.468380367379,8472.833267435291,12730.451221989922,9825.398648970577,2256.29092876407
420032607002,11386.426772771627,13935.888491855392,8284.501866228376,8989.077370334664,7785.055632595878,11617.682106208189,8157.176573387983,11629.32909247549,6208.422638669219,1702.6039215297449,8844.325977187724,10938.13006604391,10891.349362893621,9894.278398198892,10500.203830235174,4018.1518761825428,12066.447562405658,3262.5061282749452,7006.73829602728,8974.450155129049,11939.258481227303,9894.278398198892,8869.821683879823,3098.0014210984737,3098.0014210984737,3110.604425362241,12132.480826632303,12132.480826632303,12584.791218103011,16524.096294615483,11255.44073359496,13065.859407475253,12092.485126636673,12814.956447922956,13543.5578109285,8400.415881640713,11249.230112629533,11340.358567611624,4357.311871959262,7806.829839546881,18846.418120583043,8275.55017096635,9646.230654675035,11802.610070687642,6625.491297164248,7828.339169381178,12108.770376318756,11626.060799352577,13468.753451960418,13468.753451960418,11871.760698860815,8416.619697202008,1127.0962229296283,10507.261712722595,8910.99370150812,6802.889541326178,3729.3523989994324,3816.128757819533,7760.6978136011585,9555.495153433973,7076.612112246411,7076.612112246411,6971.285756112619,11536.52962406718,11536.52962406718,11525.653588350528,1435.7441927987672,2814.895437720502,10315.271142517768,11103.631986022589,10799.383855584443,4919.955646073863,11034.596212008773,11640.924400760014,6861.593484806901,13507.925660644296,8898.874950800919,8090.6712812234955,9698.955271808696,9668.1136464654,8307.753853005262,8284.501866228376,7984.449172828364,12242.067127382996,9337.01455436365,1947.544140431666
420034772001,12617.630902711153,16796.20543666365,14144.912290662827,7923.850539705024,8225.57814100919,11977.633538806938,14256.024465861261,10629.537767607597,9884.335969077028,14409.645937890284,6742.505352275662,5471.126297834902,14504.187833234546,7053.906953945219,3992.758780343337,12893.426911763256,16638.393459522234,11278.572706527546,11059.499241534311,6612.031283844938,8639.859384211899,7053.906953945219,13759.605375574301,16273.075978422723,16273.075978422723,15818.441295948538,4070.533783408718,4070.533783408718,9963.788339878898,19385.16607082476,14970.110803702084,10459.840668042147,9903.74105360341,17289.386921293142,16197.588962112728,14557.17807894847,12754.554779764243,12661.069917013558,13254.536644042004,11678.114791282838,9653.311124492851,7010.8362349310655,5853.029693962265,17243.69888323194,7867.471313414258,7994.54108251062,2314.5287917936844,2823.0984334850673,16764.335635798816,16764.335635798816,3631.6454434287416,8731.265274538897,15454.751929881302,12361.521101364899,14469.365105830871,7915.7692063374425,10748.929941212995,10775.44341200651,7348.391581196435,11571.032053110339,12619.860499593771,12619.860499593771,12514.53414345998,10957.425780346166,10957.425780346166,17162.062319952034,13216.540564473567,11512.76026923117,7068.585963711592,5319.482586744441,3693.578754994069,9594.174610986587,14439.392972112113,10281.404421779802,10537.506815214712,16180.674090071192,5723.091821256582,14174.952995170996,12578.458830549282,11523.700075859646,8720.872651635229,14144.912290662827,7988.150241194581,14098.065654283542,11765.954725484113,14708.346894929884
420030409001,3905.5436301053905,7221.144271711858,9808.669515688882,3041.635222731042,5660.443914232809,11186.750607210302,4895.750097227127,4148.445949809253,2339.516773672778,8134.738810247961,3183.0655032468176,9030.827462190424,4929.126668282752,7986.975794345411,6425.749689047007,6865.878313557858,7063.332294570443,5133.139748673764,3065.3605403428555,3313.189681188141,9998.814073364818,7986.975794345411,4378.092720920278,10245.527380217325,10245.527380217325,9790.89269774314,8967.789168535612,8967.789168535612,5103.908075436776,9810.104905872973,12060.165482126977,5584.976264809018,4611.601983970437,7714.325756341351,6622.52779716093,5688.270106079418,3768.346969963299,3859.4754249453877,7226.988045836607,2285.4817890672725,11365.534977916803,5973.508627833188,7732.931428035826,7668.637718280147,3086.274504414133,1921.2440608005666,8654.148131379148,8123.2960379734,7189.2744708470245,7189.2744708470245,7801.264522310236,6116.4993640277435,9301.966347113856,2509.1222262269985,10133.122330856924,2985.932649786231,4459.368360313705,4485.881831107221,4914.3911917701935,7648.19254958049,3238.347844939747,3238.347844939747,3133.021488805956,9767.165798899143,9767.165798899143,7587.001155000243,7063.754981706127,5359.97468646373,8407.968538664285,9196.329382169104,6724.929714396277,3379.4753424586875,4864.331807160319,4160.041258093778,2494.0993625584633,6605.612925119397,4745.18941948865,4933.988693531709,3003.3976655974902,1910.9712038523264,5889.12382579368,9808.669515688882,1992.1228990891248,4430.49535803956,7429.711950510166,8680.798296724486
420030409002,3846.859467639402,7103.189835905208,10899.584826418359,4132.550533460522,6751.359224962291,12277.66591793978,5101.841270770859,4089.761787343263,3410.906377325115,9216.774129121573,4273.980813976298,10121.7427729199,4844.851797993748,9077.891105074888,7516.664999776489,7951.854982109821,6998.018678635623,6215.175067547381,3791.3430055088334,4404.104991917621,11089.729384094295,9077.891105074888,4581.256667460796,11331.504048769288,11331.504048769288,10876.869366295101,10058.704479265089,10058.704479265089,5045.223912970785,9692.150470066323,13151.080792856454,5526.292102343027,4552.917821504446,7630.050886052347,6504.573361354281,5760.588225043197,3709.66280749731,3800.7912624793985,8312.964714388574,2869.5559714615497,11306.850815450816,7064.42393856267,8823.846738765305,7603.3241023453265,4177.189815143614,3012.1593715300473,9745.063442108625,9214.211348702878,7104.99960055802,7104.99960055802,8892.179833039714,7207.414674757225,10384.00166598747,2394.6385172484847,11224.037641586401,4076.847960515712,5541.403679187323,5567.917149980838,6005.306502499675,8739.10786030997,3822.4220273340266,3822.4220273340266,3717.095671200235,10858.08110962862,10858.08110962862,7521.687539065422,8145.790300579744,6442.010005337347,9498.883849393762,10287.244692898581,7815.845025125758,4461.510661332303,4780.056936871316,4101.357095627789,3220.0818277244402,6487.658489312747,5836.104730218131,5152.926331883167,3047.8870285971275,1816.7660225572956,6980.039136523162,10899.584826418359,3083.038209818606,4316.011649061044,8520.627261239646,9766.774965276447
420030501001,5962.153551951876,7906.240080989627,8856.814493594791,3813.3371830093806,4782.42589244169,10234.895585116223,3996.825911470147,6205.055871655738,642.7753384018442,6811.0666631347885,3954.7674635251556,8078.972440096335,5107.784747347456,7035.120772251319,6534.3525271355265,5622.912668463518,7103.562696753327,3809.4676015605946,610.6907091032666,4084.8916414664795,9080.100855279728,7035.120772251319,3479.1685351632977,9002.561735122992,9002.561735122992,8547.927052648802,9076.39200662413,9076.39200662413,7160.517997283258,10494.447883749735,11108.310460032897,7641.5861866555015,6668.21190581692,7956.968702452568,7513.909400062733,4789.345920322439,5824.956891809784,5916.085346791872,5984.022400742268,1407.8430209474423,13422.144899763289,5416.392545018785,6787.073028727462,7708.868120463032,2659.6399940646074,2692.946021078904,8775.016197849998,8231.898876061918,7451.339261516153,7451.339261516153,7909.867360398752,5180.519489627625,7978.294200000688,4161.466828697291,9181.267308762837,2828.877971417675,3135.6962132005356,3162.2096839940505,4607.619295405485,6696.337527486399,2339.423659182768,2339.423659182768,2234.0973030489763,8831.185924499026,8831.185924499026,7627.231557183128,5740.082834592957,4036.3025393505604,7456.113516570194,8244.474360075015,6833.532552484794,2055.803195345519,5045.32788322636,6216.651179940262,128.68298264205905,7478.27724977853,4933.02364770127,4035.0645077747276,3043.6280677803793,3322.3187624400957,4953.143951393562,8856.814493594791,2763.8248593674625,5896.272243357687,6477.856928416075,7437.832651630148
420030406001,3683.86919670962,6335.039053524497,10983.444688701242,4216.410395743406,6835.219087245173,12361.525780222662,4333.690488390148,4298.728481866672,3490.953814937298,9296.821566733757,4357.840676259182,10205.602635202784,4076.7010156130373,9161.750967357772,7600.524862059371,8031.902419722004,6229.867896254911,6295.222505159564,3592.8338158997226,4487.964854200506,11173.589246377178,9161.750967357772,3813.1058850800855,11411.551486381471,11411.551486381471,10956.916803907285,10142.564341547972,10142.564341547972,5254.190607494196,8923.999687685613,13234.940655139337,5735.258796866438,4761.884516027857,6861.900103671635,5736.422578973569,4992.437442662485,3546.6725365675284,3637.800991549617,8393.012152000756,2659.129873649362,11515.817509974226,7148.283800845552,8907.706601048189,6835.173319964615,4261.0496774264975,3096.0192338129295,9828.923304391508,9298.071210985761,6336.848818177308,6336.848818177308,8976.039695322599,7291.274537040107,10464.049103599653,1626.4877348677733,11307.897503869284,4160.707822798595,5621.451116799506,5647.964587593021,6089.166364782557,8822.967722592852,3611.995929521837,3611.995929521837,3506.669573388046,10941.940971911503,10941.940971911503,6753.536756684711,8225.837738191927,6522.05744294953,9582.743711676643,10371.104555181464,7899.70488740864,4541.558098944488,4011.9061544906053,4310.3237901511975,3021.57263811533,5719.507706932036,5919.964592501014,4384.775549502456,2279.736246216417,1073.5412757113675,7063.898998806044,10983.444688701242,3166.8980721014887,3547.8608666803343,8604.48712352253,9846.82240288863
420030501002,5847.607087432857,7232.433736068372,9576.229430374131,4483.362222730212,5501.840829221032,10954.310521895562,3216.3393296441295,6286.434835198431,1362.1902751811845,7530.481599914131,4624.792503245988,8798.387376875677,4433.978402426202,7754.535709030662,7253.767463914869,6342.32760524286,6429.756351832072,4528.882538339934,1240.2868840324224,4754.916681187311,9799.515792059068,7754.535709030662,2698.6819533372804,9721.976671902332,9721.976671902332,9267.341989428141,9795.80694340347,9795.80694340347,7241.896960825952,9820.641538828479,11827.725396812237,7722.965150198194,6749.590869359613,7283.162357531313,6840.103055141478,4008.859338496422,5710.410427290764,5801.538882272854,6703.43733752161,631.2986877831173,13503.523863305994,6135.807481798128,7506.487965506804,7035.061775541777,3379.054930843948,3362.9710607997363,9494.431134629338,8951.31381284126,6777.532916594898,6777.532916594898,8629.282297178093,5899.934426406968,8697.70913678003,3790.2256255910115,9900.682245542177,3548.2929081970155,3855.1111499798762,3881.624620773391,5327.0342321848275,7415.752464265742,1558.9370773567503,1558.9370773567503,1453.6107212229588,9550.600861278366,9550.600861278366,6953.425212261873,6459.497771372299,4755.7174761299,8175.528453349537,8963.889296854357,7552.9474892641365,2775.2181321248595,4371.521538305107,6298.030143482956,753.9757522213054,6804.470904857275,5652.438584480613,3254.5779259487103,2369.8217228591247,2937.264268823934,5672.5588881729045,9576.229430374131,3433.8498990882945,5390.836868498118,7197.271865195417,8157.24758840949
420030703003,4433.729658828803,4390.252068201136,12664.386540945301,6038.858528768549,8574.883162137874,14042.46763246673,2939.222752571782,6430.991381120538,4580.23246237222,9681.579913189444,6180.288809284325,11886.544487446845,1906.8661544818228,10842.692819601827,9422.972995084516,9560.3697924339,4118.1864500765005,7746.924725530968,4591.810198515964,6310.412987225649,12887.672902630235,10842.692819601827,2418.6381492617193,12940.01885909338,12940.01885909338,12485.384176619189,11965.012474573125,11965.012474573125,7236.721093064797,6979.212702362258,14915.882507383403,7713.435973906576,6894.147415281722,4692.065242540422,3791.635593650209,3585.2337405387534,4296.532998686712,4387.6614536688,9921.479524712648,3194.370144364055,11978.987965336124,8970.731933870697,10594.64507607797,4723.491873786204,6020.467618490316,4918.4673668380765,11651.371437416661,11120.519344010912,4167.013957046094,4167.013957046094,10798.487828347748,8972.97675932381,11877.688589258381,2439.073527328774,12988.839356113347,5983.155955823739,7073.15333717091,7099.666807964425,7911.614497807703,10503.909574836907,4147.236200236531,4147.236200236531,4041.909844102739,12623.6431941952,12623.6431941952,4641.855310506302,9677.539958563339,7973.759663320934,11263.685563920704,12052.046407425523,9722.153020433787,5993.260319315894,1842.0712933593913,6442.586689405063,4020.5490207315715,3774.720721608676,7742.412725526159,2990.30781368409,1429.656293070599,1724.2255160821576,8745.601221089746,12664.386540945301,4989.346205126634,2543.8283618247465,10285.428975766588,11375.289775600533
420030705001,4686.329768525527,3548.9320019705024,13616.194164862964,7008.2523745664585,9528.639686016157,14994.275256384384,3414.9202787103604,6393.977379752693,5417.514824997908,10157.277439328016,7149.682655082233,12838.352111364504,887.5085053628751,11794.500443519482,10392.366840882427,10380.640047942752,3485.611687048664,8584.207088156658,5429.092561141653,7279.806833023558,13839.480526547897,11794.500443519482,2897.8469698774143,13756.073181697866,13756.073181697866,13301.438499223681,12934.406320371021,12934.406320371021,7068.331308274128,6137.89263613162,15867.690131301058,7545.046189115907,6986.952854547895,3660.5001939053245,2950.3155274195756,3956.5325831281802,4549.133108383436,4640.261563365524,10741.749780221502,4031.6525069897425,11810.598180545454,9940.125779668606,11546.452699995627,4080.346432734584,6974.224142368599,5887.861212635984,12620.765283214558,12089.913189808809,3135.4489084109964,3135.4489084109964,11767.881674145645,9926.733283202093,12353.38611539695,3517.433426485054,13940.646980031006,6952.549801621646,7910.435699796599,7936.949170590115,8881.008343605612,11455.717198754563,4652.814443803999,4652.814443803999,4547.488087670206,13577.399718073486,13577.399718073486,4002.92126191391,10368.045825692145,8674.876475673633,12215.49318783836,13003.854031343188,10691.546866231696,6830.5426819415825,822.7136442404436,6562.730737244866,4857.83138335726,2933.4006553780423,8711.806571324067,3466.0053398226682,2216.4523535479834,2741.684934257207,9699.357744968029,13616.194164862964,5958.740050924542,2375.43857703408,11237.23659968424,12191.344098205027
420030705003,4895.91984912516,3466.185387224791,13364.932021036037,6951.496974195547,9282.794238831311,14743.013112557457,3119.7540594115926,6668.9111112774135,5166.25268117098,9862.111220029254,7092.927254711322,12587.089967537577,751.1367651870484,11543.238299692555,10335.61144051151,10085.47382864399,3349.239946872837,8332.944944329729,5177.8304173147235,7223.051432652647,13588.21838272097,11543.238299692555,2602.6807505786464,13460.906962399104,13460.906962399104,13006.272279924919,12877.650920000104,12877.650920000104,7343.265039798848,6054.393189984891,15616.427987474131,7819.979920640627,7261.8865860726155,3536.3358532456473,3032.6789557918173,3756.806531026563,4758.723188983069,4849.851643965158,10446.58356092274,3780.3903631628127,12085.531912070177,9883.37037929769,11295.1905561687,3943.9746925587574,6917.468741997688,5831.105812265073,12564.00988284364,12033.157789437892,3011.284567751319,3011.284567751319,11711.126273774726,9680.887836017244,12058.219896098188,3576.3366018952943,13689.384836204079,6895.794401250736,7659.173555969671,7685.687026763185,8824.252943234698,11204.455054927636,4357.648224505231,4357.648224505231,4252.321868371439,13331.554270888655,13331.554270888655,3866.549521738083,10072.879606393382,8379.71025637487,11964.231044011432,12752.59188751626,10634.791465860779,6579.2805381146545,686.3419040646169,6837.664468769586,4606.5692395303295,3014.8708280133137,8655.051170953157,3170.8391205239004,1961.994521226328,2684.929533886296,9453.512297783183,13364.932021036037,5901.984650553631,2650.3723085588017,10985.974455857313,11896.177878906265
420030706001,4673.458029520686,3025.1896085495205,13959.360884284213,7333.832872107459,9869.857505476786,15337.441975805643,3845.8487724446536,6300.648473175589,5945.578194145412,10588.20593306231,7475.263152623234,13181.518830785757,1072.4611845405357,12137.66716294074,10717.947338423428,10811.568541677038,3634.7317804114914,9112.270457304157,5957.1559302891565,7605.387330564558,14182.647245969147,12137.66716294074,3442.5410112788995,14187.001675432155,14187.001675432155,13732.36699295797,13259.986817912037,13259.986817912037,6975.002401697024,5614.150242710637,16210.856850722315,7451.7172825388025,6893.623947970791,3648.161023019611,2426.5731339985937,4305.184184910918,4677.400330758751,4742.608989779478,11172.67827395579,4559.715876137245,11717.269273968352,10265.706277209609,11889.619419416882,4229.466526097412,7315.441961829226,6213.441710176986,12946.345780755573,12415.493687349825,3026.9438864998056,3026.9438864998056,12093.46217168666,10267.951102662722,12784.31460913124,3734.0478706676845,14283.81369945226,7278.130299162648,8438.4990689441,8465.012539737614,9206.588841146611,11798.88391817582,5184.314655083824,5184.314655083824,5078.988298950032,13918.617537534112,13918.617537534112,4152.041355276737,10798.974319426432,9105.804969407922,12558.659907259616,13347.020750764435,11017.127363772699,7358.606051089087,971.6490165720742,6469.401830667762,5385.894752504764,2409.6582619570604,9037.387068865068,3896.9338335569614,2744.515722695487,3019.1998594210686,10040.575564428658,13959.360884284213,6284.320548465544,2282.109670456975,11580.4033191055,12622.272591939316
420030706002,4239.289013203229,3418.8268401519754,13432.981064935175,6807.453052758415,9343.477686127746,14811.062156456604,3526.9153884161733,5945.1720507387545,5505.662498958176,10269.272549033833,6948.883333274191,12655.139011436719,1335.456825847741,11611.2873435917,10191.56751907439,10392.451207933478,3933.560007533529,8655.771293371034,5517.24023510192,7079.007511215515,13656.267426620108,11611.2873435917,3009.8420795832276,13772.100274592944,13772.100274592944,13317.465592118757,12733.606998562998,12733.606998562998,6619.525979260189,6007.787474313094,15684.477031373277,7096.240860101968,6538.1475255339565,4037.9953548184176,2820.2103656010486,4163.9678600311445,4102.092353061138,4193.2208080432265,10753.560940212225,4119.800180950007,11361.792851531514,9739.32645786057,11363.239600067844,4528.294753219451,6789.062142480182,5687.061890827942,12419.965961406535,11889.113868000786,3512.9440693240895,3512.9440693240895,11567.082352337622,9741.571283313684,12465.381225102767,3206.541410003181,13757.43388010322,6751.750479813604,7981.999905010974,8008.5133758044885,8680.209021797571,11272.504098826781,4764.809553509814,4764.809553509814,4659.483197376021,13392.237718185073,13392.237718185073,4450.869582398776,10480.040935397961,8786.87158537945,12032.280087910578,12820.640931415397,10490.74754442366,6902.106887155954,1270.6619647253092,6113.925408230927,4945.979057317528,2803.2954935595153,8511.007249516026,3578.000449528481,2304.6000275082492,2492.820040072025,9514.19574507962,13432.981064935175,5757.9407291165,1926.6332480201402,11054.023499756462,12207.371191100103
420030708001,5030.061579731361,2999.0439838193806,14056.546606233365,7690.643620894125,9974.40882402864,15434.627697754786,3657.303767333015,6657.252023386262,5857.867266368309,10399.66092795067,7832.073901409901,13278.704552734906,797.5186072312541,12234.852884889884,11074.758087210093,10623.023536565399,3351.1645811039516,9024.559529527058,5869.445002512053,7962.198079351225,14279.832967918299,12234.852884889884,3262.005754923758,13998.456670320515,13998.456670320515,13543.82198784633,13616.797566698702,13616.797566698702,7331.605951907698,5587.251786579482,16308.04257267146,7808.320832749477,7250.227498181465,3355.178887429766,2451.9133233944694,4101.105968242019,5109.303698583908,5099.2125399901515,10984.133268844147,4472.004948360143,11999.078485431568,10616.124657657347,11986.805141366029,3945.8993267898722,7672.252710615892,6570.252458963652,13303.156529542239,12772.30443613649,2582.6854381834405,2582.6854381834405,12450.272920473326,10372.502421214573,12595.769604019599,4090.858619454349,14380.999421401408,7634.941047949314,8350.788141166999,8377.301611960513,9563.399589933277,11896.069640124964,5003.779398728684,5003.779398728684,4898.453042594892,14023.168856085984,14023.168856085984,3868.4741559691975,10610.429314314793,8917.259964296289,12655.845629208761,13444.20647271359,11373.938112559365,7270.895123311983,755.0371528905815,6826.005380878435,5298.18382472766,2416.2811731102665,9394.197817651733,3708.388828445323,2653.609106423658,3376.010608207733,10145.126882980512,14056.546606233365,6641.13129725221,2587.628989514533,11677.589041054642,12433.727586827676
420030901001,7988.856161097686,6799.123627413553,12360.270807008092,8654.566887694185,8429.35432006162,13738.351898529512,1259.0309532736583,9475.36477127393,5808.661725107298,7311.248463330783,8795.997168209964,11582.428753509635,3756.28037425318,10538.577085664625,10921.322304448833,8168.514927862297,3929.6298896003964,6613.548259844488,5327.161132135102,8926.121346151287,12583.557168693023,10538.577085664625,2219.252126485217,11125.40785607925,11125.40785607925,11089.313379143223,12776.779514098023,12776.779514098023,10430.826896901452,9387.331430173652,14611.76677344618,10911.895086273695,9938.520805435117,5145.055869187862,6406.792946486659,776.7092082455334,7851.659500955594,7942.787955937682,8529.624660141048,3879.8854229533863,15726.187369346513,8919.848858432093,10290.529342140764,4069.6991756958414,7046.609771377924,7534.175725763712,12753.069063784475,12270.359486818299,6323.934428005126,6323.934428005126,12296.837137712057,8956.247865453004,9507.35713939972,5931.4746992558385,12684.723622176134,7224.008015539854,6057.986653273461,6046.957058323329,8404.9965010669,10199.793840899702,3624.0321319489094,3624.0321319489094,3518.7057758151172,12334.83689534117,12334.83689534117,3814.713666836772,8155.92070561169,6462.7513555931755,10959.569829983495,11747.930673488318,11220.502329798102,5434.249921426233,3913.417396652658,9486.960079558456,5200.447202147421,6371.160796202456,9319.99342501459,1316.0792205431494,3337.428784893516,4774.864671196627,8728.87232721894,12360.270807008092,7605.05456405227,6291.027765835132,9981.313241829375,9979.218978124567
420030709001,4981.928044037341,4297.290524230989,12499.736616417342,6323.808268709978,8417.598834212615,13877.817707938762,2333.7398350835356,6751.298822237894,4301.057276552286,9076.096995701197,6465.238549225753,11721.894562918882,1516.637744994431,10678.04289507386,9707.922735025946,9281.19460661396,3518.3138076601126,7467.749539711034,4312.63501269603,6595.3627271670775,12723.022978102275,10678.04289507386,1813.1552317734725,12660.84367327344,12660.84367327344,12206.20899079925,12249.96221451454,12249.96221451454,7520.966914181642,6885.498326991088,14751.232582855437,7997.681795023421,7214.4548563990775,4362.091547705582,3904.9598433040965,2979.750823050507,4844.73138389525,4935.859838877338,9642.304338892709,2915.194958544119,12263.233786452975,9059.314667841323,10429.995151550005,4123.6192313698175,6262.639596685635,5203.417106779503,11936.321177358077,11405.469083952328,3842.389704757517,3842.389704757517,11083.437568289162,8815.69243139855,11272.205671770134,2948.647896409725,12824.189431585384,6268.105695765166,6793.978151350976,6820.491622144491,8196.564237749131,10339.25965030894,3568.1227057000588,3568.1227057000588,3462.796349566267,12466.35886626996,12466.35886626996,4041.982668089914,9286.865382065325,7593.696032046807,11099.035639392738,11887.396482897566,10007.102760375215,5714.08513349596,1454.1808808733356,6762.894130522419,3741.3738349116365,3869.3276930198936,8027.362465467589,2384.8248961958434,1099.99480510236,2057.2408284007274,8588.316893164487,12499.736616417342,5274.295945068061,2828.074182941591,10120.779051238618,11096.114589780595
420030709002,4380.624202522683,5198.847374784025,11794.056376577339,5316.80676310776,7711.918594372611,13172.13746809876,2625.85838411553,5867.132812698924,3595.377036712281,9368.215544733195,5458.237043623535,11016.214323078879,2459.6102757281665,9972.362655233857,8700.92122942373,8575.514366773958,4459.058256398789,6762.069299871029,3606.954772856025,5588.36122156486,12017.342738262272,9972.362655233857,2105.2737808054667,11955.163433433438,11955.163433433438,11500.528750959247,11242.960708912326,11242.960708912326,6822.594938326447,7787.055177544126,14045.552343015434,7303.663127698689,6330.288846860108,5268.997840804882,4720.582082456194,3284.605338387867,4243.427542380591,4334.55599736268,8936.624099052706,2209.514718704116,12611.956768028787,8248.68016820991,9724.314911710002,5064.363680108493,5282.778530909901,4196.415601177287,10929.319671755862,10398.467578350113,4743.946555310556,4743.946555310556,10076.43606268695,8110.012191558546,10930.895898311133,2323.242740680836,12118.509191745381,5261.10419016295,6088.297911510971,6114.811382304486,7189.562732146916,9633.579410468938,3162.380774576592,3162.380774576592,3057.0544184428004,11760.678626429957,11760.678626429957,4982.727116828589,8692.684532903397,6988.904237660995,10393.355399552735,11181.716243057563,9000.101254772999,5008.404893655955,2397.153411607071,5878.728120983449,3035.693595071633,4703.667210414661,7020.360959865372,2676.9434452278383,695.2226718198829,1166.6327126216236,7882.636653324483,11794.056376577339,4267.294439465844,3176.797164517408,9415.098811398615,10390.434349940591
420031102003,7203.888298694707,4282.177509984674,15139.906333106212,9243.865933890962,11146.631214721634,16517.987424627634,3984.871026453099,9010.04340027972,7030.08965706131,10727.22818707075,9385.296214406733,14362.064279607755,2002.3154714363698,13318.212611762734,12627.980400206929,10963.09825189992,817.9860164206688,9408.13158388212,7008.483270250427,9515.420392348058,15363.192694791142,13318.212611762734,3815.909707350543,14234.735406065469,14234.735406065469,13883.896703180852,15170.019879695525,15170.019879695525,9684.397328801148,6869.509707449527,17391.402299544297,10161.112209642928,9603.018875074917,2050.7869857238666,4030.974458160253,4290.79873759137,7066.691638552617,7157.820093534706,11324.207984178669,5561.207561068706,14426.664201072474,11699.484384530198,13070.164868238877,1339.2186301658674,8991.67197719466,8123.474771960488,14856.378842539061,14325.526749133312,3238.850697864027,3238.850697864027,14003.495233470148,11544.72481190757,12923.336863139688,5883.089430098268,15464.359148274252,9160.909954547724,8852.56997731109,8841.540382360958,10939.65127853553,12979.429366997814,5528.824907651228,5528.824907651228,5423.498551517437,15114.47242143929,15114.47242143929,1261.793459345193,10950.504029649315,9257.334679630807,13739.205356081613,14527.566199586436,12927.160425556198,8213.885447524353,2178.0307723051305,9178.796757771892,6470.406215420662,3990.760629023788,10947.420130648567,4035.956087565407,3703.6075328679894,4991.540509313549,11317.349273673506,15139.906333106212,8194.353610249047,4991.504597561101,12760.94876792749,12773.802302162198
420030902001,7010.443539667458,6034.873985092978,11644.324532935634,7610.367722500481,7713.40804598916,13022.405624457055,229.35898735765494,8496.952149843699,4764.4625599135925,6733.764164968889,7751.798003016258,10866.482479437178,2992.0307319326043,9822.630811592167,10205.376030376376,7452.568653789837,4416.521182267056,5897.6019857720285,4282.961966941396,7881.922180957581,11867.610894620566,9822.630811592167,1175.0529612915084,10547.92355771735,10547.92355771735,10373.367105070765,12060.833240025566,12060.833240025566,9452.414275471221,8623.081787853074,13895.820499373722,9933.482464843464,8960.108184004883,5705.492628486467,5642.543304166085,598.5289486087358,6873.246879525366,6964.375334507455,7813.678386068587,2835.6862577596767,14772.652880168178,8203.902584359634,9574.583068068307,4780.724389672093,6330.663497305464,6489.976560570007,12037.122789712017,11554.413212745842,5559.6847856845525,5559.6847856845525,11580.890863639599,8240.301591380545,8929.87284103782,4953.06207782561,11968.777348103677,6508.061741467394,5342.040379201002,5331.01078425087,7689.050226994439,9483.847566827244,2803.303604342199,2803.303604342199,2697.977248208407,11618.890621268712,11618.890621268712,4525.738880813024,7439.974431539231,5746.805081520716,10243.623555911037,11031.98439941586,10504.556055725645,4718.303647353774,3147.1239512034476,8508.547458128223,4156.248036953715,5606.911153881882,8604.047150942133,293.7272766012846,2359.016163463284,3796.4520497663966,8012.926053146481,11644.324532935634,6560.8553988585645,5337.493276656804,9265.366967756918,9263.27270405211
420030902002,6910.78850813841,5822.10870875986,11931.20348436295,7537.304226245161,8000.286997416471,13309.284575884372,522.0802631658662,8397.297118314653,4691.399063658272,7031.71242782911,7678.734506760938,11153.361430864494,2779.2654555994877,10109.509763019472,10490.705117817932,7748.035474405886,4203.755905933941,6193.068806388077,4209.898470686074,7808.858684702261,12154.48984604788,10109.509763019472,1101.9894650361864,10845.871820577573,10845.871820577573,10668.833925686817,12347.71219145288,12347.71219145288,9352.75924394217,8410.316511519959,14182.69945080104,9833.827433314413,8860.453152475835,5492.727352153349,5429.778027832967,685.162731936846,6773.591847996318,6864.720302978407,8109.145206684636,2762.6227615043545,14651.303365981763,8490.78153578694,9861.462019495615,4809.061329643644,6615.99258474702,6416.913064314686,12324.001741139331,11841.292164173157,5346.9195093514345,5346.9195093514345,11866.219951081157,8525.630678822094,9227.821103898044,4853.407046296563,12255.65629953099,6793.390828908952,5637.507199817051,5626.477604866918,7975.929178421751,9770.726518254553,2730.2401080868767,2730.2401080868767,2624.913751953085,11905.769572696028,11905.769572696028,4620.761406847715,7735.4412521552795,6042.271902136765,10530.502507338351,11318.863350843174,10789.885143167201,5005.182598781086,2934.358674870331,8408.892426599175,4083.184540698393,5394.145877548764,8889.37623838368,586.9442721062215,2259.3611319342353,3696.7970182373483,8298.255140588033,11931.20348436295,6487.791902603244,5216.14376247039,9552.245919184228,9558.73952466816
420030903001,6160.263885627713,5265.6587820981385,11994.194259049571,7034.820272736268,8063.277772103089,13372.275350570993,851.6664086108866,7646.7724958039535,4188.915110149381,7594.02356922855,7176.2505532520445,11216.352205551115,2224.802325765314,10172.500537706093,10080.492298883073,7817.386177843282,3659.0428114146175,6262.419509825473,3707.4145171771843,7306.374731193368,12217.480620734501,10172.500537706093,485.9825107730597,11192.819311598396,11192.819311598396,10738.184629124211,12410.7029661395,12410.7029661395,8602.234621431473,7853.866584858239,14245.69022548766,9083.302810803716,8109.928529965137,4948.0142576340295,4873.328101171246,1324.8142617695205,6023.067225485621,6114.195680467709,8178.495910122032,2260.1388079954645,13900.778743471066,8553.772310473558,9924.452794182236,4264.348235124323,6205.7797658121435,5914.429110805793,12321.155969597545,11778.038647809466,4802.206414832113,4802.206414832113,11456.0071321463,8588.621453508711,9790.13224529748,4102.882423785865,12318.647074217612,6375.01774316521,5706.857903254444,5695.828308304312,8038.919953108369,9833.717292941174,2227.756154577987,2227.756154577987,2122.429798444195,11968.76034738265,11968.76034738265,4182.7116718444195,7804.791955592675,6111.622605574161,10593.493282024972,11381.854125529795,10379.67232423234,5068.173373467704,2262.845700636777,7658.367804088479,3580.7005871895035,4837.695950887042,8479.16341944881,902.7514697231946,1508.8365094235394,2946.2723957266526,8361.245915274649,11994.194259049571,5985.307949094351,4465.619139959693,9615.23669387085,9628.090228105557
420030903002,6425.050485181287,5721.455237553847,11607.096889126933,6923.0627826227765,7676.180402180449,12985.177980648356,605.4246241044336,7911.559095357527,4077.1576200358877,7214.967084109953,7064.493063138553,10829.254835628477,2676.9161085920705,9785.403167783456,9968.73480876958,7430.288807920642,4111.1565942413745,5875.322139902833,3595.6570270636903,7194.617241079876,11830.383250811863,9785.403167783456,416.80351030729224,10805.721941675758,10805.721941675758,10351.087259201573,12023.605596216863,12023.605596216863,8867.021220985052,8309.663040313946,13858.592855565023,9348.089410357295,8374.71512951871,5400.128040460787,5329.1245566269545,1407.390953646447,6287.853825039195,6378.982280021283,7791.398540199392,2148.3813178819705,14189.002192257627,8166.674940550922,9537.355424259598,4716.462017951079,6094.022275698652,5802.671620692302,11999.895145903314,11517.18556893714,5254.320197658871,5254.320197658871,11344.249642032806,8201.524083586075,9411.075760178886,4367.669023339439,11931.549704294974,6263.260253051719,5319.760533331804,5308.730938381672,7651.822583185729,9446.619923018536,2115.9986644644932,2115.9986644644932,2010.6723083307008,11581.662977460011,11581.662977460011,4634.825454671176,7417.694585670035,5724.525235651521,10206.395912102334,10994.756755607157,10267.914834118847,4681.076003545064,2789.333390381463,7923.154403642053,3468.9430970760095,5293.492406342751,8367.405929335317,524.9608530206019,1773.6231089771125,3211.058995280226,7974.148545352011,11607.096889126933,5873.55045898086,4753.842588746253,9228.139323948211,9240.992858182919
420031102002,7210.135428888844,3965.4006289434888,15330.931048875727,9340.789590375218,11248.793266671002,16709.01214039715,4191.3693175486815,8837.325872543748,7132.25170901067,10933.726478166338,9482.219870890995,14553.08899537727,1770.920478185902,13509.237327532248,12724.90405669118,11169.596542995509,1450.6092877764372,9614.629874977707,7143.829445154415,9612.34404883232,15554.217410560663,13509.237327532248,4022.407998446125,14545.029676750624,14545.029676750624,14090.39499427644,15266.943536179775,15266.943536179775,9511.679801065182,6552.732826408343,17582.427015313824,9988.394681906959,9430.30134733895,1425.4911892600755,3714.1975771190682,4625.43551612147,7149.2314265293135,7240.359881511402,11530.706275274257,5746.3893910025035,14253.94667333651,11890.509100299709,13261.18958400839,1971.841901521636,9093.834029144022,8220.398428444743,14953.302499023312,14422.450405617563,2922.073816822842,2922.073816822842,14100.418889954397,11646.886863856938,13129.835154235276,5965.629218074963,15655.38386404377,9263.072006497088,9059.06826840668,9048.038673456547,11041.813330484898,13170.454082767328,5735.3231987468125,5735.3231987468125,5629.996842613021,15297.553298728346,15297.553298728346,1894.4167307009616,11157.002320744903,9463.832970726395,13930.230071851123,14718.590915355953,13024.08408204045,8420.383738619936,1946.6357790546626,9006.079230035919,6572.568267370021,3673.9837479826033,11044.34378713283,4242.454378660989,3809.9606300488385,5074.222150065966,11419.511325622874,15330.931048875727,8291.2772667333,4818.787069825136,12951.973483697004,12980.300593257785
420031102004,6860.817349821153,3617.9453583502623,14984.208205596458,8994.066747095949,10902.070423391733,16362.289297117879,3844.646474269412,8488.007793476057,6785.528865731398,10587.003634887069,9135.497027611726,14206.366152098,1403.9553396696067,13162.514484252979,12378.181213411912,10822.87369971624,1512.513992785488,9267.907031698438,6797.106601875143,9265.62120555305,15207.494567281394,13162.514484252979,3675.685155166856,14198.306833471355,14198.306833471355,13743.67215099717,14920.220692900506,14920.220692900506,9162.361721997491,6205.277555815113,17235.704172034555,9639.076602839268,9080.983268271259,1758.8603142032803,3366.7423065258417,4278.712672842197,6802.508583250041,6893.637038232129,11183.983431994988,5399.666547723231,13904.62859426882,11543.78625702044,12914.466740729122,2033.7466065306862,8747.111185864753,7873.675585165471,14606.579655744043,14075.727562338294,2574.6185462296157,2574.6185462296157,13753.696046675128,11300.16402057767,12783.112310956007,5618.906374795691,15308.6610207645,8916.34916321782,8712.34542512741,8701.315830177278,10695.090487205629,12823.73123948806,5388.60035546754,5388.60035546754,5283.273999333748,14950.830455449077,14950.830455449077,1956.3214357100119,10810.279477465634,9117.110127447126,13583.507228571854,14371.868072076684,12677.361238761181,8073.660895340665,1579.6706405383673,8656.761150968228,6225.845424090749,3326.528477389377,10697.62094385356,3895.73153538172,3463.2377867695695,4727.4993067866935,11072.788482343605,14984.208205596458,7944.554423454028,4469.468990757445,12605.250640417735,12633.577749978516
420031203001,7614.389074862211,2349.5574805544384,16113.045959824934,9906.308508303284,12030.90817762021,17491.12705134636,5473.273037792352,9241.579518517114,7914.366619959872,12215.63019841002,10047.738788819059,15335.203906326476,2608.689648484578,14291.352238481455,13290.422974619249,12451.50026323919,3957.3520860997082,10896.533595221385,7925.944356103616,10177.862966760384,16336.33232150987,14291.352238481455,5273.125767272685,15826.933396994305,15826.933396994305,15372.29871452012,15832.462454107843,15832.462454107843,9915.933447038553,4720.357756187578,18364.54192626304,10392.64832788033,9834.554993312317,2974.130122648181,2298.8536220427136,5907.339236365136,7631.1592154698465,7683.540035121001,12812.609995517936,6528.504301951706,14566.778651849669,12672.624011248916,14043.304494957598,4499.2566477497085,9872.280276105424,8785.917346372808,15518.82141695138,14987.96932354563,355.3228380781648,355.3228380781648,14665.937807882465,12429.001774806142,14411.738874478955,6529.470000344747,16437.49877499298,9850.605935358473,10340.971988650354,10329.94239370022,11779.064477342437,13952.568993716535,7014.8994110776075,7014.8994110776075,6909.573054943816,16079.668209677553,16079.668209677553,4421.831476929034,12438.906040988584,10745.73669097007,14712.34498280033,15500.70582630516,13589.602999968518,9327.394476903546,2610.678529114172,9410.332876009286,7354.683178319223,2240.486578953404,11609.862705060894,5524.3580989046595,4705.127182227277,5639.74106799403,12201.626236572081,16113.045959824934,8856.796184661365,5171.956484645384,13734.08839464621,14262.204313501466
420031203002,7499.628463068845,1853.633218957249,16781.63008411822,10574.89263259657,12699.492301913495,18159.711175639644,6141.857162085636,9126.81890672375,8582.950744253158,12884.214322703305,10716.322913112344,16003.788030619762,3277.273772777863,14959.93636277474,13959.007098912534,13120.084387532475,4625.936210392994,11565.11771951467,8594.5284803969,10846.44709105367,17004.916445803156,14959.93636277474,5941.70989156597,16495.51752128759,16495.51752128759,16040.882838813406,16501.04657840113,16501.04657840113,9801.17283524519,4138.864635122107,19033.126050556322,10277.887716086967,9719.794381518957,3035.8008210936387,2145.679982199748,6575.92336065842,7649.3035341312925,7568.779423327637,13481.194119811222,7197.088426244991,14413.605012006705,13341.208135542201,14711.888619250883,5047.263116518556,10540.86440039871,9454.501470666093,16187.405541244665,15656.553447838916,684.7069173779081,684.7069173779081,15334.52193217575,13097.585899099427,15080.32299877224,7198.054124638032,17106.082899286263,10519.190059651759,11009.55611294364,10998.526517993505,12447.648601635723,14621.15311800982,7683.483535370892,7683.483535370892,7578.1571792371005,16748.252333970842,16748.252333970842,4886.1936573067915,13107.49016528187,11414.320815263356,15380.929107093616,16169.289950598446,14258.187124261804,9995.978601196832,3279.262653407457,9295.572264215923,8023.267302612508,2087.3129391104385,12278.44682935418,6192.942223197944,5373.711306520562,6308.325192287315,12870.210360865367,16781.63008411822,9525.38030895465,5018.811088511454,14402.672518939497,14930.788437794752
420032615001,10694.746858182505,13234.636677432014,8858.73700039083,8297.397455745544,7093.375718006757,12191.917240370642,7356.370508925999,10937.649177886367,5516.742724080098,1461.3863004923892,8152.646062598603,10246.450151454788,10191.793424271642,9202.59848360977,9808.523915646052,3373.750990641625,11470.597652157521,2570.826213685826,6315.058381438159,8282.770240539927,11247.578566638182,9202.59848360977,8173.059824180548,3706.946215289276,3706.946215289276,3684.839559524697,11440.800912043182,11440.800912043182,11893.11130351389,15822.844480192112,11829.675867757413,12374.17949288613,11400.805212047551,12695.33193285997,12842.30599650512,7599.609817178728,10557.550198040411,10648.678653022502,3712.9109864183442,7110.067979847609,18154.738205993926,7583.870256377228,8954.550740085913,11610.666938252969,5933.811382575127,7136.659254792057,11417.090461729635,10934.380884763455,12759.447478023589,12759.447478023589,11180.080784271693,7724.939782612886,1951.987413824307,9815.581798133473,9485.228835670572,6111.209626737057,3037.6724844103132,3124.448843230414,7069.017899012038,8863.81523884485,6379.850252547139,6379.850252547139,6274.523896413345,10998.858293286326,10998.858293286326,11355.681429393897,918.2633043715218,2123.2155231313827,9623.591227928646,10411.952071433467,10107.703940995321,4228.275731484742,10337.797694286382,10949.244486170892,6169.91357021778,12806.673846220916,8207.195036211799,7289.865216761512,9007.275357219574,8976.433731876277,7616.073938416142,8858.73700039083,7292.769258239243,11550.387212793874,8645.334639774528,2521.779274594123
420032620001,9359.570591217414,10900.162111820477,9980.348948327384,7097.317755268338,6049.4324613808985,11358.430039848807,5508.107910702317,9602.472910921279,4181.566457115012,2555.5306409668556,6952.566362121399,9202.506894828924,7855.622982858703,8158.655226983911,8608.444215168849,3530.764567818794,9289.863468508007,2101.252964002052,4979.882114473075,7082.690540062723,10203.635310012316,8158.655226983911,5834.095303844906,6223.228268198549,6223.228268198549,6013.481727050411,10396.857655417316,10396.857655417316,10557.935036548797,13488.36991458057,12231.84491476547,11039.003225921037,10065.62894508246,10578.834914727417,10507.831430893584,5793.129923445935,9222.373931075323,9313.502386057411,3869.9245635955135,4771.103459511966,16819.561939028827,6539.92699975137,7910.607483460054,9804.187044520178,4733.731682097925,5936.579554314855,10373.147205103767,9890.437628137592,10433.027071925502,10433.027071925502,9983.95904843207,6643.369776173006,4252.323070029703,8278.014618974828,10304.801763495427,4911.129926259857,1960.0412352770356,1956.5622102256027,6025.074642386177,7819.87198221899,4040.885732211497,4040.885732211497,3935.559376077704,9954.915036660463,9954.915036660463,9549.201535661108,2667.1117076687888,1910.1032881213694,8579.647971302787,9368.008814807607,8907.624240518115,3080.0293300885664,7998.869831973856,9614.068219205803,4834.737303252695,10472.19928060938,7007.115335734594,5427.036440012051,6857.610716242941,7425.053262207752,6415.994237938941,9980.348948327384,6092.689557762042,9878.625861881932,7601.391383148665,4903.387326031753
420032620002,10142.940248162544,11598.769187722422,10763.718605272514,7880.687412213471,6832.802118326032,12141.799696793936,5720.503019216407,10385.842567866408,4964.936114060142,2546.537994250933,7735.936019066532,9985.876551774054,8555.925934562047,8942.024883929043,9391.81387211398,4312.932600621777,9834.730162447931,2884.622620947186,5763.251771418208,7866.060197007856,10987.004966957446,8942.024883929043,6549.170969368053,6327.871950925588,6327.871950925588,6118.12540977745,11180.227312362445,11180.227312362445,11341.304693493927,14186.97699048252,13015.2145717106,11822.372882866166,10848.99860202759,11059.464443150378,11206.438506795528,5963.742327469135,10005.743588020452,10096.87204300254,4652.092596398496,5554.473116457099,17602.931595973958,7323.296656696503,8693.977140405186,9974.799448543376,5517.101339043058,6719.949211259988,11156.516862048897,10673.807285082721,11123.579988313997,11123.579988313997,10767.3287053772,7426.7394331181395,4356.966752756742,9061.384275919962,11088.171420440556,5694.49958320499,2743.41089222217,2739.931867170737,6808.4442993313105,8603.241639164122,4824.255389156629,4824.255389156629,4718.929033022836,10738.284693605592,10738.284693605592,9719.813939684305,2771.7553903958274,2693.4729450665036,9363.017628247919,10151.378471752736,9690.993897463244,3863.3989870337,8701.930204576787,10397.437876150932,5618.106960197828,11170.806356511324,7790.484992679727,5653.997727051919,7640.980373188074,8208.422919152885,7199.363894884074,10763.718605272514,6876.059214707175,10661.995518827061,8384.761040093797,5008.031008758792
420031005001,7441.107463359956,4626.07922986175,15106.809331387776,9402.030922386506,11175.89284444129,16484.890422909197,3951.774024734657,9247.262564944971,7188.25464555685,10221.272604270269,9543.461202902281,14328.96727788932,2239.5346361016195,13285.115610044299,12786.145388702476,10930.001250181485,1025.2051849750387,9375.034582163684,6975.3862685319855,9673.585380843606,15330.095693072706,13285.115610044299,3782.8127056321014,14035.431997018733,14035.431997018733,13850.799701462416,15328.184868191072,15328.184868191072,9921.6164934664,7213.411427326601,17358.305297825857,10398.33137430818,9840.238039740168,3024.625907523013,4374.87617803733,3652.78002557821,7303.910803217866,7395.039258199954,11291.110982460234,5528.110559350264,14663.883365737725,11666.387382811763,13037.067866520441,1862.1367718668166,9149.836965690201,8281.63976045603,15014.543831034609,14483.69173762886,3582.7524177411037,3582.7524177411037,14161.660221965696,11701.236525846916,12417.381280339205,6056.784758573566,15431.262146555817,9319.074943043268,8819.472975592655,8808.443380642522,11097.816267031078,12946.332365279379,5495.727905932787,5495.727905932787,5390.401549798995,15081.375419720855,15081.375419720855,1721.9733518940166,10917.40702793088,9224.237677912372,13706.108354363178,14494.469197868,13085.325414051746,8180.788445805912,2415.2499369703805,9416.015922437144,6628.571203916201,4334.662348900865,11105.585119144114,4002.8590858469647,3855.1813972776067,5149.70549780909,11473.860987612854,15106.809331387776,8352.518598744588,5228.723762226349,12727.851766209054,12740.705300443762
420031005002,8379.949095905877,5564.51332118353,14152.266139252415,10340.872554932426,10221.34965230594,15530.347230773836,3046.419040154331,10186.104197490891,7595.970204271272,9128.882329902724,10482.302835448201,13374.424085753959,3178.3762686475416,12330.572417908948,12713.317636693157,9960.510260106617,1954.4473821870865,8405.543592088812,7114.469611299077,10612.427013389526,14375.552500937347,12330.572417908948,4006.5606056491883,12943.041722651189,12943.041722651189,12881.308711387546,14568.774846342347,14568.774846342347,10860.45812601232,8151.845518648381,16403.762105690505,11337.1730068541,10779.079672286089,3953.868104735062,5313.310269359108,2560.3897512106632,8242.752435763787,8333.880890745875,10321.619992385367,5667.193902117357,15602.724998283646,10711.844190676413,12082.524674385088,2485.4827361315442,8838.605103622245,9220.481393001948,14545.064396028798,14062.354819062622,4521.1865090628835,4521.1865090628835,14088.83246995638,10748.243197697326,11324.99100597166,6995.6263911194865,14476.718954420458,9016.003347784175,7849.981985517783,7838.952390567651,10196.991833311218,11991.789173144025,5416.027464193228,5416.027464193228,5310.701108059437,14126.832227585493,14126.832227585493,2230.497227272475,9947.916037856012,8254.746687837498,12751.565162227818,13539.926005732641,13012.497662042426,7226.245253670555,3354.0915695163026,10354.857554983064,6987.755681311395,5273.096440222644,11111.988757258914,3104.3982286282085,4794.023029823527,6088.54713035501,10520.867659463262,14152.266139252415,9291.360231290506,6167.565394772269,11773.308574073699,11771.21431036889
420031011001,8677.77591194272,7004.7517870610445,13055.794467307336,9345.403694913082,9124.877980360861,14433.875558828757,1949.9473682092507,10164.284522118962,6499.498532326194,8032.4106579576455,9486.833975428857,12277.95241380888,4435.743957574926,11234.10074596387,11616.845964748078,8864.038588161538,3394.6858480646015,7309.071920143731,6017.997939353998,9616.95815337018,13279.080828992268,11234.10074596387,2910.088933704108,11846.57005070611,11846.57005070611,11784.837039442467,13472.303174397268,13472.303174397268,11119.746647746484,9592.083984525898,15307.290433745424,11600.814837118727,10627.44055628015,4488.2793974002125,6753.548735236622,1463.918079265583,8540.57925180063,8631.707706782716,9225.148320440288,4570.722230172279,16405.650952668257,9615.372518731334,10986.053002440009,3475.9330201649004,7742.133431677167,8225.01253298261,13448.592724083719,12965.883147117544,5961.424974940397,5961.424974940397,12992.360798011301,9651.771525752247,10228.519334026581,6620.394450100873,13380.247282475379,7919.531675839097,6753.510313572705,6742.480718622573,9100.52016136614,10895.317501198946,4319.55579224815,4319.55579224815,4214.229436114357,13030.360555640415,13030.360555640415,3198.9765378277866,8851.444365910933,7158.275015892419,11655.09349028274,12443.454333787562,11916.025990097347,6129.773581725477,4592.880979974404,10175.879830403488,5891.284009366316,6713.334906100157,10015.517085313835,2007.9265566831282,4026.3485357385466,5463.784422041661,9424.395987518183,13055.794467307336,8295.891371271167,6970.4913491568805,10676.83690212862,10674.742638423812
420031011002,9459.019653508405,6713.493122766861,13837.038208873024,10126.64743647877,9906.121721926549,15215.119300394445,2731.191109774941,10945.52826368465,7280.742273891884,8792.786915480747,10268.077716994545,13059.196155374568,4327.356070230871,12015.344487529557,12398.089706313765,9645.282329727226,3103.427183770417,8090.315661709421,6799.2416809196875,10398.201894935868,14060.324570557956,12015.344487529557,3691.332675269799,12606.946308229208,12606.946308229208,12566.080781008155,14253.546915962956,14253.546915962956,11900.990389312172,9300.825320231714,16088.534175311112,12382.058578684415,11408.684297845837,3943.0951068149843,6462.290070942439,2245.161820831273,9321.822993366313,9412.951448348402,10006.392062005976,5351.965971737969,16751.704799866977,10396.616260297022,11767.296744005696,2930.74872957967,8523.377173242858,9006.256274548296,14229.836465649407,13747.126888683231,5670.166310646214,5670.166310646214,13773.604539576989,10433.015267317935,10988.895591549679,7401.638191666562,14161.491024041066,8700.775417404786,7534.7540551383945,7523.724460188262,9881.763902931827,11676.561242764634,5100.79953381384,5100.79953381384,4995.473177680047,13811.604297206102,13811.604297206102,2653.792247242556,9632.68810747662,7939.518757458109,12436.337231848427,13224.69807535325,12697.269731663035,6911.017323291167,4503.071371099633,10957.123571969176,6672.527750932006,6422.076241805975,10796.760826879523,2789.170298248819,4807.5922773042375,6245.0281636073505,10205.63972908387,13837.038208873024,9077.135112836853,7316.545196355601,11458.080643694308,11455.9863799895
420031113001,6586.871851676826,3910.162665871354,14416.380359342329,8626.849486873081,10485.463872395843,15794.461450863751,3261.345052689213,8393.026953261839,6413.073210043429,10003.702213306868,8768.279767388853,13638.538305843873,1385.2990244184894,12594.686637998851,12010.963953189048,10239.572278136038,1274.847595056938,8684.605610118237,6284.957296486543,8898.403945330178,14639.666721027259,12594.686637998851,3092.383733586657,13615.005411891154,13615.005411891154,13160.370729416969,14553.003432677644,14553.003432677644,9067.380881783267,6497.494863336209,16667.876325780417,9544.095762625047,8986.002428057036,2580.746117098879,3530.826574921535,3695.4112512619995,6449.675191534736,6540.803646516824,10600.682010414786,4837.681587304822,13809.647754054593,10975.958410766316,12346.638894474994,1868.5896181719993,8374.655530176778,7506.458324942607,14239.36239552118,13708.510302115432,2906.317103147289,2906.317103147289,13386.478786452268,10927.70836488969,12199.810889375805,5266.072983080387,14740.83317451037,8543.893507529843,8129.044003547209,8118.014408597077,10322.63483151765,12255.903393233932,4805.298933887344,4805.298933887344,4699.972577753552,14390.946447675407,14390.946447675407,1791.164447351325,10226.978055885433,8533.808705866924,13015.67938231773,13804.040225822553,12310.143978538317,7490.359473760469,1561.0143252872501,8561.780310754011,5853.389768402781,3495.1944246373323,10330.403683630686,3312.4301138015207,3086.59108585011,4374.524062295667,10700.332826655625,14416.380359342329,7577.337163231165,4374.4881505432195,12037.422794163607,12050.276328398315
420031014001,8656.103147068006,5784.508988252296,15555.885964750067,10623.385891659114,11624.969477803592,16933.96705627149,4450.038865651981,10462.258248653021,8409.609614829462,9935.463934812451,10764.81617217489,14778.04391125161,3454.530319809676,13734.1922434066,14007.500357975085,11364.130085604269,877.1931340235614,9809.163417586456,8196.741237804597,10894.940350116214,15779.172326434998,13734.1922434066,5004.167674904714,12650.424007986498,12650.424007986498,13471.674970814256,15972.394671839998,15972.394671839998,11136.61217717445,8180.81957572759,17807.381931188156,11613.32705801623,11055.233723448218,1709.511084080832,5533.305936427873,3964.0095767083126,8518.906486925916,8610.034941908005,11725.239817883019,6749.465528622878,15878.879049445775,12115.464016174064,13486.14449988274,613.3556423055471,10242.224929119891,9502.994729728638,15948.68422152645,15465.974644560274,4394.717940177766,4394.717940177766,15383.015191238304,12151.863023194977,11681.848150105703,7278.13972784618,15880.33877991811,10419.623173281823,9253.60181101543,9242.572216065297,11600.61165880887,13395.408998641677,6717.082875205399,6717.082875205399,6611.756519071608,15530.452053083145,15530.452053083145,336.3991599684334,11351.535863353663,9658.366513335144,14155.18498772547,14943.545831230293,14306.680383324354,8629.865079168201,3630.245620678437,10631.011606145194,7849.926173188814,5493.092107291409,12326.940088416723,4508.018054125859,5076.53636655022,6371.060467081704,11924.487484960913,15555.885964750067,9573.873568017198,6443.7194459344055,13176.92839957135,12835.857784529951
420031014004,7604.619301698463,4761.50036706994,15270.32116972628,9565.54276072501,11339.404682779794,16648.402261247702,4115.2858630731635,9410.774403283474,7351.766483895357,10747.799300966879,9706.973041240784,14492.479116227823,2403.046474440126,13448.627448382802,12949.65722704098,11093.513088519989,232.48714245279697,9538.546420502187,7138.8981068704925,9837.09721918211,15493.60753141121,13448.627448382802,3946.3245439706084,13733.372444966559,13733.372444966559,14014.31153980092,15491.696706529576,15491.696706529576,10085.128331804903,7348.832564534792,17521.817136164365,10561.843212646683,10003.749878078672,2636.285859691738,4510.29731524552,4179.306722274821,7467.422641556373,7558.551096538461,11454.622820798737,5691.622397688771,14827.395204076229,11829.899221150266,13200.579704858945,999.7898653842166,9313.348804028705,8445.151598794535,15178.055669373112,14647.203575967364,3718.173554949294,3718.173554949294,14325.1720603042,11864.74836418542,12764.796587085764,6220.296596912073,15594.77398489432,9482.586781381771,8982.984813931158,8971.955218981026,11261.328105369581,13109.844203617882,5659.239744271294,5659.239744271294,5553.913388137502,15244.887258059358,15244.887258059358,859.6264454114167,11080.918866269383,9387.749516250875,13869.620192701681,14657.981036206504,13248.837252390249,8344.300284144418,2578.7617753088866,9579.527760775647,6792.083042254708,4470.083486109055,11269.096957482618,4166.370924185471,4018.6932356161137,5313.217336147597,11637.372825951357,15270.32116972628,8516.030437083093,5392.235600564856,12891.363604547558,12904.217138782265
420031106003,6691.825990009136,3101.9244210287634,15154.04767619871,8966.732069234968,11071.909893993983,16532.128767720133,4213.9718738475785,8319.01643366404,6955.368336333646,10956.329034465236,9108.162349750744,14376.20562270025,1444.7190160127732,13332.353954855229,12350.846535550932,11192.199099294407,2062.3515979113527,9637.232431276605,6966.94607247739,9238.28652769207,15377.334037883644,13332.353954855229,4045.0105547450235,14567.632233049522,14567.632233049522,14112.997550575337,14892.886015039527,14892.886015039527,8993.370362185475,5689.256618493616,17405.543642636807,9470.085243027257,8911.991908459242,1760.0867819395514,2850.721369204343,4648.038072420367,6691.582776401534,6760.976950267928,11553.308831573155,5569.506018325482,13667.907161129278,11713.62572762269,13084.306211331374,2583.584211656551,8916.950656466995,7846.340907304493,14579.244977883063,14048.392884477315,2058.5976089081173,2058.5976089081173,13726.361368814149,11470.00349117992,13152.437710534174,5589.893561276434,15478.500491366753,8911.029496290157,9081.670824705576,9070.641229755443,10839.488038274121,12993.57071009031,5757.925755045711,5757.925755045711,5652.59939891192,15120.669926051329,15120.669926051329,2506.1590408358766,11179.604877043801,9486.435527025293,13753.346699174106,14541.707542678934,12650.026560900202,8368.396193277318,1477.1960988750564,8487.769791156214,6395.684894692997,2810.507540067878,10670.28626599258,4265.056934959886,3650.0573283850254,4700.164628925718,11242.627952945855,15154.04767619871,7917.219745593051,4256.457665212248,12775.090111019987,13002.903149556683
420031404003,4269.78467697401,2686.2195695881173,14672.011962255476,7918.381172522194,10537.189864023965,16050.093053776905,4952.715793076431,5896.975120628913,6913.311719917966,11695.07295369409,8059.811453037971,13894.16990875702,2179.3282051723145,12850.318240912002,11302.495638838163,11631.482105253772,4740.287900547579,9894.80219069133,6924.88945606171,8189.935630979294,14875.560023155978,12850.318240912002,4549.408031910676,15011.131171913245,15011.131171913245,14556.496489439058,13844.535118326772,13844.535118326772,6571.329049150348,5275.18020374923,16923.507928693576,7048.043929992126,6489.950595424115,4688.391637144173,2087.6030950371887,5412.051205542696,4419.459748036457,4338.935637232802,11992.591837532527,5527.449401909801,11194.966755231282,10850.254577624344,12602.270497388145,5335.0226462335,7963.020454205284,6797.990010591721,13530.894081170309,13000.04198776456,3552.3487636910595,3552.3487636910595,12678.010472101396,10980.602180633976,13891.18162976302,4120.677238052867,14996.464777423522,7862.6785995773835,9221.030802331274,9247.54427312479,9791.137141561348,12511.534996147082,6291.181675715602,6291.181675715602,6185.85531958181,14631.268615505374,14631.268615505374,5257.597475412826,11825.417423723695,10121.637128481298,13271.310985230879,14059.671828735698,11601.675664187434,8141.137784476253,2078.5160372038526,6065.728478121086,6353.628278277319,2070.6882229956555,9621.935369279807,5003.800854188738,3898.8909721038426,3603.7481598358045,10753.226642399914,14672.011962255476,6868.868848880279,1788.9673024166211,12293.054397076763,13446.402088420404
420034803001,11547.251548021108,15181.260993482814,13752.102067155934,6308.906096524192,7875.2373240419265,13075.864018214295,12662.318308700313,11790.15386772497,8661.46253071698,13534.493883795381,5127.560909094831,6569.043321241886,12889.243390053707,7562.594484307096,3338.436363775341,12083.821041529569,15023.449016341398,10403.42065243264,9628.699341164844,4997.086840664108,9738.089863619258,7562.594484307096,12144.66093239346,15463.470108189042,15463.470108189042,15008.835425714857,5557.532107091928,5557.532107091928,12294.28419856993,17770.22162764392,16003.598033594033,12790.33652673318,12234.236912294444,15674.442478112305,14582.644518931887,13454.838317552607,11410.054887879018,11501.183342861106,12444.930773808319,10063.170348101998,11983.806983183884,6584.982121077209,6361.717224324139,15628.754440051103,6827.012355692519,6379.5966393297895,4595.735676526293,4385.48334394363,15149.391192617979,15149.391192617979,3948.5236442964956,8506.801388648058,14579.599875786393,10746.576658184058,14076.554882323977,6747.836638599372,9870.461202307728,9896.974673101246,6489.400890393489,11292.750135300928,11004.91605641293,11004.91605641293,10899.589700279139,12055.656259753527,12055.656259753527,15547.117876771197,12341.38851037866,10637.60821513626,7778.614960079097,6434.460875214115,3072.39140125255,8634.139648648685,12824.448528931272,11801.749176009496,9082.38623522907,14565.729646890351,4860.253500055373,12700.556905004894,10963.514387368443,9908.755632678807,8423.478073520924,13752.102067155934,6373.205798013751,12483.121211102702,11373.144501977222,13898.741024696199
420031113002,6397.362787269115,3376.5484962907253,14510.570550278042,8520.42909177753,10428.432768073315,15888.651641799463,3517.9949955140323,8024.553230924018,6311.891210412984,10260.352156131685,8661.859372293307,13732.728496779582,898.3871226755277,12688.87682893456,11904.543558093495,10496.222220960855,1847.2244079495888,8941.255552943054,6323.468946556729,8791.98355023463,14733.856911962976,12688.87682893456,3349.033676411476,13871.655354715971,13871.655354715971,13417.020672241786,14446.58303758209,14446.58303758209,8698.907159445453,5963.880693755578,16762.06651671613,9175.62204028723,8617.528705719218,2101.048203533485,3019.220363662685,3952.061194086819,6328.870927931627,6419.999382913716,10857.331953239604,4926.028892404816,13441.17403171678,11070.148601702022,12440.829085410705,2389.128969599588,8273.473530546335,7400.037929847057,14132.942000425626,13602.089907019878,2404.2479603344523,2404.2479603344523,13280.058391356712,10826.526365259251,12456.460832200622,5145.268719477277,14835.023365446084,8442.711507899401,8385.693946372026,8374.664351421894,10221.45283188721,12350.093584169641,5061.948876712164,5061.948876712164,4956.622520578372,14477.19280013066,14477.19280013066,2311.703798778914,10483.62799871025,8790.458648691741,13109.869573253438,13898.230416758266,12203.723583442765,7724.919067356656,1074.1024235442883,8193.30658841619,5752.207768772335,2983.588213378482,10223.983288535142,3569.08005662634,2992.5199913374922,4253.861651468278,10599.150827025187,14510.570550278042,7470.916768135615,4006.0144282054052,12131.612985099318,12306.926271223132
420031113003,6299.634799297235,3307.6953505935926,14385.450754896356,8395.309296395844,10303.312972691629,15763.531846417776,3329.398714666344,7926.825242952138,6186.7714150312995,10071.755875284003,8536.739576911621,13607.608701397896,789.3720762045439,12563.757033552874,11779.42376271181,10307.625940113174,2061.597401814367,8752.659272095369,6198.349151175044,8666.863754852944,14608.73711658129,12563.757033552874,3160.437395563788,13683.05907386829,13683.05907386829,13228.424391394105,14321.463242200403,14321.463242200403,8601.179171473568,5895.027548058447,16636.946721334447,9077.894052315347,8519.800717747336,2459.8730338770993,2928.359259643774,3763.4649132391305,6203.751132549943,6294.879587532031,10668.735672391924,4800.909097023132,13343.446043744898,10945.028806320335,12315.709290029019,2636.7926198451364,8148.353735164649,7274.9181344653725,14007.82220504394,13476.970111638191,2571.6245705975,2571.6245705975,13154.938595975025,10701.406569877565,12267.864551352943,5020.1489240955925,14709.903570064398,8317.591712517715,8197.097665524338,8186.068070574206,10096.333036505524,12224.973788787955,4873.352595864472,4873.352595864472,4768.0262397306815,14352.073004748974,14352.073004748974,2559.3674490244616,10295.031717862568,8601.862367844058,12984.749777871752,13773.11062137658,12078.603788061078,7558.413135737598,965.0873770733044,8095.578600444311,5627.08797339065,2892.727109359571,10098.863493153456,3380.4837757786518,2867.400195955808,4128.741856086594,10474.0310316435,14385.450754896356,7345.79697275393,3908.2864402335235,12006.493189717632,12118.32999037545
420031113004,6215.314961142114,2868.6157900553535,14677.536647331686,8490.221040367944,10595.39886512696,16055.617738853107,3795.4427675338234,7842.505404797017,6478.857307466624,10537.799928151482,8631.65132088372,13899.694593833226,968.2079871457496,12855.842925988205,11874.335506683909,10773.669992980653,2354.356865855325,9218.703324962848,6490.435043610368,8761.775498825045,14900.82300901662,12855.842925988205,3626.4814484312674,14149.103126735768,14149.103126735768,13694.468444261583,14416.374986172503,14416.374986172503,8516.85933331845,5455.947987520206,16929.03261376978,8993.574214160233,8435.480879592218,2249.9863057317507,2511.9951779508265,4229.50896610661,6215.071747534512,6284.465921400906,11134.779725259401,5092.99498945846,13199.384907603117,11237.114698755666,12607.79518246435,2896.2614275053247,8440.439627599972,7369.829878437471,14102.73394901604,13571.88185561029,2031.1312484020398,2031.1312484020398,13249.850339947125,10993.492462312895,12733.90860422042,5113.382532409412,15001.989462499729,8434.518467423133,8663.141718391818,8652.112123441686,10362.977009407097,12517.059681223285,5339.396648731955,5339.396648731955,5234.070292598163,14644.158897184305,14644.158897184305,2818.83625668465,10761.075770730047,9067.906420711535,13276.835670307082,14065.19651381191,12173.515532033178,7891.885164410296,1000.6850700080328,8011.25876228919,5919.173865825975,2476.3630276666236,10193.775237125556,3846.527828646131,3173.5462995180023,4223.653600058696,10766.116924078831,14677.536647331686,7440.708716726029,3787.935411686087,12298.579082152963,12584.37404324293
420031114001,6052.026773622939,3614.990579957529,14076.907471854598,8092.004408819195,9994.769689649871,15454.988563376019,2946.333429149425,7858.181875207952,5878.228131989542,9688.690589767084,8233.43468933497,13299.065418356138,852.0962939196713,12255.213750511117,11476.118875135166,9924.560654596255,1974.7649975686834,8369.59398657845,5889.805868133286,8363.558867276295,14300.193833539532,12255.213750511117,2777.372110046869,13299.99378835137,13299.99378835137,12845.359105877185,14018.158354623762,14018.158354623762,8532.535803729384,6202.322777422384,16328.403438292693,9009.250684571165,8451.157350003154,2894.38312119416,3233.164897442453,3380.3996277222113,5914.830113480849,6005.958568462937,10285.670386875003,4492.365813981377,13274.80267600071,10636.485523278578,12007.166006987261,2569.499743254603,7839.810452122891,6971.61324688872,13704.517317467298,13173.66522406155,2878.9197999614366,2878.9197999614366,12851.633708398385,10392.863286835807,11884.799265836022,4731.2279050265,14401.36028702264,8009.048429475957,7814.03238000742,7803.002785057288,9787.789753463767,11916.430505746197,4490.287310347554,4490.287310347554,4384.960954213763,14043.529721707217,14043.529721707217,2492.0745724339286,9911.966432345649,8218.797082327137,12676.206494829994,13464.567338334822,11775.298900484435,7175.34785022068,1027.8115947884319,8026.935232700124,5318.544690348894,3197.53274715825,9795.558605576804,2997.4184902617326,2551.746007796228,3839.6789842417843,10165.487748601743,14076.907471854598,7042.492085177278,3839.6430724893366,11697.949906675874,11735.264704858531
420031114002,6056.736148203113,4074.1507808426677,13578.558112947416,7867.769017339074,9647.64162600093,14956.639204468838,2423.5228062942947,7876.47765721795,5653.992740509421,9165.879966911954,8009.199297854849,12800.71605944896,1031.307527682294,11756.864391603938,11251.883483655052,9401.750031741125,2193.3043017370182,7846.783363723319,5447.135050091624,8139.323475796174,13801.844474632346,11756.864391603938,2254.5614871917387,12777.18316549624,12777.18316549624,12322.548483022056,13793.922963143648,13793.922963143648,8550.831585739386,6662.358583602768,15830.054079385505,9027.546466581167,8469.453132013154,3482.2757479564307,3681.8200999157752,2857.5890048670813,5919.539488061023,6010.667943043111,9762.859764019873,3999.8593409099026,13293.098458010714,10138.136164371403,11508.816648080081,2798.609725446724,7615.575060642769,6747.377855408599,13480.281925987185,12949.429832581436,3421.1960889299785,3421.1960889299785,12627.398316918272,10168.627895355694,11361.988642980892,4522.5228535261385,13903.010928115456,7784.813037995836,7291.22175715229,7280.192162202157,9563.554361983654,11418.081146839018,3967.476687492425,3967.476687492425,3862.150331358633,13553.124201280494,13553.124201280494,2716.9731621668207,9389.15580949052,7695.986459472007,12177.857135922817,12966.21797942764,11551.063509004322,6652.537227365549,1207.0228285510545,8045.2310147101225,5094.309298868772,3646.1879496315723,9571.32321409669,2474.6078674066025,2321.3235555307997,3615.443592761663,9941.25235712163,13578.558112947416,6818.256693697157,3857.938854499336,11199.600547768694,11212.454082003402
420031115002,5607.900602723616,2919.4705289391177,13959.62514064466,7833.9564037261,9877.487358439934,15337.706232166081,3128.1492708214532,7235.091046378519,5760.945800779599,9870.506431439113,7975.386684241875,13181.783087146201,260.3558995646673,12137.93141930118,11218.070870042064,10098.32233675483,2515.514817214159,8543.355668737027,5772.523536923344,8105.5108621832,14182.911502329594,12137.93141930118,2951.1337922054468,13473.755470509946,13473.755470509946,13019.120788035762,13760.110349530658,13760.110349530658,7909.444974899954,5506.802726403972,16211.121107082756,8386.159855741731,7828.066521173721,2657.262151082358,2530.068899495303,3562.21546939424,5607.657389116014,5677.0515629824085,10459.432069033579,4375.083482771433,12651.711847171282,10519.20319206864,11889.883675777324,3110.249562900079,7722.528120912949,6713.565241795625,13446.469312374194,12915.617218968446,2362.2525844515735,2362.2525844515735,12593.58570330528,10275.58095562587,12066.61510750805,4457.117895767567,14284.077955812703,7778.253830781288,7987.794062166001,7976.7644672158685,9670.50742225383,11799.14817453626,4664.048992506134,4664.048992506134,4558.722636372343,13926.24739049728,13926.24739049728,3032.824392079405,10085.728114504225,8392.558764485715,12558.924163620057,13347.285007124885,11517.250895391333,7173.973657723272,268.7133521941429,7403.844403870692,5201.26235913895,2494.4367492111,9537.51060048371,3179.234331933761,2441.574581704112,3567.388963416851,10048.205417391806,13959.62514064466,6784.444080084183,3216.5522436599053,11580.667575465937,11909.026387017107
420031302001,6688.039514189705,338.92504084930766,16853.8339301231,10228.305917946343,12764.330551315668,18231.915021644527,6235.04416489742,8315.229957844605,8655.849367129986,12977.401325515082,10369.73619846212,16075.991876624641,3355.4390945075556,15032.140208779623,13612.420384262312,13205.2172308308,5286.385220621751,11650.250562812997,8667.427103273729,10499.860376403443,17077.12029180803,15032.140208779623,6014.608514442801,16580.65036458592,16580.65036458592,16126.01568211173,16154.45986375092,16154.45986375092,8989.583886366043,2511.0166819494743,19105.329896561205,9466.298767207823,8908.20543263981,4359.696815353155,1112.7338975683092,6669.110363470204,6850.675337199182,6757.1904744484955,13566.326963109548,7269.987049121821,13093.469450704199,13160.179323048493,14784.092465255766,5828.2897822717505,10209.91500766811,9107.91475601587,15840.818826594457,15309.966733188709,2163.3323869708715,2163.3323869708715,14987.935217525544,13162.424148501606,15173.51000158402,6627.394275191113,17178.286745291145,10172.603345001533,11094.688956241966,11083.659361291833,12101.061886985495,14693.356964014703,7756.382158247722,7756.382158247722,7651.05580211393,16813.090583372996,16813.090583372996,5750.864611451077,13192.623008580194,11499.453658561684,15453.1329530985,16241.49379660332,13911.600409611583,10068.877224073658,3357.4279751371496,8483.98331533678,8096.1659254893375,1046.7405872681695,11931.86011470395,6286.129226009728,5446.609929397395,5913.672905259956,12935.048610267542,16853.8339301231,9178.793594304429,4198.115341151231,14474.876364944384,15015.921281093077
420031405001,5662.626563544568,1287.7690677120108,16139.152893350072,9513.62488117332,12049.649514542643,17517.23398487151,5958.1315797942325,7289.817007199468,8340.111334298039,12700.488740411887,9655.055161689095,15361.310839851616,3082.046412738403,14317.459172006598,12897.739347489287,12923.851349026616,5532.387849131098,11361.943121785935,8351.689070441784,9785.179339630418,16362.439255035006,14317.459172006598,5711.1746862778955,16299.284482781732,16299.284482781732,15844.649800307547,15439.778826977896,15439.778826977896,7964.170935720903,3232.4845711224843,18390.648859788183,8440.885816562683,7882.79248199467,5220.8428042891055,929.7137017138953,6401.933780703235,5825.2623865540445,5731.777523803358,13284.961081305364,6954.249016289874,12160.782429742223,12445.498286275468,14069.411428482741,6110.73632887851,9495.233970895088,8393.233719242846,15126.137789821432,14595.285696415684,2972.2756278998236,2972.2756278998236,14273.25418075252,12447.743111728581,14896.597416480816,5735.70987055849,16463.605708518116,9457.92230822851,10688.171733425876,10714.68520421939,11386.38085021247,13978.675927241678,7452.948330082821,7452.948330082821,7347.621973949029,16098.40954659997,16098.40954659997,6033.311158057836,12911.25712677601,11218.087776757506,14738.451916325475,15526.812759830294,13196.919372838558,9608.27871557086,3063.817536549641,7458.570364691641,7780.427892657392,887.8945852482564,11217.179077930925,6009.21664090654,5137.6211325842105,5198.991868486927,12220.367573494517,16139.152893350072,8464.112557531404,3172.7023905060933,13760.19532817136,14734.555399288893
420031405002,5072.5817863592265,1512.515927376095,15199.11006271542,8573.582050538667,11109.60668390799,16577.191154236847,5018.088749159579,6699.7722300141295,7400.068503663385,11760.445909777234,8715.012331054442,14421.268009216963,2142.0035821037495,13377.416341371945,11957.696516854634,11983.808518391963,4570.789710392293,10421.900291151282,7411.646239807129,8845.136508995765,15422.396424400353,13377.416341371945,4771.131855643242,15359.241652147079,15359.241652147079,14904.606969672894,14499.735996343243,14499.735996343243,7374.126158535564,4077.758621930329,17450.60602915352,7850.841039377343,7292.7477048093315,4259.244665550301,850.7298823229451,5461.890950068581,5222.256857421674,5141.732746618019,12344.918250670711,6014.20618565522,11986.558335297083,11505.455455640815,13129.368597848088,5149.138190139705,8555.191140260435,7453.190888608192,14186.09495918678,13655.24286578103,2424.114780250745,2424.114780250745,13333.211350117866,11507.700281093928,13956.554585846163,4941.3494515890325,15523.562877883465,8517.879477593857,9748.128902791223,9774.642373584737,10446.338019577817,13038.633096607025,6512.905499448167,6512.905499448167,6407.579143314375,15158.366715965318,15158.366715965318,5071.713019319031,11971.214296141357,10278.044946122853,13798.409085690822,14586.769929195641,12256.876542203905,8668.235884936206,2123.774705914988,6868.525587506302,6840.385062022738,833.8150102814118,10277.136247296272,5069.173810271886,4197.5783019495575,4258.949037852273,11280.324742859864,15199.11006271542,7524.06972689675,2591.764411801837,12820.152497536707,13794.51256865424
420031408001,2542.8517675027274,4464.65897139753,15161.401259026761,8420.018356803555,10954.943775133152,16539.48235054819,6347.403798641026,4167.7445548469905,7541.0185700752,13089.760959258687,8561.44863731933,14383.559205528307,4086.189737503826,13339.707537683293,11804.132823119526,12134.858427793375,6647.149432879095,10398.178513230936,7552.596306218945,8691.572815260655,15377.197207437339,13339.707537683293,5830.330489808079,15514.507494452846,15514.507494452846,15059.87281197866,14346.172302608133,14346.172302608133,4842.098483368424,6637.661505609832,17412.89722546487,5318.813364210203,4760.720029642192,6660.578675487214,4037.5654386741585,6984.456270255996,2705.4875905122058,2612.0027277615195,12495.968160072129,6333.433835686534,9299.260453825711,11351.891761905705,13091.659794159435,7241.884178565016,8380.173544864698,7299.6271948730855,14032.53126545167,13501.67917204592,5610.950336601959,5610.950336601959,13179.647656382756,11466.020935612465,14567.005111671027,3203.8000045205295,15485.854074194805,8364.315783858745,9724.407124870877,9750.920595664393,10292.774325842709,13000.924292918371,7286.299891559014,7286.299891559014,7180.9735354252225,15116.68737048386,15116.68737048386,7164.45900774434,12328.7937462633,10625.0134510209,13760.700282002166,14549.061125506989,12103.312848468793,8644.514107015857,3985.3775695353647,4336.497912339163,6981.335128434553,4020.650566632625,10123.572553561165,6398.488859753334,4815.620900454855,4117.031095933228,11238.645397378403,15161.401259026761,7370.506033161643,1310.2353940579296,12782.443693848048,13949.778410960005
420031414003,1906.2221195646414,4949.011385167411,14547.778836970598,8004.49827572023,10341.321353076988,15925.859928492026,6673.986950608095,3435.8741369419595,7267.525627358601,13062.747663933784,8145.928556236005,13769.936783472143,4421.09820023656,12726.08511562713,11388.612742036197,11793.887167243684,6982.057895611829,10061.148602359588,7596.977165003654,8276.052734177329,14771.065198655531,12726.08511562713,6156.913641775146,15173.536233903145,15173.536233903145,14718.901551428962,13930.6522215248,13930.6522215248,4110.228065463394,7136.7119587120915,16799.2748034087,4586.942946305172,4028.8496117371615,6995.487138219948,4521.917852444041,7311.039422223063,2068.85794257412,1975.3730798234337,12154.99689952243,6502.102252666719,8633.322029920933,10773.647860212412,12478.037372103272,7576.7926412977495,7766.551122808531,6884.107113789755,13617.011184368335,13086.159090962587,6095.302750371843,6095.302750371843,12764.127575299422,10852.398513556302,14229.975200799678,3248.180863305239,14872.231652138642,7935.789100161598,9387.377213999529,9413.890684793043,9714.530424149412,12387.301870862208,7454.968308539194,7454.968308539194,7349.6419524054045,14503.064948427696,14503.064948427696,7499.367470477074,11991.76383539195,10287.983540149551,13147.077859946003,13935.438703450825,11687.792767385467,8307.48419614451,4320.286032268098,3604.627494434131,7025.7159872192615,4505.002980402508,9708.052472477837,6725.072011720403,5142.20405242192,4181.350331867401,10625.02297532224,14547.778836970598,6954.985952078313,1645.1438567906634,12168.821271791885,13608.807150410308
420034883001,7935.448161586741,12291.377181847927,20750.933525647597,14207.652964397214,16544.476041753976,21231.950429386616,14183.015994247598,8469.824132122883,13470.680316035585,19265.902352610778,14349.083244912988,14725.44318841457,12183.795505762693,16187.179941044289,12101.517967266038,17997.04185592067,14620.57144291528,16264.303291036573,14437.917126483444,14358.604337637445,17894.176274791564,16187.179941044289,13665.942685414648,21376.690922580143,21376.690922580143,20922.056240105958,13301.715747450857,13301.715747450857,7804.074704394186,12162.442984655803,23002.4294920857,8300.127032557433,7744.027418118699,14778.6176265568,12348.370694057567,14820.068465862565,8098.083984596219,8004.599121845533,18358.15158819942,13517.903841291787,2393.826674907425,15423.398666993282,14986.302681061332,15215.306188601196,13969.705811485514,13087.261802466735,11549.929405722072,11993.18461646314,13995.716237547462,13995.716237547462,11824.192272968827,17055.55320223329,20433.129889476673,10074.584950946824,21075.38634081564,14138.943788838584,15590.531902676514,15617.045373470028,15457.150768119138,18590.456559539198,14470.769897164264,14470.769897164264,14365.443541030472,20211.742670925836,20211.742670925836,15137.881017780524,18194.918524068937,16491.13822882654,16322.902854291257,14573.799477324108,11802.337941916769,14510.638884821492,12082.98333779423,8121.690786295089,13891.604020547671,12306.551577591927,13831.851008179283,14234.101055359908,12651.233096061427,11197.151920492468,16828.177663999228,20750.933525647597,13158.140640755293,9256.07202872899,18371.975960468877,19811.961839087307
420031413002,2199.830458337356,5123.1235344672505,14159.131578317772,7403.761650326254,10022.57034182802,15537.212669839202,5853.5614834411645,3827.020901992258,6524.761863597896,12383.520868327823,7545.191930842029,13381.289524819316,4101.006826705361,12337.437856974298,10787.876116642221,11118.60172131607,6331.58056789228,9381.921806753631,6536.339599741641,7675.316108783354,14360.940500960034,12337.437856974298,5332.9768801311,14498.250787975541,14498.250787975541,14043.616105501354,13329.915596130828,13329.915596130828,4501.374830513692,7310.824108011929,16410.627544755873,4978.089711355471,4419.99637678746,6805.544855998398,4682.472424231377,6499.572471408134,2362.466281346834,2268.981418596148,11479.711453594824,5441.464687404707,9243.641702785018,10335.6350554284,12089.390113450441,6926.3153135781995,7448.400932009345,6283.370488395782,13016.274558974364,12485.422465568616,6255.857322159177,6255.857322159177,12163.390949905452,10467.721796696276,13550.748405193723,2187.5432980432256,14483.584393485819,7348.059077381444,8708.150418393572,8734.663889187088,9276.517619365404,11998.654612209379,6394.330743277182,6394.330743277182,6289.004387143392,14118.388231567671,14118.388231567671,6848.890142757526,11312.537039785995,9608.756744543596,12758.430601293176,13546.791444797995,11087.056141991488,7628.257400538556,4036.2119655829297,3995.7742594844303,5965.078421957249,4665.557552189844,9107.31584708386,5904.646544553472,4151.704242534041,3120.712766605387,10240.346258462212,14159.131578317772,6354.249326684339,1377.013605256949,11780.17401313906,12933.5217044827
420031413003,2357.519374132701,4708.103567616276,14036.430665642089,7281.060737650567,9899.869429152337,15414.511757163518,5702.558126508853,3984.709817787604,6402.060950922209,12260.81995565214,7422.491018166342,13258.588612143632,3865.4051446699655,12214.736944298615,10665.175203966537,10995.900808640386,6180.577210959968,9259.220894077947,6413.6386870659535,7552.615196107667,14238.23958828435,12214.736944298615,5181.973523198789,14375.549875299857,14375.549875299857,13920.91519282567,13207.214683455144,13207.214683455144,4659.063746309039,6895.804141160955,16287.92663208019,5135.778627150818,4577.685292582806,6460.22726546407,4267.452457380403,6348.569114475823,2261.579027116901,2352.7074820989897,11357.01054091914,5318.763774729019,9401.330618580365,10212.934142752716,11966.689200774757,6775.311956645888,7325.700019333657,6160.669575720094,12893.57364629868,12362.721552892932,5840.837355308203,5840.837355308203,12040.690037229768,10345.020884020592,13428.047492518039,2064.8423853675386,14360.883480810135,7225.358164705756,8585.449505717888,8611.962976511404,9153.81670668972,11875.953699533695,6271.629830601494,6271.629830601494,6166.303474467704,13995.687318891987,13995.687318891987,6697.886785825214,11189.836127110311,9486.055831867912,12635.729688617492,13424.09053212231,10964.355229315805,7505.556487862868,3764.592976701504,4153.463175279777,5842.377509281561,4250.53758533887,8984.614934408177,5753.643187621161,4015.467652616134,2998.0118539297,10117.645345786528,14036.430665642089,6231.548414008652,961.9936384059747,11657.473100463376,12810.820791807017
420031516001,896.6199539704311,6944.5036102038075,12410.349478005317,5867.068916754947,8203.891994111706,13788.430569526745,6999.922941553677,2072.1106774303707,5130.0962683933185,10925.318304968503,6008.499197270722,11632.507424506863,5746.338087157392,10588.655756661848,9251.183383070917,9656.457808278403,7976.91182834431,7923.719243394304,6097.333078841179,6138.623375212046,12633.63583969025,10588.655756661848,6479.338338243615,13036.106874937865,13036.106874937865,12581.472192463681,11793.22286255952,11793.22286255952,2996.302078509843,9132.20418374849,14661.84544444342,3473.0169593516216,2688.268085062213,8450.876116450429,6383.77514831549,7658.669895826014,778.8042668375305,850.5517488104284,10017.56754055715,5357.403953899909,8947.09444006949,8636.218501247131,10340.608013137991,8571.646574030232,5629.121763843248,4746.677754824473,11479.581825403055,10948.729731997306,7925.8248309560995,7925.8248309560995,10626.698216334142,8714.969154591021,12092.545841834397,2312.728537788861,12734.802293173361,5798.359741196316,7249.947855034245,7276.4613258277595,7577.101065184129,10249.872511896927,6310.2700097723855,6310.2700097723855,6204.943653638594,12365.635589462416,12365.635589462416,8494.221403209558,9854.33447642667,8150.5541811842695,11009.648500980722,11798.009344485545,9550.363408420186,6170.054837179227,5681.54322603496,2264.0459677591834,5551.019972905404,6366.8602762739565,7570.623113512554,7051.008002665985,4945.968699379945,3435.2955073345083,8487.593616356955,12410.349478005317,4817.55659311303,3172.8100413341335,10031.391912826604,11471.377791445027
420031401001,3602.2446329325167,4994.9232659755025,12141.316580153902,5387.685790420622,8006.494481922391,13519.397671675331,3744.7791368995595,5764.199141011263,4506.946865434018,10365.705870163953,5529.116070936398,11363.474526655446,3018.641640828819,10319.622858810428,8771.80025673659,9100.786723152198,5229.961936423499,7364.106808589757,4518.524601577762,5659.240248877722,12344.864641054404,10319.622858810428,3224.194533589496,12480.43578981167,12480.43578981167,12025.801107337484,11313.839736225198,11313.839736225198,6659.605905354622,7583.883900136615,14392.812546592004,7136.320786196401,6331.117790123949,5795.422021397239,4396.306791424573,4403.526091171897,3465.047972790426,3556.176427772514,9461.896455430953,3289.455517487535,11535.34754584671,8319.55919552277,10071.57511528657,5835.267360133203,5432.325072103712,4267.294628490148,11000.198699068735,10469.346605662986,5270.370735902911,5270.370735902911,10147.315089999822,8449.906798532402,11532.933407029852,1710.000950875438,12465.769395321948,5331.983217475811,6690.335420229699,6716.848891023214,7260.441759459775,9980.839614045508,4242.321573360014,4242.321573360014,4136.995217226221,12100.5732334038,12100.5732334038,5753.6307968533,9294.72204162212,7590.941746379723,10740.615603129305,11528.976446634124,9070.98028208586,5610.44240237468,2953.846779706388,5879.55706424729,3947.2634237933694,4379.39191938304,7091.239987178232,3795.8641980118678,1872.9157390465934,1073.052777734229,8222.531260298338,12141.316580153902,4338.173466778706,2121.0855591957607,9762.359014975189,10915.70670631883
420031408002,2455.3144462292794,3908.580806640369,14457.09579950256,7703.465009769289,10322.273701271053,15835.176891023992,5621.042423387498,4082.5048898841815,6822.726084782686,12363.399584005161,7844.895290285065,13679.253746004106,3363.049693339696,12635.402078159088,11087.579476085251,11416.565942500856,5924.00938871496,9679.886027938423,6834.30382092643,7975.019468226389,14660.643860403063,12635.402078159088,5103.969114554551,14796.215009160329,14796.215009160329,14341.580326686144,13629.618955573857,13629.618955573857,4756.858818405616,6096.281380185047,16708.591765940662,5233.573699247395,4675.4803646793835,5937.438631323081,3481.487273916999,6258.094895002469,2617.950269238757,2524.4654064880706,11777.675674779613,5605.234736836201,9357.540329277523,10635.338414871432,12387.35433463523,6518.744134400882,7748.10429145238,6583.073847838816,13315.977918417393,12785.125825011644,5054.872171844799,5054.872171844799,12463.094309348482,10765.686017881062,13848.71262637851,2593.488041060027,14781.548614670606,7647.762436824479,9006.114639578367,9032.628110371881,9576.22097880844,12296.618833394168,6558.100792708681,6558.100792708681,6452.7744365748895,14416.35245275246,14416.35245275246,6441.318963580206,11610.501260970781,9906.720965728387,13056.394822477963,13844.755665982782,11386.75950143452,7926.221621723347,3262.2375253712344,4251.258247376354,6263.042643142038,3464.572401875466,9407.0192065269,5672.127484499806,4089.259525201329,3388.8319970828948,10538.310479647,14457.09579950256,6653.952686127374,582.0362952075961,12078.138234323847,13231.48592566749
420031408003,1934.0680371023643,4614.364377080709,14555.423897586668,7869.50761245901,10348.966413693059,15933.504989108096,5912.6459457666815,3561.2584807572675,6990.507825730651,12655.003106384342,8010.9378929747845,13777.581844088214,3913.425457281779,12733.7301762432,11253.622078774977,11584.347683448827,6350.2013944343635,9847.667768886387,7002.085561874396,8141.062070916109,14778.710259271602,12733.7301762432,5395.572636933733,14963.996750108297,14963.996750108297,14509.36206763411,13795.661558263584,13795.661558263584,4235.612409278702,6802.064950625389,16806.91986402477,4712.327290120481,4154.233955552469,6508.247578075884,4187.27084435734,6549.69841738165,2096.7038601118425,2003.2189973611564,11945.45741572758,5882.663035408584,8872.0586368145,10781.292920828482,12485.682432719343,6944.936140120283,7774.196183424604,6749.116450528537,13482.02052110712,12951.168427701372,5760.655742285141,5760.655742285141,12629.136912038208,10860.043574172372,14016.494367326479,2653.2892601759822,14879.876712754713,7813.805039514199,9173.896380526328,9200.409851319844,9722.175484765483,12394.946931478278,6835.529091281064,6835.529091281064,6730.2027351472725,14510.710009043767,14510.710009043767,6867.510969299608,11778.283001918751,10074.502706676352,13154.722920562073,13943.083764066896,11552.802104124245,8094.003362671311,3812.6132893133176,3730.0118382494397,6430.824384090004,4170.355972315807,9573.061809216617,5963.731006878989,4380.863047580506,3586.4587287381437,10632.66803593831,14555.423897586668,6819.995288817095,985.7019802480733,12176.466332407956,13399.267666615457
420031413001,2232.699383153849,4538.212478621177,13691.752329397965,6938.121539664691,9556.930231166458,15069.833420919396,5141.701696052894,4283.4353798968905,6057.3826146780875,11884.058856670557,7079.551820180467,12913.91027589951,3389.147039317092,11870.058608054493,10322.236005980656,10651.22247239626,5619.720780504009,8914.542557833827,6068.9603508218315,7209.675998121791,13895.300390298467,11870.058608054493,4621.117092742829,14030.871539055734,14030.871539055734,13576.236856581549,12864.275485469261,12864.275485469261,4957.789308418326,6725.913052165857,15943.248295836067,5434.504189260105,4876.410854692093,6093.685068610127,4020.2907893805864,5787.712684019863,2095.5027230117576,2186.631177993846,11012.332204675018,4839.891266731603,9700.056180689646,9869.994944766837,11622.010864530635,6214.455526189929,6982.7608213477815,5817.730377734218,12550.634448312798,12019.782354907049,5568.633783115798,5568.633783115798,11697.750839243887,10000.342547776467,13083.369156273915,1898.7660812623947,14016.20514456601,6882.418966719881,8240.771169473768,8267.284640267284,8810.877508703845,11531.275363289573,5792.757322604083,5792.757322604083,5687.430966470291,13651.008982647865,13651.008982647865,6137.030355369255,10845.157790866186,9141.377495623792,12291.051352373368,13079.412195878187,10621.416031329925,7160.878151618749,3324.3521781946606,4452.188737389063,5497.69917303744,4003.375917339053,8641.675736422303,5192.786757165201,3426.8392101239256,2623.488526978296,9772.967009542404,13691.752329397965,5888.609216022776,766.518909751503,11312.794764219252,12466.142455562895
420031403001,3758.3848085469103,2859.105237311079,14301.038256740376,7547.407467007094,10166.216158508865,15679.119348261805,5166.675652246756,5385.575252201815,6603.338518010191,11909.032812864418,7688.83774752287,13523.19620324192,2899.0567904107916,12479.344535396902,10931.521933323063,11260.508399738672,5460.0164857860555,9523.828485176233,6614.916254153936,7818.961925464194,14504.586317640878,12479.344535396902,4649.602343413809,14640.157466398145,14640.157466398145,14185.522783923958,13473.561412811672,13473.561412811672,6059.929180723249,5424.347931865314,16552.534223178474,6536.644061565028,5978.550726997017,5379.761873334004,2197.3191922579294,5803.728123861725,3908.0598796093586,3827.5357688057024,11621.618132017427,5217.476200002026,10683.566886804187,10479.280872109244,12231.296791873045,6054.751231471976,7592.046748690184,6427.0163050766205,13159.920375655209,12629.06828224946,3770.704090185729,3770.704090185729,12307.036766586296,10609.628475118876,13692.655083616326,3711.3232378599955,14625.491071908422,7491.7048940622835,8850.057096816174,8876.57056760969,9420.163436046252,12140.561290631982,6170.342255874503,6170.342255874503,6065.015899740712,14260.294909990274,14260.294909990274,5977.326060651301,11454.443718208595,9750.663422966198,12900.337279715779,13688.698123220598,11230.701958672335,7770.164078961152,2798.2446224423297,5554.328609693987,6043.655076369544,2180.404320216396,9250.961663764709,5217.760713359064,3634.892754060585,3232.774454320705,10382.252936884814,14301.038256740376,6497.895143365178,1277.5674339895224,11922.080691561663,13075.428382905304
420033001002,8268.500750053126,11902.51019551482,8922.863567219987,3175.559939232564,2799.141078937696,8845.663253285824,8628.576777257336,8511.403069756987,4256.888280473095,8947.505152913192,1986.7060413532001,4356.2408792536635,9610.492592085713,3336.447870017346,2043.736424671334,7496.83231064739,11744.698218373404,5816.431921550456,5432.0515529303775,1931.4043224768598,5213.702986599795,3336.447870017346,8296.43857288036,10876.481377306856,10876.481377306856,10421.846694832671,4585.77590415994,4585.77590415994,9466.865195384502,14491.47082967593,11174.359533658086,9947.933384756747,8974.559103918165,12395.691680144311,11303.893720963893,8929.730390344545,8131.304089911035,8222.432544893123,7857.942042926139,6225.113058664503,13245.36277272047,1317.2894431999416,2947.820341270801,12350.00364208311,2240.0236248103324,3100.8458413618014,4284.400095385806,3741.282773597726,11870.640394649985,11870.640394649985,3419.2512579345603,3430.705143543827,9992.611144904215,7467.825860216077,9247.316382388033,2364.5010057407076,5283.472471425547,5309.985942219062,1344.9091699076803,6216.653890196696,7111.84307853546,7111.84307853546,7006.516722401669,7631.58140243725,7631.58140243725,12268.367078803203,7754.39977949648,6050.619484254079,3757.4406143362216,4463.6301692354655,2342.9164500206016,4047.1509177665002,9545.69773096328,8522.998378041511,4910.059126610779,11286.978848922357,446.4270190539493,8547.50530656707,7684.76358940046,6630.004834710822,3347.3818284166946,8922.863567219987,3094.4550000457616,9204.370413134711,6468.405107782921,9311.752293814016
420030705002,4407.0003605483735,3814.5041221726997,13332.804615185549,6724.8628248890445,9245.250136338742,14710.88570670697,3131.5307290329456,6211.055613597377,5134.125275320494,9873.887889650601,6866.2931054048195,12554.962561687089,1170.8980550402898,11511.110893842068,10108.977291205012,10097.250498265337,3562.402508016924,8300.817538479243,5145.703011464239,6996.417283346144,13556.090976870482,11511.110893842068,2614.4574201999994,13472.683632020451,13472.683632020451,13018.048949546266,12651.016770693606,12651.016770693606,6885.409542118811,6403.464756333818,15584.300581623644,7362.12442296059,6804.031088392579,3943.8897435827394,3215.887647621773,3768.583200647916,4269.803700406283,4360.932155388371,10458.360230544087,3748.2629573123277,11627.676414390133,9656.736229991191,11263.063150318212,4157.137253702843,6690.834592691185,5604.47166295857,12337.375733537143,11806.523640131394,3418.8384580884112,3418.8384580884112,11484.49212446823,9643.343733524678,12069.996565719535,3234.043876807639,13657.257430353591,6669.160251944232,7627.046150119185,7653.559620912701,8597.618793928197,11172.327649077148,4369.424894126585,4369.424894126585,4264.098537992792,13294.010168396071,13294.010168396071,4079.712082882169,10084.65627601473,8391.486925996218,11932.103638160945,12720.464481665773,10408.157316554281,6547.153132264169,1106.1031939178583,6379.808971089549,4574.441833679846,3198.9727755802396,8428.417021646652,3182.6157901452534,1933.0628038705684,2458.295384579792,9415.968195290614,13332.804615185549,5675.350501247128,2192.5168108787607,10953.847050006825,11907.954548527612
420031807001,8072.813839312102,11926.379527407264,7221.436513640791,3841.5095380035273,765.5324908179222,7507.909254173365,7368.856669718748,8315.716159015963,3737.2095226278975,7464.60483212254,3187.300762110414,4688.53589322868,9268.789838954934,3644.684225383665,4002.381056613908,5948.38580599551,11135.664429584924,4333.531600759802,4571.836137514028,3131.999043234074,5402.031001026592,3644.684225383665,7655.004700308983,9328.034872654984,9328.034872654984,8873.400190180795,5882.8866538170705,5882.8866538170705,9271.178284643483,14515.340161568367,9303.74910426247,9752.246474015725,8778.872193177145,12117.973794060046,11327.763052856331,7670.010282805959,7935.61717917001,8026.745634152099,6309.495538274258,5705.434300819306,15204.007404663043,1704.8496360253134,3388.1099410746547,11740.753156546032,2022.7149216020002,3189.1048545160074,5837.603227778383,5340.794904528922,11612.34435312363,11612.34435312363,5377.895889877134,1397.0965554240522,8509.710824113557,7554.1245636200565,7545.889328808835,2147.192302532376,3803.8888354452515,3830.4023062387664,857.5373331397576,4183.045302076921,5880.123120444498,5880.123120444498,5774.796764310706,5597.972814317477,5597.972814317477,11485.767647686966,6271.499458705823,4567.719163463425,4065.67696970254,4854.037813207361,4301.561081963175,2649.1335052188438,9206.332974833838,8327.311467300487,4390.380368765581,11310.848180814799,2401.0521771796557,7287.785199028482,7204.633159387859,6716.303538114803,1313.77324029692,7221.436513640791,3187.6241585989205,9290.669116538696,4434.796519663148,7763.305789162139
420031517001,853.696898619576,5762.677632598789,13685.023530491737,7141.742969241372,9478.56604659813,15063.104622013165,6987.328148931619,2303.3234456514083,6404.770320879743,12199.992357454923,7283.173249757147,12907.181476993283,4988.107660446715,11863.329809148268,10525.857435557336,10931.131860764823,7424.8835975993015,9198.393295880727,7372.007131327603,7413.2974276984705,13908.30989217667,11863.329809148268,6470.25484009867,14310.780927424285,14310.780927424285,13856.146244950101,13067.89691504594,13067.89691504594,2977.677374172843,7950.3782061434695,15936.519496929839,3454.3922550146217,2896.2989204466103,7582.929781240821,5335.58409987542,7624.380620546587,1016.3327216290547,922.8478588783685,11292.241593043569,6436.15257832462,7601.212384693997,9910.89255373355,11615.282065624411,8019.61834328522,6903.795816329673,6021.351807310897,12754.255877889475,12223.403784483726,6908.968997803221,6908.968997803221,11901.372268820562,9989.64320707744,13367.219894320817,2992.833687979655,14009.476345659781,7073.03379368274,8524.62190752067,8551.135378314184,8851.775117670553,11524.546564383347,7389.018634197096,7389.018634197096,7283.692278063305,13640.309641948836,13640.309641948836,7942.1931724645465,11129.00852891309,9425.228233670694,12284.322553467142,13072.683396971965,10825.037460906606,7444.728889665652,4887.295492478253,2472.0768031435805,6825.694025391828,5318.669227833887,8845.297165998978,7038.4132100439265,5455.545250745444,4115.400657525302,9762.267668843377,13685.023530491737,6092.230645599455,2060.3841834130094,11306.065965313024,12746.051843931447
420034211003,18804.892343815332,15933.29818499962,23539.747753514475,19829.356981120214,19608.83126656799,24917.828845035892,12433.900654416362,20611.047445400367,16983.451818533304,16526.325142668287,19970.78726163599,22761.90570001602,13603.319516557001,21718.05403217101,22100.799250955217,19347.991874368665,11025.982330770894,17793.025206350838,16501.951225561108,20100.911439577314,23763.03411519941,21718.05403217101,13394.04221991122,19241.28521584235,19241.28521584235,20062.53617867011,23956.256460604407,23956.256460604407,21285.4013739218,16680.17934582133,25791.24371995256,21762.11625476358,21111.39384248729,11774.49121628819,15682.095133175198,11947.871365472698,18667.695683673242,18758.82413865533,19709.10160664742,15054.675516379384,26027.66824619312,20099.325804938468,21470.00628864715,10762.14483905288,18226.08671788428,18708.96581918972,23932.54601029086,23449.836433324683,14459.698072385117,14459.698072385117,23476.31408421844,20135.724811959382,18272.70935796154,17104.347736307987,23864.200568682518,18403.484962046205,17237.463599779814,17226.434004829684,19584.47344757327,21379.270787406087,14803.509078455258,14803.509078455258,14698.182722321466,23514.313841847554,23514.313841847554,10485.188356715767,18306.191603013245,17642.228302099527,22139.04677648988,22927.4076199947,22399.979276304486,16613.72686793259,13779.034817425765,20659.833116610625,16375.237295573423,15641.881304038734,20499.470371520973,12491.879842890243,14510.301821945655,15947.737708248767,19908.349273725315,23539.747753514475,18779.84465747828,16592.508642681736,21160.79018833576,19426.7189923858
420032022001,13398.752417358752,17115.009313746843,1049.6463007829457,10095.192279361338,7182.273971752562,3038.111433208587,12269.639973563762,13641.654737062614,8781.464940679532,10780.866370760305,9947.904743053721,8368.07210107806,14320.794438058183,7797.975941330042,11199.993084252255,10315.065341207928,16036.447733429934,9234.314904604811,9592.570958167471,10078.028920995044,5752.393954802718,7797.975941330042,12580.67956876684,7231.816583289492,7231.816583289492,6566.011883191301,9936.30989079097,9936.30989079097,14597.116862690134,19703.969947907957,2632.317616144913,15078.185052062378,14104.810771223798,17169.978393163296,16516.39283919592,12570.793586650972,13261.55575721666,13352.68421219875,9943.201375754337,10749.68971887094,20858.74376517017,8660.232540164086,8783.145559489383,16641.536460391046,7841.132883671574,9099.351307003622,11643.134538817198,11259.42674275812,16664.348952226883,16664.348952226883,12099.521944413013,6741.735326057898,8195.819597704223,12810.166894262851,951.8543057807511,7990.512454633037,8704.672139290262,8731.185610083778,8145.380182798892,3754.021173651415,10780.906424289511,10780.906424289511,10675.58006815572,3056.3556764720415,3056.3556764720415,16386.550951531975,9479.451175282547,9468.502467308435,7382.816017957882,8533.57402105674,11499.173109601523,7549.916809063854,14258.33757393709,13653.25004534714,9434.635786817214,16499.477967154384,9598.664204818002,12188.568502873495,12256.637758491106,11971.018828005654,6851.526861413773,1049.6463007829457,9097.870611086535,14544.972308923247,3608.4295344991538,7331.701779888206
420032815002,12457.046635711724,16173.303532099815,2165.6848243478125,9153.486497714306,5889.792022780591,1994.7056387965245,11327.934191916733,12699.948955415586,7839.7591590325,11423.682354320526,9006.19896140669,6739.962317584392,13379.088656411155,6169.866157836372,10258.287302605228,9907.463328193493,15094.741951782906,8292.60912295778,8650.865176520441,9136.323139348015,4124.284171309048,6169.866157836372,11638.97378711981,8139.05130553133,8139.05130553133,7473.24660543314,8308.200107297302,8308.200107297302,13655.411081043107,18762.264166260928,2974.5911268660275,14136.47927041535,13163.10498957677,16228.272611516268,15574.687057548888,11629.087805003945,12319.84997556963,12410.978430551722,10268.573060472243,9807.98393722391,19917.03798352314,7718.526758517054,7155.035775995717,15699.830678744014,6899.427102024542,8157.645525356588,10015.02475532353,9631.316959264452,15722.643170579851,15722.643170579851,10471.412160919344,5449.253377085927,9103.054319946063,11868.461112615822,2264.070458668038,7048.806672986005,7762.9663576432295,7789.479828436743,7203.6744011518595,2461.5392246794463,9839.20064264248,9839.20064264248,9733.874286508688,1428.2458929783734,1428.2458929783734,15444.845169884948,10230.576980903808,8526.796685661404,5754.706234464212,6905.464237563074,10236.614237573727,6608.211027416822,13316.631792290062,12711.544263700112,8492.930005170183,15557.772185507352,8656.958423170972,11246.862721226467,11314.931976844078,11029.313046358626,5559.044912441802,2165.6848243478125,8156.164829439503,13603.266527276219,2315.9475855271853,8238.936502130045
420031102001,7550.333774549616,4304.583186070647,15731.059109041422,9740.91765054091,11648.921326836695,17109.140200562837,4652.170717624121,9177.52421820452,7532.379769176363,11394.527878241775,9882.347931056687,14953.217055542962,2134.9804303496057,13909.36538769794,13125.032116856875,11630.397943070946,1912.605338532662,10075.431275053144,7543.957505320108,10012.47210899801,15954.345470726355,13909.36538769794,4483.209398521563,14593.20129222767,14593.20129222767,14551.196394351877,15667.07159634547,15667.07159634547,9851.878146725954,6840.013040447468,17982.555075479508,10328.593027567731,9770.499692999721,1093.7927548978794,4053.380134246225,5086.236916196908,7549.359486695006,7619.484734808408,11991.507675349694,6146.517451168195,14594.145018997282,12290.637160465401,13661.317644174085,2348.962753926353,9493.962089309714,8620.526488610434,15353.430559189006,14822.578465783257,3053.9114048976453,3053.9114048976453,14500.546950120091,12047.014924022631,13590.636554310713,6365.757278240656,16055.511924209464,9663.200066662781,9519.869668482117,9508.840073531985,11441.94139065059,13570.58214293302,6196.124598822251,6196.124598822251,6090.798242688459,15697.68135889404,15697.68135889404,2187.8932947145872,11617.80372082034,9924.634370801832,14330.358132016818,15118.718975521646,13424.212142206145,8881.185138695371,2310.6957312183663,9346.277575696691,6972.696327535714,4013.1663051097603,11444.471847298522,4703.2557787364285,4213.00855010087,5474.350210231657,11819.639385788567,15731.059109041422,8691.405326898994,5158.985415485908,13352.101543862698,13441.101993333223
420033001001,8003.796893018764,11692.607581125976,8636.035208245528,3073.8418810799185,2512.3127199632345,9134.084671617944,8342.251127755666,8246.699212722628,3970.562630971425,8661.179503411524,1884.987983200555,4644.6622975857845,9400.589977696874,3624.8692883494673,2332.1578430034556,7210.50666114572,11465.74755755444,5530.106272048785,5145.725903428707,1829.6862643242146,5502.124404931916,3624.8692883494673,8010.112923378691,10590.155727805188,10590.155727805188,10135.521045331003,4874.197322492061,4874.197322492061,9202.161338350148,14281.568215287087,10887.531174683627,9683.229527722391,8709.855246883808,12185.789065755467,11093.99110657505,8643.404740842876,7866.600232876673,7957.728687858762,7571.616393424469,5938.787409162833,13533.78419105259,1290.858406022797,3236.2417596029222,12071.052981264138,1953.697975308663,2890.9432269729537,4572.821513717927,4029.7041919298476,11660.73778026114,11660.73778026114,3707.6726762666817,3143.8767845693656,9706.285495402546,7257.923245827232,8960.488023413573,2078.175356239038,4997.146821923877,5023.660292717392,1058.0808109332183,5929.825531222235,6825.51742903379,6825.51742903379,6720.191072899998,7344.75304346279,7344.75304346279,11989.416417984234,7468.0741299948095,5764.293834752409,4045.862032668343,4752.0515875675865,2631.337868352723,3760.8252682648304,9335.795116574442,8258.294521007152,4623.733477109108,11077.076234533513,733.4509453786224,8261.1796570654,7405.81292858149,6420.102220321977,3060.553469442233,8636.035208245528,2884.5523856569143,8994.467798745873,6181.57674880846,9025.426644312347
420032904001,11268.847596351041,14902.85704181274,12229.254358178956,6035.405678855782,6271.337523341075,10242.534798538896,11859.952744931203,11403.717650570763,7488.2642481469675,12178.88112058706,4854.0604914264195,3736.027557566856,12610.839438383633,5295.673287139641,1596.6870594132822,10728.208278321255,14745.045064671323,9047.807889224328,8663.427520604251,4723.586422995697,6904.76064394385,5295.673287139641,11527.81454055423,14107.857344980725,14107.857344980725,13653.22266250654,2312.300116603143,2312.300116603143,10737.968222842064,17491.817675973853,13235.01206343404,11234.020551005313,10677.920936566576,15396.038526442231,14304.240567261813,12161.10635801841,11131.650936208951,11222.77939119104,11089.318010600005,9456.489026338373,10427.491007456016,4918.567759140525,4094.7960271566885,15350.35048838103,5471.399592484203,6101.1926876597245,654.7083385369656,906.9741402160921,14870.987240947905,14870.987240947905,977.925488968484,6777.024656870779,13223.987112578083,10468.172706513995,12553.707173346998,5519.697485407387,8514.84843909942,8541.361909892934,4952.319860266381,9616.791435442223,10343.219046209326,10343.219046209326,10237.892690075538,9222.327040078124,9222.327040078124,15268.713925101123,10985.775747170346,9281.99545192795,5333.48722344354,3584.3838464763935,1297.5070340640145,7278.526885440373,12546.044577261202,11055.584304742968,8141.43509428465,14287.325695220277,3327.020100326526,11778.881274240937,10685.110435698376,9630.351681008742,6766.63203396711,12229.254358178956,6094.801846343685,12204.717259432631,9850.296793000245,12543.128261487882
420032904002,10826.182067637936,14460.191513099642,12290.272129596862,5587.836616141018,6411.053472206661,11170.190587575064,11920.970516349109,10633.871403271087,7549.282019564877,12239.898892004967,4406.491428711655,4663.683346603026,12168.173909670533,5743.366804609443,1657.7048308311912,10789.226049739162,14302.379535958225,9108.825660642235,8724.44529202216,4276.017360280933,7832.416432980021,5743.366804609443,11423.591452010289,14168.87511639863,14168.87511639863,13714.240433924446,3239.9559056393114,3239.9559056393114,9968.121975542388,17049.152147260753,14162.667852470207,10464.174303705637,9908.0746892669,14953.372997729133,13861.575038548715,12222.124129436317,10688.985407495844,10780.113862477932,11150.335782017912,9342.100867718826,9657.64476015634,4979.585530558435,4542.489544626487,14907.684959667931,5532.417363902113,5658.527158946614,1531.888495730529,1803.526320558447,14428.321712234807,14428.321712234807,1380.3791365339796,7042.617536812792,13285.004883995989,10025.507177800886,12614.724944764905,5580.715256825297,8575.86621051733,8602.379681310844,5013.3376316842905,9828.56628346566,10283.846576029759,10283.846576029759,10178.520219895967,10149.98282911429,10149.98282911429,14826.048396388025,11046.793518588252,9343.013223345857,5959.387280381443,4512.039635512562,1358.5248054819235,7339.544656858283,12103.3790485481,10285.738057443292,8202.45286570256,13844.66016650718,3388.0378717444373,11839.899045658844,10242.444906985269,9187.686152295633,6959.29422168566,12290.272129596862,5652.136317630575,11762.05173071953,9911.314564418151,12604.146032905788
420033102003,8146.707148132279,12903.314388360453,19753.2426011945,13209.96203994413,15416.899610935527,19793.98343168063,14394.274980793132,7031.857134416899,12472.9893915825,18268.21142815768,13051.111408362187,13287.476190708589,12395.054492308225,14749.212943338307,10663.550969560056,16999.35093146758,14831.830429460812,15266.612366583488,13440.226202030362,12920.637339931463,16456.20927708558,14749.212943338307,13877.201671960182,20378.999998127045,20378.999998127045,19924.365315652864,11863.748749744875,11863.748749744875,6366.107706688201,13464.049811005309,22004.7385676326,6862.160034851448,6306.060420412715,14989.876613102331,12659.436170341332,15031.327452408097,8309.34297114176,8215.858108391072,17360.460663746326,12700.297077089092,1161.8933628046127,13985.4316692873,13548.33568335535,15426.56517514673,12972.014887032432,12089.570878013656,10111.96240801609,10555.217618757159,14232.821068269137,14232.821068269137,10386.225275262845,16048.463675541658,19435.43896502358,10285.843937492355,20077.69541636254,13141.252864385498,14592.84097822343,14619.354449016944,14019.183770413156,17592.765635086103,13653.163132961567,13653.163132961567,13547.836776827777,18773.77567321985,18773.77567321985,15349.140004326056,17197.227599615846,15493.44730437345,14884.935856585274,13135.832479618126,10364.370944210787,13512.94796036841,12294.242324339764,6683.7237885891045,12893.913096094588,12642.5212982998,12393.8840104733,14445.36004190544,12862.49208260696,11408.410907038002,15830.486739546137,19753.2426011945,12160.449716302213,9467.331015274523,17374.285036015783,18814.270914634202
420031106001,7049.702288234728,3303.224159111687,15530.751490613588,9338.343442504756,11448.61370840886,16908.832582135008,4720.51081284908,8676.892731889628,7332.072150748534,11462.867973466737,9479.773723020531,14752.909437115128,1950.9214836674093,13709.057769270106,12722.457908820716,11698.738038295907,2548.130104888545,10143.771370278106,7343.649886892279,9609.897900961856,15754.037852298521,13709.057769270106,4551.549493746524,15074.171172051023,15074.171172051023,14619.536489576838,15264.49738830931,15264.49738830931,9351.24666041106,5890.556356576542,17782.247457051693,9827.961541252835,9269.868206684829,2001.019422627461,3052.021107287267,5154.5770114218685,7063.194149671328,7118.853248493519,12059.847770574655,5946.209832740371,14018.719193934925,12090.329542037567,13461.01002574625,3069.3627186337435,9293.65447088188,8217.952280574287,14950.856351152846,14420.004257747098,2240.510385770259,2240.510385770259,14097.972742083932,11846.707305594797,13658.976649535674,5961.5049345462285,15855.20430578163,9282.640869559948,9588.209763707076,9577.180168756944,11211.099411543904,13370.274524505186,6264.464694047213,6264.464694047213,6159.138337913421,15497.373740466206,15497.373740466206,2991.937547813069,11686.143816045302,9992.974466026793,14130.050513588983,14918.411357093812,13021.637934169985,8745.100007692205,1983.3985665296925,8845.6460893818,6772.388709107885,3011.8072781508017,11041.897639262363,4771.595873961388,4121.006599318034,5071.776002195508,11619.331767360733,15530.751490613588,8288.831118862845,4607.269698017898,13151.793925434864,13509.442088558184
420031920005,11081.309821602024,14797.566717990117,8297.791348921095,6418.722697471212,3762.392852101596,5898.964903961306,9952.197377807035,11324.212141305887,6464.022344922799,10047.945540210827,5323.544237586357,1974.734206621865,12003.351842301454,288.05325357290826,4598.905511818198,8531.72651408379,13719.005137673206,6916.872308848079,7275.128362410739,5268.242518710016,2561.1907493662584,288.05325357290826,10263.236973010113,11911.375580743266,11911.375580743266,11456.740898269081,3430.979412531263,3430.979412531263,12279.674266933407,17386.52735215123,8891.442168856454,12760.74245630565,11787.368175467069,14852.53579740657,14198.95024343919,10253.350990894247,10944.11316145993,11035.241616442021,8892.836246362536,8432.247123114208,15245.033404476711,3525.8343974497466,1221.6926630373723,14324.093864634315,5119.568528419343,6164.736358048083,4792.766705961632,4407.97230769792,14346.906356470154,14346.906356470154,4682.7460890494995,3786.7615047059912,11093.051532201845,10492.724298506124,8396.176983241323,5244.0459093497175,6387.229543533529,6413.743014327044,3181.655227799278,5758.0781966632485,8463.463828532778,8463.463828532778,8358.137472398987,4878.757145500531,4878.757145500531,14069.108355775248,8854.840166794102,7151.0598715517035,428.1732501848493,2140.2361266005455,4447.9481657038805,5232.474213307125,11940.894978180359,11335.807449590411,7117.193191060482,14182.035371397655,3710.0275854736938,9871.12590711677,9939.195162734379,9653.576232248928,3830.728078005582,8297.791348921095,6158.345516732044,12227.52971316652,6009.829414249473,10346.646497250427
420034804002,12721.895000091195,17548.752482419517,15786.816053850174,8676.397585460903,9907.597396459976,14454.980924055777,15029.809797637012,10733.801864987638,11028.954019653684,15736.442816258279,7495.052398031543,7948.473683083745,15256.734878990404,9239.910728862762,5154.248755084509,14285.769973992474,17390.9405052781,12605.369584895547,11996.190830101545,7364.578329600819,11117.20676946073,9239.910728862762,14512.15242133016,17665.41904065195,17665.41904065195,17210.78435817776,6524.746242120032,6524.746242120032,10068.05243725894,19497.23379080993,17447.458188950925,10564.10476542219,10008.005150983456,18041.93396704901,16950.13600786859,15718.66805368963,12858.818877144286,12765.334014393602,14646.879706271224,12430.661837038697,9757.575221872896,8476.129454811757,8039.03346887981,17996.24592898781,9028.961288155433,8747.0881282665,4772.959900391244,5216.21511113231,17516.88268155468,17516.88268155468,4876.923060787299,10539.161461066107,16781.548808249303,13114.068147120757,16111.268869018217,9077.259181078616,12072.410134770642,12098.923605564156,8509.881555937613,13325.110207718972,13372.40754534963,13372.40754534963,13267.081189215838,13434.773165595003,13434.773165595003,17914.609365707904,14543.337442841565,12839.55714759917,9455.93120463476,7796.829971993282,4855.068729735243,10836.088581111593,15191.940017867972,10385.668519159846,11449.87772416577,16933.221135827054,6884.581795997759,15068.048393941592,13331.00587630514,12276.247121615505,10455.838145938975,15786.816053850174,8740.69728695046,14756.02238053367,13407.858488671463,16100.6899571591
420030404002,3946.8948706448987,5354.417248147034,11512.627776470996,4902.737086213865,7423.124397663565,12890.708867992425,2952.3772104091695,5558.393697986482,3410.6376977815926,9243.745954786751,5044.16736672964,10734.78572297254,2962.579647802513,9690.934055127522,8286.851552529833,8390.775027843267,4958.357597208387,6577.329960940342,3422.2154339253366,5174.291544670965,11735.91413815593,9690.934055127522,2431.792607099107,11770.424094502747,11770.424094502747,11315.789412028556,10828.89103201843,10828.89103201843,6513.855823614002,7943.37788230815,13764.123742909098,6994.924012986244,6021.549732147662,5778.137339868109,4755.800773596106,3611.124164681506,3809.698210502807,3900.8266654848953,8751.884760122015,2024.7753797734279,12287.86757160966,7834.610491316014,9442.886311603665,5563.663020918092,4868.708854016006,3782.3459242833906,10515.249994861966,9984.397901456217,5253.086054373783,5253.086054373783,9662.366385793053,7821.217994849501,10746.156559380443,1889.5134088030527,11837.080591639042,4847.034513269054,5903.558572580284,5930.072043373799,6775.4930552530195,9352.150810362602,2977.6414356459036,2977.6414356459036,2872.315079512112,11471.884429720894,11471.884429720894,5482.026457638188,8507.945193972706,6804.164898730308,10111.926799446399,10900.287642951218,8586.031577879105,4823.665554725268,2900.122783681418,5569.989006271007,2850.9542561409444,4738.885901554573,6606.291282971476,3003.4622715214773,898.4229682354379,685.1911117391733,7593.842456615437,11512.627776470996,3853.2247625719483,3124.4856725934387,9133.670211292283,10205.6950110099
420031915001,8971.072739433646,12687.32963582174,7672.974810814993,4392.605356890902,1435.0941171404245,8015.591430444354,7841.960295638658,9213.975059137509,4353.785262754431,7937.70845804245,3697.903799721684,3526.169056412193,9893.114760133076,2506.3760471758756,4212.773566224114,6421.48943191542,11608.768055504828,4806.63522667971,5164.89128024237,3642.6020808453436,4383.631163758325,2506.3760471758756,8152.999890841736,9801.138498574888,9801.138498574888,9346.503816100703,4710.364953856455,4710.364953856455,10169.437184765029,15276.29026998285,9910.572747169044,10650.505374137272,9677.13109329869,12742.298715238192,12088.713161270813,8143.113908725869,8833.876079291553,8925.004534273643,6782.599164194168,6322.010040945838,14878.42069681905,1607.7233045420548,2117.74851842933,12213.856782465937,3093.4511878390294,4138.619017467772,4567.241805133061,4070.433481883599,12236.669274301776,12236.669274301776,4316.133381391838,1950.102166412059,8982.814450033467,8382.487216337744,7997.427625983037,3217.9285687694046,4276.99246136516,4303.505932158675,1145.4718864981485,4789.8689449835,6353.226746364408,6353.226746364408,6247.900390230616,6204.796457224055,6204.796457224055,11958.87127360687,6744.603084625733,5040.822789383335,2927.3687914947504,3633.558346393995,4081.3354580462187,3122.2371311387515,9830.65789601198,9225.570367422033,5006.956108892113,12071.798289229277,2877.583780947619,7760.888824948392,7828.958080566002,7543.339150080552,1939.7095435083902,7672.974810814993,4132.228176151733,10117.292630998141,5041.620162569726,8236.409415082047
420031916001,11125.43668900224,14958.647690476504,8405.596233763305,6953.711374691166,2624.5687845146963,6006.769788803514,10271.86524215438,11368.3390087061,6640.218095063523,10367.613404558171,5802.168742659116,3457.0021323930564,12171.798411390564,1317.0344109864063,5520.4911599725465,8851.394378431138,14038.673002020554,7236.540173195429,7474.844709949655,5746.867023782776,2374.8095221174876,1317.0344109864063,10558.013272744613,12231.043445090614,12231.043445090614,11776.408762616426,5016.783546095957,5016.783546095957,12323.80113433362,17547.60832463761,8999.247053698666,12804.869323705861,11831.495042867284,15020.982366495677,14360.031215925575,10573.01885524159,10988.240028860148,11079.368483842236,9212.504110709886,8608.442873254933,16170.217266773765,4004.4589025225014,2463.219155898495,14643.761728981663,5075.337771292135,6241.727704206139,5829.658824620717,5362.230051838307,14515.35292555926,14515.35292555926,5607.929951346547,2648.9374371190916,11412.719396549188,10606.747413310193,8503.98186808353,5199.815152222509,6706.897407880878,6733.410878674392,3767.535181879069,5543.0634118937905,8783.131692880126,8783.131692880126,8677.805336746333,4986.562030342739,4986.562030342739,14388.776220122596,9174.50803114145,7470.727735899051,1859.2290105159982,3622.504052371737,5373.132028000927,5552.14207765447,12109.341547269469,11379.934316990626,7293.388941201208,14343.116343884041,4188.652090546449,10190.793771464112,10107.64173182349,9768.926387804939,2692.9040104186824,8405.596233763305,6240.247008289052,12343.291966228833,5794.814629480015,10666.31436159777
420031014003,7139.65176975986,4217.940981049827,14834.788244937157,9130.009835935887,10903.871757990672,16212.86933645858,3679.7529382840403,8945.806871344872,6916.233559106233,10422.110098901696,9271.440116451662,14056.946191438701,1938.0789425015237,13013.09452359368,12514.124302251857,10657.980163730866,768.0056991383036,9103.013495713065,6703.365182081368,9401.564294392987,15058.074606622087,13013.09452359368,3510.7916191814843,14033.413297485982,14033.413297485982,13578.778615011797,15056.163781740453,15056.163781740453,9620.1607998663,6805.27317851468,17086.284211375245,10096.87568070808,9538.782346140071,2382.8970145254407,3966.7379292254072,4001.456676737624,7002.45510961777,7093.583564599859,11019.089896009615,5256.089472899647,14362.427672137628,11394.366296361144,12765.046780069822,1310.6040147965596,8877.815879239583,8009.618674005411,14742.52274458399,14211.670651178241,3174.6141689291812,3174.6141689291812,13889.639135515077,11429.215439396297,12618.218774970634,5784.763672122949,15159.241060105198,9047.053856592649,8547.451889142036,8536.422294191903,10825.795180580459,12674.31127882876,5223.7068194821695,5223.7068194821695,5118.380463348378,14809.354333270236,14809.354333270236,1233.1788439758852,10645.385941480261,8952.216591461753,13434.087267912559,14222.448111417381,12813.304327601127,7908.7673593552945,2113.794243370284,9114.560228837045,6356.550117465584,3926.5241000889423,10833.564032693495,3730.837999396348,3583.16031082699,4877.684411358473,11201.839901162235,14834.788244937157,8080.497512293969,4927.268068626254,12455.830679758436,12468.684213993143
420032022002,13059.356349140357,16775.613245528446,685.4776159722421,9755.796211142942,7010.758299824064,3471.647766227899,11930.243905345367,13302.258668844219,8442.068872461135,10416.6976859496,9608.508674835326,8779.014429272162,13981.398369839788,8208.91826952414,10860.59701603386,9950.896656397224,15697.051665211538,8894.918836386416,9253.174889949076,9738.632852776649,6163.336282996816,8208.91826952414,12241.283500548445,6867.647898478789,6867.647898478789,6201.843198380599,10347.252218985073,10347.252218985073,14257.72079447174,19364.57387968956,2926.335987360107,14738.788983843982,13765.414703005403,16830.5823249449,16176.996770977523,12231.397518432577,12922.159688998265,13013.288143980355,9579.032690943633,10410.293650652546,20519.347696951772,8320.83647194569,9194.087887683485,16302.140392172647,7501.736815453176,8759.955238785225,12054.076867011301,11670.369070952223,16324.952884008486,16324.952884008486,11917.046999840148,6570.219654129401,7831.65091289352,12470.770826044456,271.71987251869473,7651.116386414639,8365.276071071865,8391.78954186538,7805.984114580494,3582.5055017229174,10441.510356071116,10441.510356071116,10336.183999937324,3467.298004666143,3467.298004666143,16047.15488331358,9115.282490471844,9129.10639909004,7793.75834615198,8944.516349250842,11159.777041383128,7210.520740845456,13918.941505718694,13313.853977128745,9095.23971859882,16160.081898935987,9259.268136599607,11849.1724346551,11917.241690272711,11631.622759787258,6680.011189485274,685.4776159722421,8758.47454286814,14205.576240704851,3436.9138625706564,6967.533095077503
420032023001,12438.736718265176,16154.99361465327,6894.418876865675,7702.100065682919,4144.623478407754,4495.592431905885,11309.624274470189,12681.639037969038,7821.449241585958,11405.372436873979,6513.246167803553,3773.496423586178,13360.778738964606,1926.320041721529,6231.568585116983,9889.153410746952,15076.432034336358,8274.299205511239,8632.555259073899,6457.944448927213,863.6321652198576,1926.320041721529,11620.663869673264,12867.785358049186,12867.785358049186,12201.980657950999,5341.734213299087,5341.734213299087,13637.101163596559,18743.954248814378,7488.069696801034,14118.169352968802,13144.79507213022,16209.962694069722,15556.377140102342,11610.777887557399,12301.540058123082,12392.668513105173,10250.263143025699,9789.67401977737,16881.294691918207,4715.536327666939,3078.338696956935,15681.520761297466,6416.525907643575,7461.69373727232,6540.736249765153,6073.307476982744,15704.333253133305,15704.333253133305,6319.007376490984,4168.992131012149,12450.478428864997,11828.673756126598,6992.804511185901,6541.00328857395,7744.656440196687,7771.169910990203,4478.612607023507,4354.705724607828,9820.89072519594,9820.89072519594,9715.564369062147,3475.384673445109,3475.384673445109,15426.5352524384,10212.267063457264,8508.486768214863,2468.5146412511212,3938.998343564859,6084.209453145363,6589.9011099702775,13298.32187484351,12693.234346253563,8474.62008772364,15539.462268060806,4899.729515690886,11228.552803779921,11296.622059397532,10990.852730621347,4212.95870431174,6894.418876865675,7455.302895956281,13565.218309045238,4606.456942194053,11704.073393913579
420032023002,14072.977817964322,17789.234714352413,7351.256074716316,9410.390693833508,6524.90511712445,4911.537583047387,12943.865374169332,14315.880137668184,9455.690341285093,13039.613536573124,8315.212233948654,3362.567956274418,14995.019838663751,3196.775569689335,7009.1667415526,11523.394510446087,16710.6731340355,9908.540305210374,10266.796358773036,8259.910515072314,2023.5876474358076,3196.775569689335,13254.90496937241,13324.622555899829,13324.622555899829,12658.81785580164,4914.747483629796,4914.747483629796,15271.342263295704,20378.19534851352,7944.906894651675,15752.410452667948,14779.036171829366,17844.203793768866,17190.618239801486,13245.018987256544,13935.781157822228,14026.909612804318,11884.504242724834,11423.915119476505,17155.41591851589,6517.502393812043,4042.681704648246,17315.76186099661,8111.23652478164,9156.404354410379,6621.572131656026,6237.864335596946,17338.57435283245,17338.57435283245,7093.0073187839025,6549.273769728845,14084.719528564143,13484.392294868421,7449.641709036542,8235.713905712015,9378.897539895825,9405.411010689339,6173.323224161574,4811.542922458468,11455.131824895076,11455.131824895076,11349.805468761284,3932.2218712957497,3932.2218712957497,17060.776352137542,11846.508163156399,10142.727867914,2642.352163116744,3507.991744262143,6858.209395438284,8224.142209669422,14932.562974542656,14327.475445952708,10108.861187422777,17173.70336775995,6701.695581835989,12862.793903479067,12930.863159096676,12645.244228611225,6593.240343028436,7351.256074716316,9150.01351309434,15219.197709528817,5063.294140044693,13338.314493612725
420032023003,13920.526921216357,17636.78381760445,6803.599971290802,9183.8902686341,5626.413681358933,4365.263515671301,12791.41447742137,14163.429240920219,9303.239444537137,12887.16263982516,7995.036370754732,3378.382190368578,14842.568941915786,3170.678198197613,7024.980975646759,11370.943613698133,16558.222237287537,9756.089408462418,10114.34546202508,7939.734651878392,1125.0962116702926,3170.678198197613,13102.454072624445,12776.966452474311,12776.966452474311,12111.161752376123,4930.561717723956,4930.561717723956,15118.89136654774,20225.744451765557,7397.250791226162,15599.959555919982,14626.585275081401,17691.752897020902,17038.167343053523,13092.56809050858,13783.330261074263,13874.458716056353,11732.05334597688,11271.464222728551,17171.23015261005,6197.326530618117,4058.495938742406,17163.310964248645,7898.316110594754,8943.4839402235,6637.386365750185,6253.678569691106,17186.123456084486,17186.123456084486,7108.821552878062,5650.782333963328,13740.969466889044,13310.463959077779,6901.985605611028,8022.793491525129,9226.446643147867,9252.960113941383,5960.402809974686,4263.886819032955,11302.680928147121,11302.680928147121,11197.354572013328,3384.5657678702364,3384.5657678702364,16908.32545538958,11694.057266408445,9990.276971166044,2658.166397210904,3523.805978356303,6874.023629532444,8071.691312921456,14780.11207779469,14175.024549204743,9956.410290674821,17021.252471011987,6381.519718642065,12710.343006731102,12778.412262348713,12472.642933572528,5694.748907262919,6803.599971290802,8937.09309890746,15047.008511996419,4515.638036619179,12876.851649073027
420034885002,9896.5578983075,15310.08810505734,19956.338562475335,13119.957963999801,14077.119905085136,18263.889826793646,15868.461081706651,7908.464763203944,13349.597020369543,19144.81905694473,11938.612776570433,11757.3825858216,14805.009327480968,13317.02831539439,9323.771263709663,17875.958560254625,17241.785264633552,16143.219995370531,14316.833830817406,11808.138708139712,14926.115672198594,13317.02831539439,15347.876478396587,21255.607626914094,21255.607626914094,20800.972944439913,10333.655144857887,10333.655144857887,7242.715335475246,15842.013330997284,21256.367091688782,7738.767663638493,7182.66804919976,17399.831448275076,15066.209887038229,16527.208035978987,10033.48177536059,9939.996912609904,18237.06829253337,13576.904705876135,3038.847650356442,12645.651963436907,12116.151055411432,17836.520010319473,13198.483796780587,12966.1785068007,8577.650153242852,9086.219794934234,16639.594784966026,16639.594784966026,9046.44556941245,14708.683969691268,20312.046593810628,12009.98274171119,20280.791377643378,13246.78168970377,15469.448607010474,15495.962077803988,12679.404064562765,17494.63271634413,14529.77076174861,14529.77076174861,14424.44440561482,17243.682068332866,17243.682068332866,17759.0948394988,18073.83522840289,16370.054933160494,13354.84225169829,11605.738874731138,9024.591238360394,14389.555589155454,14704.197159512507,7560.33141737615,13770.520724881631,15049.295014996696,11054.10430462291,15919.546142818961,13814.506839532918,12564.236471508786,14625.360654564138,19956.338562475335,13037.057345089257,11877.285850447262,17577.380997296623,19690.87854342125
420032703002,12977.07877279597,15797.940387795907,5241.904586816899,10520.03856965818,9250.470648058174,8575.084826796723,10405.886186677739,13219.981092499835,7879.781140712385,4787.83777335741,10375.28717651124,12403.545081506209,12753.40125883413,11359.693413661185,12031.165029558697,4156.613611772426,14187.641744483437,5009.654551398923,8678.096798070452,10505.411354452564,11189.970622986393,11359.693413661185,10731.873579820329,1758.3781721633109,1758.3781721633109,554.9107617391562,13597.895842094602,13597.895842094602,14175.443218127359,18386.148190556,8212.843454183487,14656.511407499598,13683.13712666102,15476.613190702847,15405.609706869014,10707.039799764949,12839.882112653877,12931.010567635967,3784.749646318838,9668.88173548739,20437.07012060738,9740.965186428646,11111.645670137328,14479.820194618429,8156.452496487765,9359.300368704697,13574.185391781055,13091.475814814874,15330.805347900932,15330.805347900932,13337.175714323113,9882.034712664303,2654.433886293798,12101.85506242529,5868.396422096641,8333.850740649697,5503.0438209855265,5583.159903964083,9226.112829063453,7539.958863930793,8938.664008186917,8938.664008186917,8833.337652053124,8493.932344655714,8493.932344655714,14202.863712281314,3320.9994458470487,4611.802395239366,11780.686157980064,12569.047001484889,12330.345054907966,6559.711120943303,12896.648107949282,13231.57640078436,8532.95198685007,15369.97755658481,10429.836150124436,10324.814715987472,11370.313773851867,11262.706996168086,9798.711397537172,5241.904586816899,9515.410372151882,13836.660477085688,7321.47826486047,1173.2500504527102
420031920004,12053.747215359264,15770.004111747357,8048.059568676805,7391.160091228456,4927.832774110104,5649.233123717016,10924.634771564275,12296.649535063127,7436.459738680042,11020.382933968067,6295.865205019763,962.6840961888522,12975.789236058694,1390.8455215252625,4610.2933622925075,9504.163907841032,14691.442531430446,7889.309702605323,8247.565756167982,6240.563486143424,2311.4589691219676,1390.8455215252625,11235.674366767353,12883.812974500506,12883.812974500506,12429.178292026321,2530.9218859017606,2530.9218859017606,13252.111660690647,18358.964745908474,8641.710388612162,13733.17985006289,12759.805569224309,15824.97319116381,15171.38763719643,11225.788384651487,11916.55055521717,12007.679010199261,9865.273640119778,9404.68451687145,14787.922209386152,4498.1553648831505,1771.3116716207958,15296.531258391555,6092.005922176587,7137.173751805327,4237.746533927992,3854.0387378689115,15319.343750227394,15319.343750227394,4694.13393952381,5005.4692770171005,12065.488925959085,11465.161692263364,8146.445202997031,6216.483303106961,7359.666937290773,7386.180408084288,4154.092621556519,5508.346416418958,9435.90122229002,9435.90122229002,9330.574866156227,4629.0253652562415,4629.0253652562415,15041.545749532488,9827.277560551343,8123.497265308947,829.3669965853808,1128.186016167533,4459.336016178192,6204.911607064369,12913.332371937599,12308.244843347651,8089.630584817725,15154.472765154895,4682.348552907099,10843.56330087401,10911.632556491619,10626.013626006168,5049.435850316691,8048.059568676805,7130.782910489288,13199.96710692376,5760.097634005183,11319.083891007667
420034838002,3243.6673438779853,7970.151190414054,16059.152707938827,9515.872146688454,11852.695224045214,17437.233799460253,9491.23517653884,4157.930438167561,8778.899498326826,14574.121534902011,9657.302427204226,14937.247997772387,7492.014688053933,14237.458986595359,12313.322776623856,13305.261038211911,9928.790625206517,11572.52247332781,9746.136308774683,9787.42660514555,16282.439069623759,14237.458986595359,8974.16186770589,16684.91010487137,16684.91010487137,16230.275422397192,13513.520556808673,13513.520556808673,4832.284366688992,9265.338125782675,18310.64867437693,5308.999247530771,4750.90591296276,10086.836808848037,7726.272972394939,10128.287648153802,3406.3031668874637,3312.818304136778,13666.370770490657,8826.12302358303,5737.6972379689705,12285.02173118064,13989.411243071501,10523.525370892436,9277.924993776756,8395.48098475798,11761.734215079892,12204.989425820959,9299.657870322742,9299.657870322742,12035.997082326645,12363.77238452453,15741.349071767907,5382.804133238063,16383.60552310687,9447.162971129823,10898.751084967751,10925.264555761265,11225.904295117633,13898.675741830435,9778.989079455503,9778.989079455503,9673.662723321711,16014.438819395926,16014.438819395926,10446.100200071762,13503.137706360178,11799.357411117779,14658.45173091423,14785.604286681924,12014.142751274589,9818.858067112731,7391.202520085472,4326.683795659731,9199.823202838912,7709.358100353406,11219.426343446057,9542.320237651147,7959.452278352662,6505.37110278371,12136.396846290465,16059.152707938827,8466.359823046538,4564.291211020228,13680.195142760114,15120.181021378537
420031302002,6382.103559463879,490.8210360670074,16531.90446174369,9906.376449566935,12442.40108293626,17909.98555326512,5913.114696518009,8009.294003118779,8333.919898750575,12655.471857135673,10047.806730082712,15754.062408245232,3033.5096261281456,14710.210740400214,13290.490915882903,12883.287762451391,4964.455752242339,11328.321094433588,8345.49763489432,10177.930908024035,16755.190823428624,14710.210740400214,5692.679046063389,16258.720896206507,16258.720896206507,15804.086213732322,15832.530395371512,15832.530395371512,8683.647931640213,2960.5397579582836,18783.400428181798,9160.362812481993,8602.269477913982,3923.110857767999,798.2292074089157,6347.180895090793,6544.739382473355,6451.254519722669,13244.39749473014,6948.057580742409,13282.590056937644,12838.249854669084,14462.162996876357,5506.360313892339,9887.985539288702,8785.985287636462,15518.889358215049,14988.0372648093,1703.2023918299683,1703.2023918299683,14666.005749146136,12840.494680122198,14851.580533204611,6305.464806811701,16856.357276911738,9850.673876622124,10772.759487862557,10761.729892912424,11779.132418606087,14371.427495635295,7434.452689868311,7434.452689868311,7329.126333734519,16491.161114993585,16491.161114993585,5428.935143071665,12870.693540200786,11177.524190182276,15131.203484719092,15919.56432822391,13589.670941232174,9746.94775569425,3035.4985067577395,8178.047360610952,7774.236457109926,732.2358971087758,11609.930646324541,5964.1997576303165,5124.680461017983,5591.743436880544,12613.119141888134,16531.90446174369,8856.86412592502,3892.1793864254037,14152.946896564976,14693.991812713668
420031916003,10799.104811920619,14515.361708308712,8719.10057608484,6136.517687789808,3660.32666852512,6320.274131125052,9669.99236812563,11042.007131624481,6181.817335241395,9765.740530529421,5041.339227904953,2155.349830344407,11721.146832620048,394.97730717848117,4430.632330560781,8249.521504402386,13436.8001279918,6634.667299166676,6992.923352729335,4986.0375090286125,2869.5034535016384,394.97730717848117,9981.031963328707,11629.17057106186,11629.17057106186,11174.535888587676,3591.814509185892,3591.814509185892,11997.469257252002,17104.322342469826,9312.751396020198,12478.537446624245,11505.163165785663,14570.330787725165,13916.745233757785,9971.145981212841,10661.908151778525,10753.036606760616,8610.63123668113,8150.0421134328035,15076.7602232193,3243.6293877683424,1009.1607273176301,14041.88885495291,4837.36351873794,5882.53134836668,4624.493524704215,4239.699126440503,14064.701346788748,14064.701346788748,4514.472907792083,3684.6953211295154,10810.84652252044,10210.519288824718,8817.486210405066,4961.840899668314,6105.024533852125,6131.53800464564,2899.4502181178736,6179.387423826995,8181.258818851374,8181.258818851374,8075.932462717581,5300.066372664277,5300.066372664277,13786.903346093843,8572.635157112696,6868.8548618703,945.0281188405409,2320.851750323088,4279.674984446464,4950.269203625721,11658.689968498953,11053.602439909006,6834.988181379078,13899.83036171625,3427.8225757922896,9588.920897435364,9656.990153052973,9371.371222567523,3728.6618944291063,8719.10057608484,5876.140507050641,11945.324703485114,6431.138641413219,10064.441487569022
420031702002,5737.8125238168095,9371.821969278511,8174.336683011214,1979.9331738395083,3447.7327227040582,9552.417774532632,6852.879284496013,5980.714843520672,2801.1292970162017,7504.979403800764,1927.557209822785,6895.331575742482,7079.804365849404,5851.479907897464,4428.698366170129,6054.306561534958,9214.009992137097,4373.9061724380235,3819.2603169605445,2057.681387764109,7835.990473486951,5851.479907897464,6335.2219081891635,9433.95562819442,9433.95562819442,8979.320945720237,6970.737845658738,6970.737845658738,6936.176969148193,11960.782603439624,10425.832649449303,7417.245158520435,6443.870877681855,9865.003453908004,8773.205494727585,7487.204641232116,5600.615863674718,5691.744318656807,6415.416293813707,4253.731323897699,13197.803871628226,3810.6850279553228,5570.107828157956,9819.3154158468,900.6295848262189,768.5104544038546,6669.362036884603,6126.2447150965245,9339.952168413678,9339.952168413678,5804.213199433359,4076.4724293407126,8550.085395791779,4937.137633979761,8498.789498179256,761.994179187689,3840.9467223131146,3867.4601931066295,2751.567591892326,6013.859716902823,5195.477032208633,5195.477032208633,5090.150676074841,7727.138864212109,7727.138864212109,9737.678852566896,6311.874030384048,4608.093735141648,6272.47265221634,7060.833495721162,4727.878391519399,2604.6251686540677,7015.0095047269715,5992.310151805197,3272.9472110247707,8756.29062268605,2748.1380966117686,6891.117880800593,5154.075363164143,4099.316608474507,3849.0968911066493,8174.336683011214,930.4208501975918,6673.6821868984025,5795.379117832497,7869.226544701587
420034291002,15687.584605258126,15378.518949183308,10699.927870721323,13290.23520282116,12086.213465082375,14033.108110701138,9500.252780677289,15930.486924961988,10509.580471155714,5264.13484402696,13145.48380967422,15239.287898530409,12335.67569602294,14195.436230685391,14801.361662721672,8319.309708669038,11784.003613423014,7563.663960761441,11307.896128513774,13275.607987615545,16240.416313713802,14195.436230685391,10328.920730828937,4763.380829406266,4763.380829406266,5584.631792234021,16433.638659118802,16433.638659118802,16885.949050589512,17966.726751943406,13670.866738087909,17367.017239961748,16393.64295912317,12532.512498940316,14986.188268256417,9743.49208893002,15550.387945116032,15641.51640009812,8508.466072849562,11941.801667798984,23147.57595306954,12576.708003452848,13947.388487161534,11520.166121705,10926.649129650745,12129.497001867676,16409.928208805253,15927.218631839074,14903.329749774886,14903.329749774886,16172.918531347314,12717.777529688505,4324.912318426492,14215.129236350207,11326.41970600107,11104.047373812671,8030.510231485928,8117.286590306028,12061.855646087657,12997.982147835217,11211.583940498513,11211.583940498513,11106.257584364721,13951.955628560128,13951.955628560128,11243.209639367888,5736.902025285262,7116.053270206997,14616.428975004266,15404.789818509085,15100.541688070942,9221.11347856036,12481.679966037678,15942.08223324651,11162.751317293394,14950.556117972214,13200.032783287417,9433.747488512803,11621.08332198788,13058.519208290993,12608.91168549176,10699.927870721323,12285.607005314861,14599.5604351814,12779.501548764893,4948.8146059497185
420034639001,16014.21139672709,19730.468293115195,4609.040597936758,12710.651258729677,10794.240760496674,7942.220837916574,14885.0989529321,16257.113716430953,11396.923920047871,9895.883142309789,12563.36372242206,13172.78478038158,16936.253417426527,12602.68862063356,13815.45206362059,9430.082112757415,18651.90671279828,10283.12305238391,12208.02993753581,12693.487900363381,10557.106634106234,12602.68862063356,15196.138548135177,6344.842161099959,6344.842161099959,5681.0286547407995,14741.022570094488,14741.022570094488,17212.57584205848,22319.4289272763,7579.979465303345,17693.64403143072,16720.26975059214,19785.437372531647,19131.851818564268,15186.252566019311,15877.014736584997,15968.14319156709,9058.218147303827,13365.148698239276,23474.202744538514,11275.691519532427,12646.372003241102,19218.935052221754,10456.591863039912,11714.81028637196,15108.911724884822,14626.202147918642,19279.80793159523,19279.80793159523,14871.902047426882,10353.702114802012,7310.836369253718,15425.625873631188,5235.532433216498,10605.971434001376,10776.512321970515,10856.628404949073,10760.839162167229,7365.987962395534,13396.365403657846,13396.365403657846,13291.039047524055,7861.068355775566,7861.068355775566,18941.97856988464,8594.46794683204,9885.270896224354,12187.5286972614,13338.28670036026,14114.63208896986,10165.375788432195,16873.796553305434,16268.70902471548,12050.094766185552,19114.936946522732,12214.123184186343,14804.027482241834,14872.096737859445,14586.477807373993,10463.493650157883,4609.040597936758,11713.329590454874,17160.43128829159,7147.50736332521,6446.718551437702
420031517002,744.8136154850456,5999.796575211317,12985.454538142634,6442.173976892268,8778.997054249025,14363.535629664062,6822.069328822343,2906.768123563791,5705.201328530639,11500.42336510582,6583.604257408043,12207.61248464418,5181.410123034721,11163.760816799166,9826.288443208234,10231.56286841572,7618.186060187308,8498.824303531625,6672.438138978499,6713.728435349367,13208.740899827568,11163.760816799166,6301.48472551228,13611.211935075182,13611.211935075182,13156.577252600999,12368.327922696837,12368.327922696837,3802.174887907151,8187.497148755995,15236.950504580736,4278.88976874893,3522.925531195634,7776.232243828827,5559.212991023841,7480.816283094679,640.0715650057736,756.6391828552494,10592.672600694466,5578.193815402492,8723.150347607452,9211.323561384448,10915.713073275308,8212.920805873227,6204.226823980569,5321.7828149617935,12054.686885540372,11523.834792134623,7132.59788895164,7132.59788895164,11201.803276471459,9290.074214728338,12667.650901971714,2134.8749250575256,13309.907353310678,6373.464801333636,7825.0529151715655,7851.56638596508,8152.20612532145,10824.977572034244,6531.059871274968,6531.059871274968,6425.733515141177,12940.740649599733,12940.740649599733,8135.495635052553,10429.439536563987,8725.659241321588,11584.75356111804,12373.114404622862,10125.468468557503,6745.159897316548,5080.59795506626,3098.7034138926037,6101.807549955035,5542.298118982307,8145.728173649874,6873.154389934651,4768.1150866486105,3257.4418946031738,9062.698676494276,12985.454538142634,5392.661653250351,2253.686646001016,10606.496972963922,12046.482851582345
420035641001,17436.75493126342,21153.011827651502,6825.627686757754,14077.579377703352,10076.205044003953,3323.0882938063646,16307.642487468427,17679.657250967277,12819.46745458419,16403.39064987222,13858.216236069891,9816.10884220518,18358.796951962846,9246.012682457162,13463.718108308829,14887.171623745187,20074.450247334593,13272.317418509472,13630.573472072134,13948.43168515744,7200.430695929837,9246.012682457162,16618.6820826715,12875.796888520526,12875.796888520526,12209.992188422337,11384.346631918088,11384.346631918088,18635.119376594797,23741.972461812613,6664.372447991204,19116.18756596704,18142.81328512846,21207.980907067955,20554.395353100575,16608.79610055564,17299.55827112132,17390.686726103413,15248.281356023937,14787.692232775604,23498.30071386397,12265.408554763306,10231.182300616503,20679.5389742957,11879.13539757623,13137.35382090828,13091.171279944314,12707.463483885238,20702.35146613154,20702.35146613154,13547.558685540133,9635.666398309288,13839.799902935258,16848.169408167512,6924.01332107798,12028.514968537693,12742.67465319492,12769.188123988433,11548.319135388158,7363.313997488382,14818.908938194174,14818.908938194174,14713.582582060382,5620.591927132926,5620.591927132926,20424.553465436635,15123.431480513582,13506.504981213096,8830.852759085,9981.610762183862,13312.760762194515,11587.919322968512,18296.340087841752,17691.252559251803,13472.638300721876,20537.48048105904,12456.854202901612,16226.571016778162,16294.640272395773,16009.02134191032,9745.457933665162,6825.627686757754,13135.873124991194,18582.97482282791,7217.72235833612,12975.68208511924
420034705021,16388.554838279797,20104.811734667892,8526.325563967746,11725.967714148985,8226.55818269749,5020.434483527546,15259.44239448481,16631.45715798366,11771.26736160057,15355.190556888601,10595.180872093288,5678.144976589893,17310.596858979225,5512.352590004812,9324.743761868078,13838.971530761564,19026.25015435098,12224.11732552585,12582.373379088513,10539.879153216947,3725.2407130088495,5512.352590004812,15570.481989687887,14576.494765730515,14576.494765730515,13910.690065632325,7230.324503945271,7230.324503945271,17586.91928361118,22693.772368829,8365.070325201194,18067.987472983426,17094.61319214484,20159.780814084344,19506.195260116965,15560.596007572021,16251.358178137705,16342.486633119795,14200.08126304031,13739.492139791982,19470.99293883137,8797.471031956675,6358.258724963723,19631.338881312087,10426.813545097113,11471.981374725856,8937.149151971502,8553.441355912422,19654.151373147928,19654.151373147928,9408.58433909938,8250.926835301885,15540.497780145246,15799.969315183898,8624.711198287972,10551.290926027488,11694.474560211302,11720.988031004816,8488.90024447705,6506.393877951617,13770.708845210553,13770.708845210553,13665.382489076761,5627.072826788897,5627.072826788897,19376.35337245302,14162.085183471876,12458.304888229477,4957.92918343222,5823.568764577619,9173.78641575376,10539.719229984896,17248.139994858127,16643.052466268186,12424.438207738254,19489.28038807543,8981.664219980621,15178.370923794544,15246.440179412153,14960.821248926703,8294.893408601476,8526.325563967746,11465.590533409817,17534.774729844292,6758.145095537841,14676.379962329227
420034658001,13468.6155166376,17184.87241302569,3261.6953621412454,10165.055378640182,6191.224428007085,896.0192512546735,12339.503072842608,13711.517836341462,8851.328039958371,12435.251235246402,9973.235620073023,6247.763811461232,14390.65753733703,5677.667651713213,9895.373077564884,10919.032209119368,16106.310832708781,9304.178003883653,9662.434057446315,10063.451069160572,3632.0856651858912,5677.667651713213,12650.542668045686,9235.061843324764,9235.061843324764,8569.257143226574,7816.001601174139,7816.001601174139,14666.979961968982,19773.8330471868,3400.343543215297,15148.048151341225,14174.673870502646,17239.84149244214,16586.255938474762,12640.65668592982,13331.418856495506,13422.547311477598,11280.141941398118,10819.552818149785,20073.001924658543,8380.42793876643,6662.837269872555,16711.399559669888,7910.995982950413,9169.214406282461,9522.826249200367,9139.118453141293,16734.212051505725,16734.212051505725,9979.213654796185,5750.685782312421,10199.064857739495,12880.029993541697,3360.0809964614714,8060.375553911876,8774.5352385691,8801.048709362614,7663.338519391287,3395.1745828625653,10850.769523568355,10850.769523568355,10745.443167434563,1534.643152182025,1534.643152182025,16456.41405081082,11242.145861829684,9538.365566587277,5262.507728341053,6413.265731439912,9744.415731450568,7619.779908342693,14328.200673215937,13723.113144625988,9504.498886096057,16569.341066433226,8888.509172157666,12258.431602152343,12326.500857769954,12040.881927284501,5860.477317668296,3261.6953621412454,9167.733710365375,14614.835408202094,3249.5829437103043,9334.947039923478
420034690001,13603.797998595941,17320.054894984038,6109.918865821809,8867.161346013685,5309.68475873852,3474.958371107089,12474.685554800953,13846.700318299803,8986.510521916722,12570.433717204744,7678.307448134319,3424.045435325218,14525.84001929537,2853.949275577198,7071.654701428873,11054.214691077717,16241.493314667123,9439.360485842002,9797.616539404664,7623.005729257979,808.3672890498781,2853.949275577198,12785.72515000403,12083.285347005318,12083.285347005318,11417.48064690713,4992.283225038128,4992.283225038128,14802.162443927324,19909.015529145145,6523.9022596030145,15283.230633299567,14309.856352460985,17375.02397440049,16721.43842043311,12775.839167888164,13466.601338453847,13557.729793435938,11415.324423356464,10954.735300108136,17249.283548522526,5880.5976079977045,3839.1188937365414,16846.582041628233,7581.587187974341,8626.755017603084,6699.107873064357,6315.400077005279,16869.394533464074,16869.394533464074,7155.495278660175,5334.053411342915,13047.288361420051,12993.735036457363,6208.304500142035,7706.064568904716,8909.717720527451,8936.231191320967,5643.673887354273,3570.2057135639625,10985.952005526706,10985.952005526706,10880.625649392912,2635.9796602564916,2635.9796602564916,16591.596532769167,11377.328343788029,9673.548048545628,2438.789352205039,3589.547355303899,6920.697355314557,7754.962390301043,14463.383155174275,13858.295626584328,9639.681368054406,16704.523548391575,6064.790796021652,12393.614084110686,12461.683339728297,12155.914010952112,5378.019984642506,6109.918865821809,8620.364176287045,14730.279589376003,3821.9569311501873,12183.170543604034
420031014002,8148.947441433081,5305.828506804558,15814.649309460898,10109.870900459628,11883.732822514412,17192.730400982324,4659.614002807782,9955.102543018093,7896.094623629975,10857.73788505568,10251.301180975403,15036.807255962442,2947.3746141747447,13992.95558811742,13493.985366775598,11637.841228254607,396.2657688698498,10082.874560236805,7683.226246605111,10381.425358916727,16037.935671145828,13992.95558811742,4490.652683705226,13572.697958229726,13572.697958229726,14393.948921057485,16036.024846264194,16036.024846264194,10629.45647153952,7893.16070426941,18066.145275898987,11106.171352381301,10548.07801781329,2531.6091367818503,5054.625454980138,4581.962975992512,8011.750781290991,8102.879236273079,11998.950960533355,6235.9505374233895,15371.723343810847,12374.227360884885,13744.907844593563,836.0959174031724,9857.676943763323,8989.479738529153,15722.38380910773,15191.531715701982,4262.501694683912,4262.501694683912,14869.500200038818,12409.076503920038,12604.122100348932,6764.624736646691,16139.102124628938,10026.91492111639,9527.312953665776,9516.283358715644,11805.6562451042,13654.1723433525,6203.567884005912,6203.567884005912,6098.24152787212,15789.215397793976,15789.215397793976,695.9324974303726,11625.247006004001,9932.077655985493,14413.9483324363,15202.309175941122,13793.165392124867,8888.628423879036,3123.0899150435052,10123.855900510265,7336.411181989326,5014.411625843673,11813.425097217236,4710.699063920089,4563.021375350731,5857.545475882215,12181.700965685975,15814.649309460898,9060.35857681771,5936.563740299474,13435.691744282176,13448.545278516884
420035153002,4858.203052877422,5542.090327663326,17673.688416938265,11130.407855687896,13467.230933044655,19051.769508459693,10249.176766316412,5772.466147167,10393.435207326265,16188.657243901453,11271.838136203667,16895.846363439807,7373.091599260589,15851.9946955948,14514.522322003868,14919.796747211352,9891.78944869865,13187.058182327251,11360.672017774124,11401.962314144992,17896.974778623196,15851.9946955948,9939.828745919864,18299.44581387081,18299.44581387081,17844.81113139663,17056.561801492466,17056.561801492466,6446.8200756884335,5700.180493047914,19925.184383376367,6923.53495653021,6365.441621962201,9744.70049711116,5556.219780422434,10692.978967225417,5020.838875886901,4927.354013136216,15280.906479490099,10440.65873258247,9423.401831603456,13899.55744018008,15603.946952070943,10486.524194384569,10892.460702776196,10010.016693757421,15436.744816037904,15880.000026778971,7598.78170660836,7598.78170660836,15711.007683284657,13978.30809352397,17355.884780767345,6997.339842237502,17998.141232106307,11061.698680129264,12513.286793967192,12539.800264760706,12840.440004117074,15513.211450829876,11393.524788454944,11393.524788454944,11288.198432321153,17628.974528395363,17628.974528395363,10409.099023563895,15117.673415359619,13413.89312011722,16272.987439913672,17061.34828341849,14813.702347353137,11433.393776112172,7354.862723071826,5941.2195046591705,10814.358911838352,5514.400663956795,12833.962052445499,10300.26182742872,8925.119156566641,8119.906811783149,13750.932555289906,17673.688416938265,10080.895532045979,5429.221690466423,15294.730851759556,16734.716730377975
420035231003,8530.353547933264,2413.479431669642,18938.704123289528,12313.17611111277,14849.200744482096,20316.78521481095,8322.621329812406,10157.543991588162,10743.426532044978,15064.978490430076,12454.606391628546,18160.86206979107,5443.016259422545,17117.010401946052,15697.29057742874,15292.794395745794,7373.962385536738,13737.827727727989,10755.00426818872,12584.73056956987,19161.99048497446,17117.010401946052,8102.185679357787,18668.22752950091,18668.22752950091,18213.592847026728,18239.330056917348,18239.330056917348,10831.8979201096,1113.642039106251,21190.200089727627,11308.612800951381,10750.519466383368,5487.68774235525,3111.642902573571,8756.687528385191,8692.989370942742,8599.504508192058,15653.90412802454,9357.564214036807,14271.538875268965,15245.04951621492,16868.962658422195,7499.150037780162,12294.785200834536,11192.784949182296,17925.68901976089,17394.83692635514,3492.8371143656586,3492.8371143656586,17072.805410691974,15247.294341668032,17261.087166499015,8603.436854947187,19263.156938457567,12257.47353816796,13182.266121156958,13171.236526206827,14185.93208015192,16778.227157181132,9843.959323162711,9843.959323162711,9738.632967028916,18897.960776539425,18897.960776539425,7338.080578568398,15280.200173495188,13587.030823476678,17538.00314626493,18326.363989769747,15996.470602778008,12156.454388988652,5445.005140052138,10326.297349080334,10183.743090404325,3046.103572517079,14016.730307870377,8373.706390924714,7534.187094312382,7998.543098426379,15019.918803433968,18938.704123289528,11263.663787470854,6051.403816619338,16559.746558110815,17103.498446008074
420031918003,12772.44562335638,16406.45506881808,9870.694756367524,7678.156227037352,5648.203332974855,7471.868311407734,11784.572313576231,13015.347943060238,8296.397280692006,11880.320475980023,6489.302329157987,1023.208907362117,13835.72677807065,3124.2992612522635,3362.909516820178,10364.101449852997,15551.380073442402,8749.247244617287,9107.503298179947,6434.000610281646,4134.094156812689,3124.2992612522635,12095.611908779309,13743.750516512462,13743.750516512462,13289.115834038277,1018.7276467399253,1018.7276467399253,13459.745513023194,18995.415702979182,10464.345576302883,13955.797841186442,13399.698226747705,16684.910733175766,15807.838594267152,12085.725926663443,12635.248963214286,12726.377418196374,10725.211182131743,10264.622058883415,13149.268297637147,4861.376780562663,2192.480852235684,16156.46880040351,6870.190932434949,7604.790714665056,2771.449985693035,2387.7421896339565,16179.28129223935,16179.28129223935,3298.106868990566,6153.8904665045575,12925.426467971041,11971.77073351933,9969.08039068775,6994.668313365324,8219.604479302736,8246.117950096252,4980.70582735283,7330.9816041096765,10295.838764301985,10295.838764301985,10190.512408168192,6451.66055294696,6451.66055294696,15901.483291544444,10687.215102563307,8983.434807320911,2562.820736312381,851.5630482960779,3211.9521707058616,7064.84914907633,13773.269913949554,13026.943251344765,8949.568126829688,15790.923722225616,4830.61812733186,11703.500842885966,11771.570098503575,11133.949708014075,6143.497843600889,9870.694756367524,7598.399873349017,13708.31528643797,7582.732821695901,12179.021433019623
420035630002,14710.731047621379,18426.987944009485,2336.8523144532637,11407.170909623965,8521.79712491992,3941.1131961697824,13581.61860382639,14953.633367325241,10093.443570942158,12068.072384430623,11259.883373316348,9697.389561983087,15632.77306832081,9127.293402235067,12511.971714514882,11602.271354878247,17348.42636369257,10546.293534867438,10904.549588430098,11390.007551257671,7081.711415707745,9127.293402235067,13892.658199029467,8519.022596959809,8519.022596959809,7853.217896861621,11265.627351696,11265.627351696,15909.095492952762,21015.9485781706,1376.3239269578676,16390.163682325005,15416.789401486425,18481.957023425937,17828.371469458558,13882.7722169136,14573.534387479287,14664.662842461377,11230.407389424656,12061.668349133568,22170.72239543281,9972.21117042671,10112.463020394413,17953.515090653684,9153.111513934195,10411.329937266248,12972.451999722227,12588.74420366315,17976.327582489525,17976.327582489525,13428.839405318042,8081.25847922526,9483.025611374542,14122.145524525478,1983.1610383384211,9302.49108489566,10016.650769552885,10043.164240346401,9457.358813061515,5093.544326818776,12092.885054552138,12092.885054552138,11987.558698418346,4385.673137377073,4385.673137377073,17698.529581794617,10766.657188952866,10780.481097571062,8712.133478862906,9862.89148196177,12811.15173986415,8861.895439326478,15570.316204199717,14965.228675609767,10746.614417079842,17811.456597417022,10910.642835080629,13500.547133136122,13568.616388753733,13282.99745826828,8191.050014581135,2336.8523144532637,10409.849241349162,15856.950939185874,4947.952687666516,8618.907793558523
420032022003,13382.336264747913,17098.593161136003,986.1478111517866,10078.7761267505,7333.738215431621,3923.222930915864,12253.223820952924,13625.238584451776,8765.04878806869,10717.367881129145,9931.488590442883,9230.589593960125,14304.378285447345,8660.493434212105,11183.576931641417,10251.566851576768,16020.031580819095,9217.898751993973,9576.154805556633,10061.612768384206,6614.91144768478,8660.493434212105,12564.263416156002,7168.318093658333,7168.318093658333,6502.513393560143,10798.827383673037,10798.827383673037,14580.700710079296,19687.553795297117,3378.897103582336,15061.76889945154,14088.39461861296,17153.562240552455,16499.976686585076,12554.377434040134,13245.139604605822,13336.268059587912,9879.702886123177,10733.273566260103,20842.32761255933,8643.816387553246,9645.663052371448,16625.120307780202,7824.716731060732,9082.935154392782,12477.036592905644,11994.327015939465,16647.932799616043,16647.932799616043,12240.026915447705,6893.1995697369575,8132.321108073064,12793.750741652013,377.35843582452947,7974.096302022196,8688.255986679422,8714.769457472938,8128.964030188051,3905.485417330475,10764.490271678673,10764.490271678673,10659.163915544881,3918.8731693541076,3918.8731693541076,16370.134798921137,9415.952685651388,9452.086314697597,8245.333510839944,9396.091513938805,11482.756956990685,7533.500656453013,14241.921421326251,13636.833892736302,9418.219634206376,16483.06181454354,9582.248052207164,12172.152350262657,12240.221605880268,11954.602675394815,7002.99110509283,986.1478111517866,9081.454458475697,14528.556156312408,3759.8937781782142,7268.203290257047
420032814002,12015.530650278653,15731.787546666746,2173.3236510450524,8711.970512281241,5519.792158271208,2829.061617879095,10886.418206483664,12258.432969982516,7398.243173599434,10982.166368887456,8564.682975973623,7566.778515521666,12937.572670978085,6996.682355773646,9816.771317172157,9465.947342760426,14653.225966349835,7851.093137524713,8209.349191087374,8694.807153914948,4951.100369246324,6996.682355773646,11197.457801686742,7914.596822402998,7914.596822402998,7248.792122304807,9135.016305234576,9135.016305234576,13213.895095610036,18320.74818082786,3532.7133616621236,13694.96328498228,12721.5890041437,15786.756626083199,15133.17107211582,11187.571819570874,11878.333990136562,11969.462445118652,9827.057075039173,9366.467951790844,19475.521998090073,7277.010773083988,7981.851973932991,15258.314693310944,6457.9111165914765,7716.129539923524,10841.84095326081,10458.133157201732,15281.127185146783,15281.127185146783,10873.221300978445,5079.253512576543,8878.599836817728,11426.945127182753,2497.7764662130953,6607.290687552941,7321.450372210164,7347.963843003679,6762.158415718795,2091.5393601700634,9397.684657209415,9397.684657209415,9292.358301075625,2255.0620909156487,2255.0620909156487,15003.329184451877,9789.060995470738,8085.280700228339,6581.522432401485,7732.280435500348,10115.951342521423,6166.695041983758,12875.115806856991,12270.028278267042,8051.414019737116,15116.256200074284,8215.442437737905,10805.346735793397,10873.415991411008,10587.797060925555,5189.045047932417,2173.3236510450524,7714.648844006437,13161.750541843148,1945.947721017802,8014.482019001713
420035627002,8361.8604237226,11407.078316055591,8601.5397851932,5940.191219846723,4670.6232982467145,9979.620876714618,6015.024114937423,8604.762743426465,3183.8562896201993,3523.720403454406,5795.439826699783,7823.6977316947405,8362.539187093807,6779.846063849725,7451.317679747231,2023.0275236106438,9796.77967274312,277.48006046993004,3982.17194697826,5925.564004641107,8824.826146878131,6779.846063849725,6341.011508080012,5402.676590270117,5402.676590270117,4948.041907795931,9018.048492283133,9018.048492283133,9560.224869053984,13995.286118815682,10853.035751631292,10041.293058426225,9067.918777587645,11085.75111896253,11014.747635128697,6316.177728024632,8224.663763580511,8315.792218562598,2384.137255889394,5152.081067811607,15821.851771534019,5161.117836617187,6531.798320325868,10386.920601764712,3576.6051466763106,4779.453018893239,8994.338041969586,8511.628465003405,10939.943276160615,10939.943276160615,8757.328364511644,5302.187362852845,4568.826395445423,7482.695363673574,8925.992600361244,3754.003390838241,783.5247322881578,863.6408152667138,4646.265479251994,6441.062819084805,4547.8019364466045,4547.8019364466045,4442.475580312812,8576.105873526278,8576.105873526278,10131.935092905645,2330.615030037692,653.8955178205575,7200.8388081686,7989.199651673422,7750.497705096498,1888.0366721111868,8505.786036208961,8616.35805171099,3837.027135757882,10979.115484844493,5849.988800312978,5933.952644247157,6674.388922759676,6643.547297416379,5218.864047725713,8601.5397851932,4935.563022340425,9217.500778333968,6222.58222001448,3837.9475067772732
420030402001,4906.736086546408,7406.383839315234,9712.321950583766,3255.9578426631715,5622.818571776329,11090.403042105196,4327.122937920218,5149.638406250268,2013.2434013295863,7936.711240593816,3397.388123178947,8934.479897085308,4875.8587761714025,7890.628229240292,6640.072308979137,6671.79209358206,6871.636725577275,4935.112179019619,2024.8211374733303,3527.5123011202704,9935.6083122687,7890.628229240292,3809.4655616133678,10051.441160241535,10051.441160241535,9596.806477767348,9182.111788467742,9182.111788467742,6105.100531877791,9995.344473476338,11963.817917021868,6586.168721250033,5612.794440411451,7724.116447088236,6807.767364764306,5119.642946772508,4769.539426404316,4860.667881386405,7032.901825860811,1727.9749773219046,12366.727434357817,6111.133108757921,7642.580485716435,7476.942149286981,3104.0363713540423,2135.5666807326957,8868.47075131128,8337.618657905532,7204.414604140169,7204.414604140169,8015.587142242366,6020.912168962265,9103.938777459716,3101.5414198312433,10036.774765751812,3200.2552697183605,4261.34079065956,4287.854261453075,5052.015672694924,7551.844984475371,2669.7206856328376,2669.7206856328376,2564.3943294990454,9671.578603833665,9671.578603833665,7395.305586007076,6865.727412051983,5161.947116809584,8311.62097355917,9099.98181706399,6939.2523343284065,3181.447772804542,4813.401912050307,5161.233714534794,1453.5599596889376,6790.852492722773,4959.51203942078,4365.361534224799,2811.702096604325,2262.393353574048,5793.536630728201,9712.321950583766,2206.4455190212534,4836.346834491644,7333.364385405048,8486.712076748694
420034240002,12616.092612351342,9744.498453535633,17350.948022050467,13640.557249656209,13420.031535103988,18729.029113571883,6245.100922952374,14422.247713936358,10794.652087069315,10337.525411204297,13781.987530171984,16573.10596855201,7414.5197850930135,15529.254300706996,15911.999519491204,13159.192142904665,4837.182599306901,11604.225474886853,10313.151494097117,13912.111708113307,17574.234383735402,15529.254300706996,7205.242488447232,13052.485484378343,13052.485484378343,13873.736447206102,17767.4567291404,17767.4567291404,15096.601642457787,12056.999976470954,19602.44398848855,15573.316523299567,14922.594111023276,5585.6914848242,9493.29540171121,5759.071634008708,12478.895952209252,12570.02440719134,13520.301875183415,8865.875784915397,19838.86851472911,13910.52607347446,15281.206557183135,4573.345107588886,12037.286986420288,12520.16608772573,17743.74627882685,17261.036701860674,8270.898340921132,8270.898340921132,17287.51435275443,13946.925080495374,12083.909626497549,10915.548004843993,17675.40083721851,12214.68523058222,11048.663868315825,11037.634273365693,13395.673716109266,15190.471055942073,8614.70934699127,8614.70934699127,8509.38299085748,17325.514110383545,17325.514110383545,4296.388625251771,12117.391871549255,11453.42857063554,15950.247045025866,16738.607888530692,16211.179544840474,10424.927136468597,7590.235085961775,14471.033385146615,10186.437564109436,9453.081572574745,14310.670640056962,6303.080111426253,8321.50209048167,9758.937976784779,13719.54954226131,17350.948022050467,12591.04492601429,10403.708911217742,14971.990456871747,13237.919260921797
420031115001,5455.765039024846,3608.7990021059572,13500.268001229168,7510.126542728661,9418.13021902444,14878.349092750588,2869.3379953281224,7261.920140609859,5301.588661364113,9611.695155945785,7651.556823244436,12722.425947730708,668.4427847656918,11678.574279885686,10894.241009044621,9835.057764560512,2967.871060395841,8280.091096542708,5313.166397507858,7781.681001185761,13723.554362914101,11678.574279885686,2466.0302341623687,13210.49089831563,13210.49089831563,12755.856215841444,13436.280488533215,13436.280488533215,7936.274069131293,6197.006804866057,15751.763967667262,8412.988949973069,7854.89561540506,3523.5213555978075,3216.468321179065,3328.673407794388,5318.568378882756,5409.696833864845,10196.167496839264,3915.726343355945,12678.540941402618,10059.846052653147,11430.526536361831,3562.605806081762,7263.170981497463,6389.735380798186,13122.639451376752,12591.787357971003,3153.8981826324857,3153.8981826324857,12269.755842307837,9816.223816210377,11807.803832014713,4134.966170428405,13824.72081639721,7432.408958850529,7724.52948997168,7713.499895021548,9211.150282838336,11339.791035120767,4207.803877967295,4207.803877967295,4102.4775218335035,13466.890251081786,13466.890251081786,3485.180635261087,9822.463542309906,8129.294192291397,12099.567024204563,12887.927867709392,11193.42103439389,6714.616518307786,605.9859206445967,7430.673498102032,4741.905219723464,3180.836170894862,9213.680739486268,2920.42305644043,1982.217442288621,3243.559102419407,9588.848277976313,13500.268001229168,6460.614219086744,3243.3813378912414,11121.310436050444,11645.76181482279
420031019001,6913.50161048199,4960.047880818332,13723.352112127148,8269.890302428686,9792.435625180664,15101.433203648572,2564.3824273125347,8720.38123769288,6056.114025599032,9306.739587930197,8411.320582944463,12945.510058628694,2064.535692155909,11901.658390783672,11654.004768744659,9545.392333183645,2563.295917286196,7990.425665165832,5592.203218357242,8541.44476088579,13946.63847381208,11901.658390783672,2399.629655457359,12920.825466938768,12920.825466938768,12466.190784464583,14139.86081921708,14139.86081921708,9407.597048018259,7547.380078283185,15974.84807856524,9884.311928860041,9183.53727185406,3967.769892562986,4580.711789868512,2998.448625885322,6776.304950339898,6867.433405321986,9906.502065462395,4144.927509175523,14149.863920289588,10282.930163551137,11653.610647259815,3168.6013409959023,8017.696345732382,7149.49914049821,13882.403211076791,13351.551117671042,4223.977100822239,4223.977100822239,13029.519602007878,10317.77930658629,11502.848263999134,4930.463624515181,14047.80492729519,8186.934323085448,7434.864058594804,7423.834463644672,9768.077806185946,11562.875146018752,4112.544855758045,4112.544855758045,4007.218499624253,13697.918200460226,13697.918200460226,3086.964777715999,9532.798110933036,7839.628760914519,12322.651135102551,13111.011978607374,11953.184794093928,6797.331226545274,2231.9277224117395,8731.976545977406,5465.489288369561,4545.07963958431,9973.4444991863,2615.4674884248425,2686.530967206547,4023.282140891648,10090.403768352226,13723.352112127148,7220.377978786768,4714.704316778209,11344.394546948428,11356.096383445925
420031019002,6390.247345238384,4644.008126278606,12821.12265948572,7445.89690862854,8890.206172539236,14199.203751007142,1662.1529746711099,8000.473559786814,5171.323038761657,8404.51013528877,7587.327189144315,12043.280605987264,1601.1648731182331,10999.428938142242,10830.011374944503,8643.162880542215,2744.2385909595646,7088.196212524407,4689.82244578946,7717.4513670856395,13044.40902117065,10999.428938142242,1497.248882889577,12018.596014297338,12018.596014297338,11563.961331823153,13237.63136657565,13237.63136657565,8931.813596468859,7232.2159290387035,15072.61862592381,9408.528477310641,8463.629593947997,4033.2100371789766,4251.677445351714,2096.219173243897,6253.050685096293,6344.179140078381,9004.272612820967,3242.546736607741,13674.080468740189,9380.700710909707,10751.381194618385,3349.54401466927,7188.1876944244195,6325.505746698064,13058.409817276635,12527.557723870887,4044.1690361929145,4044.1690361929145,12205.526208207722,9415.54985394486,10600.618811357706,4332.86588339654,13145.57547465376,7357.425671777486,6532.63460595338,6521.6050110032475,8865.848353544516,10660.645693377322,3210.164083190263,3210.164083190263,3104.8377270564724,12795.688747818798,12795.688747818798,3267.9074513893665,8630.568658291608,6937.399308273095,11420.421682461121,12208.782525965944,11129.191400293772,5895.10177390385,1768.5569033740637,8012.068868071339,4563.1085158017795,4216.045295067512,9149.451105386152,1713.2380357834177,1862.537573406399,3299.973459709512,9188.174315710798,12821.12265948572,6396.384584986622,4238.920865228809,10442.165094306998,10453.866930804497
420031019003,6094.2495463265805,4277.409928735949,13168.247406947054,7599.3855783848385,9237.330920000568,14546.328498468476,2010.0779239091828,7913.9910553414165,5385.609301555185,8752.43508452684,7740.815858900613,12390.405353448597,1234.5666755755747,11346.553685603576,10983.50004470081,8991.087829780286,2374.183779101701,7436.1211617624795,5036.82434409126,7870.940036841938,13391.533768631984,11346.553685603576,1844.250781191377,12366.52096353541,12366.52096353541,11911.886281061225,13525.539524189406,13525.539524189406,8588.34498386285,6865.617731496046,15419.743373385143,9065.059864704632,8506.966530136617,3663.155225321113,3885.0792478090566,2444.144122481969,5957.05288618449,6048.181341166578,9352.197562059038,3589.5486349095404,13330.61185613418,9727.82545837104,11098.505942079719,2979.4892028114064,7347.191621688534,6478.994416454363,13211.898487032942,12681.046393627194,3677.570838650257,3677.570838650257,12359.01487796403,9762.674601406194,10948.543760595778,4259.9589004713325,13492.700222115094,7516.4295990416,6880.559555191452,6869.52996024132,9212.973101005848,11007.770440838656,3557.1659814920627,3557.1659814920627,3451.8396253582714,13142.813495280132,13142.813495280132,2897.852639531503,8978.49360752968,7285.324257511167,11767.546429922455,12555.907273427278,11282.680070050079,6242.226521365186,1401.9587058314053,8061.471821933556,4825.925859914536,3849.4470975248537,9302.939775142451,2061.162985021491,2016.0262431626998,3352.7774168477995,9535.299063172131,13168.247406947054,6549.873254742921,3895.452252622803,10789.289841768332,10801.791880042569
420031307002,6544.743892246782,652.7163140743953,16692.71808116691,10067.190068990161,12603.214702359486,18070.799172688337,6073.928315941231,8171.934335901682,8494.7335181738,12816.2854765589,10208.620349505938,15914.876027668459,3194.3232455513667,14871.024359823441,13451.30453530613,13044.101381874618,4831.821704722074,11489.134713856814,8506.311254317543,10338.744527447261,16916.004442851845,14871.024359823441,5853.492665486611,16419.53451562973,16419.53451562973,15964.899833155549,15993.344014794739,15993.344014794739,8846.28826442312,3079.597016549312,18944.214047605015,9323.0031452649,8764.909810696889,3760.4705249850954,960.8695401918193,6507.994514514015,6707.379715256258,6613.894852505572,13405.211114153366,7108.871200165631,13445.230389720551,12999.06347409231,14622.976616299584,5373.726266372073,10048.799158711929,8946.798907059689,15679.702977638275,15148.850884232526,1564.1060966028122,1564.1060966028122,14826.819368569362,13001.308299545424,15012.394152627838,6466.278426234923,17017.17089633496,10011.48749604535,10933.573107285783,10922.543512335651,11939.946038029313,14532.241115058521,7595.266309291533,7595.266309291533,7489.939953157741,16651.97473441681,16651.97473441681,5296.301095551397,13031.507159624012,11338.337809605502,15292.017104142318,16080.377947647137,13750.4845606554,9907.761375117476,3196.3121261809606,8340.687693393857,7935.050076533148,894.8762298916794,11770.744265747768,6125.0133770535385,5285.494080441205,5752.557056303766,12773.93276131136,16692.71808116691,9017.677745348246,4054.819719208307,14313.760515988202,14854.805432136895
420031115003,5830.308895820912,2327.5781585895734,14328.965780783632,8122.228329261981,10246.827998578907,15707.046872305053,3706.4662348973948,7457.499339475813,6130.286440918573,10448.823395515059,8263.658609777756,13551.123727285172,826.8611645075289,12507.27205944015,11506.342795577944,10676.639300830777,3016.8020441724966,9121.672632812973,6141.864177062317,8393.782787719081,14552.252142468566,12507.27205944015,3489.045588231382,14052.072434585893,14052.072434585893,13597.437752111708,14048.382275066539,14048.382275066539,8131.853267997249,4914.910356054426,16580.461747221725,8608.568148839027,8050.474814271016,2980.9094215708915,1939.121213950922,4140.532433470183,5847.079036428548,5899.459856079702,11037.749033109525,4744.424122910407,12799.325801521118,10888.543832207613,12259.224315916295,3611.5367898584173,8088.200097064122,7001.837167331507,13734.741237910075,13203.889144504326,1971.6881366023267,1971.6881366023267,12881.85762884116,10644.92159576484,12644.932071583997,4745.389821303448,14653.418595951674,8066.52575631717,8566.111026241944,8555.081431291812,9994.984298301133,12168.488814675231,5230.819232036309,5230.819232036309,5125.492875902517,14295.58803063625,14295.58803063625,3534.1116190377425,10664.045078580171,8970.875728561661,12928.264803759028,13716.625647263856,11805.522820927214,7543.314297862247,828.8500451371228,7626.252696967986,5570.602999277924,1903.4890636667192,9825.782526019591,3757.5512960097026,2921.047003185974,3855.6608889527283,10417.546057530779,14328.965780783632,7072.716005620065,3387.8763056040807,11950.008215604908,12487.343351093054
420031209002,6006.08877335405,1768.3870024254027,14787.646467270026,8580.909015748375,10705.5086850653,16165.727558791446,4168.161925172397,7633.279217008954,6588.967127404963,10910.51908579006,8722.33929626415,14009.804413771566,1288.5568547825305,12965.952745926545,11965.023482064338,11138.334991105778,3358.2238916846577,9583.368323087974,6600.544863548707,8852.463474205475,15010.93282895496,12965.952745926545,3947.7262747177765,14513.768124860893,14513.768124860893,14059.133442386708,14507.062961552932,14507.062961552932,8307.633145530388,4355.719199890255,17039.142433708115,8784.348026372165,8226.254691804155,3139.2100992885635,1476.396803338814,4602.228123745181,6155.763844416499,6075.239733612842,11499.444723384526,5203.1048093967975,12931.270851611322,11347.224518694007,12717.90500240269,3938.941070888547,8546.880783550516,7460.517853817897,14193.421924396469,13662.56983099072,1965.0257372751296,1965.0257372751296,13340.538315327554,11103.602282251233,13106.627761858997,5204.070507789838,15112.099282438068,8525.206442803563,9027.806716516943,9016.77712156681,10453.664984787527,12627.169501161625,5689.499918522699,5689.499918522699,5584.173562388907,14754.268717122644,14754.268717122644,3861.5159000678723,11125.740768855172,9432.571418836662,13386.945490245422,14175.30633375025,12264.203507413607,8001.994984348637,1290.5457354121245,7802.032574501127,6029.283685764314,1440.7646530546115,10284.463212505985,4219.246986284705,3379.7276896723683,4314.341575439122,10876.226744017173,14787.646467270026,7531.396692106455,3525.2713987966613,12408.688902091302,12949.039041368054
420031209001,6623.803444332235,2304.3727813511873,15267.634532987076,9060.897081465426,11185.496750782351,16645.7156245085,4627.861610954495,8250.99388798714,7068.955193122015,11370.218771572161,9202.3273619812,14489.792479488618,1763.2782216467215,13445.940811643597,12445.01154778139,11606.088836401332,3111.940659261852,10051.122168383527,7080.532929265759,9332.451539922526,15490.920894672012,13445.940811643597,4427.714340434828,14981.521970156447,14981.521970156447,14526.887287682262,14987.051027269985,14987.051027269985,8925.347816508574,4891.704978816042,17519.130499425177,9402.062697350355,8843.969362782344,2756.470129413224,2053.1697295267663,5061.927809527278,6773.478515394683,6692.954404591027,11967.198568680078,5683.092875113849,13548.985522589512,11827.212584411058,13197.89306811974,3653.845220911852,9026.868849267566,7940.505919534949,14673.409990113521,14142.557896707773,1118.4802548047282,1118.4802548047282,13820.526381044607,11583.590347968284,13566.327447641097,5684.05857350689,15592.087348155119,9005.194508520615,9495.560561812496,9484.530966862361,10933.65305050458,13107.157566878677,6169.48798423975,6169.48798423975,6064.161628105959,15234.256782839695,15234.256782839695,3576.420050091177,11593.494614150726,9900.325264132212,13866.933555962472,14655.294399467302,12744.19157313066,8481.98305006569,1765.2671022763154,8419.747245479313,6509.271751481366,2012.955900390301,10764.451278223036,4678.946672066802,3859.715755389421,4794.329641156173,11356.214809734223,15267.634532987076,8011.384757823506,4142.986069774844,12888.676967808353,13416.792886663608
420031307003,5810.86780404994,992.9893781636051,15748.030367161731,9122.502354984978,11658.526988354302,17126.111458683154,5129.240601936051,7438.058247704843,7550.045804168617,11871.597762553716,9263.932635500754,14970.188313663275,2249.6355315461856,13926.336645818257,12506.616821300946,12099.413667869434,4180.581657660381,10544.44699985163,7561.623540312361,9394.056813442077,15971.316728846665,13926.336645818257,4908.804951481431,15474.84680162455,15474.84680162455,15020.212119150365,15048.656300789555,15048.656300789555,8112.412176226278,3579.3086778347465,17999.52633359983,8589.127057068055,8031.033722500045,3832.5926947209778,830.3850153325891,5563.306800508834,5960.542875112387,5880.018764308732,12460.523400148182,6164.183486160451,12724.844352987791,12054.375760087127,13678.2889022944,4722.486219310381,9104.111444706745,8002.111193054505,14735.015263633091,14204.163170227343,1883.2324449324803,1883.2324449324803,13882.131654564178,12056.62058554024,14067.706438622654,5521.590712229743,16072.483182329777,9066.799782040167,9988.8853932806,9977.855798330467,10995.25832402413,13587.553401053337,6650.5785952863525,6650.5785952863525,6545.252239152561,15707.28702041163,15707.28702041163,4645.061048489707,12086.819445618828,10393.650095600318,14347.329390137134,15135.690233641953,12805.796846650217,8963.073661112292,2251.6244121757795,7606.8116051970155,6990.362362527968,789.19856771018,10826.056551742584,5180.325663048358,4340.806366436025,4807.869342298586,11829.245047306176,15748.030367161731,8072.990031343063,3330.050429492547,13369.072801983019,13910.11771813171
420031412003,4812.993521998621,1867.6971551524202,15234.344429352803,8480.713639619524,11099.522331121292,16612.425520874232,5525.714788517332,6440.183965653524,7536.64469062262,12268.07194913499,8622.1439201353,14456.502375854347,2649.6296214615036,13412.650708009329,11864.82810593549,12193.814572351099,5168.327470899568,10457.134657788658,7548.222426766365,8752.268098076625,15437.892490253305,13412.650708009329,5213.267034452575,15573.463639010572,15573.463639010572,15118.828956536385,14406.8675854241,14406.8675854241,7114.537894174959,4388.784056963968,17485.840395790896,7591.252775016737,7033.159440448726,5021.238519312079,1183.8249223313237,5969.5169894263345,4962.668593061068,4882.144482257413,12554.924304629854,6150.782372614455,11726.97007093648,11412.587044721671,13164.602964485472,5763.062216585487,8525.352921302614,7360.32247768905,14093.226548267636,13562.374454861887,3235.244224553207,3235.244224553207,13240.342939198723,11542.934647731303,14464.180625203919,4683.0097051501925,15558.797244520849,8425.011066674713,9783.3632694286,9809.876740222116,10353.469608658675,13073.867463244409,6955.040678257501,6955.040678257501,6849.714322123709,15193.601082602701,15193.601082602701,5685.637045764813,12387.749890821022,10683.969595578625,13833.643452328206,14622.004295833025,12164.008131284761,8703.470251573584,2631.4007452727415,6608.937323145697,6976.961248981973,1150.8631819016396,10184.267836377134,5576.7998496296395,4562.74997464574,4166.080626933131,11315.55910949724,15234.344429352803,7431.201315977608,2332.1761474412333,12855.38686417409,14008.73455551773
420030103022,4982.084969421589,8587.918422225333,8225.767000221727,2833.2686004790958,4079.391211503752,9603.848091743146,5203.689662666556,5224.987289125452,878.177202662578,6558.346243040046,2974.6988809948707,7447.9249467232685,6117.973999109453,6404.073278878253,5379.3335143062195,5282.975798090701,8113.751948515324,3556.7471814658475,1845.4140131104382,3104.8230589361947,8449.053361906657,6404.073278878253,4686.032286359706,8662.624864750169,8662.624864750169,8207.990182275986,7921.372993794826,7921.372993794826,6180.449414752973,11176.87905638644,10477.26296665982,6661.517604125215,5688.143323286635,8967.157954214565,7989.301947674403,5996.209671518848,4844.888309279498,4936.016764261587,5644.08553036945,2614.706772143848,12442.076317233008,4511.7177186391755,6156.025535354396,8719.057372225028,1504.6209812352959,1712.8774385486186,7619.997185020691,7076.879863232611,8461.52851327815,8461.52851327815,6754.848347569445,4533.596848560586,7725.573779905945,4216.264278887908,8550.21981538977,1673.8589585883628,2882.975793105789,2909.4892638993038,3452.6002825761766,6065.290034113333,3546.287410379174,3546.287410379174,3440.9610542453825,8184.2632834319875,8184.2632834319875,8637.420808945124,5487.362414498213,3783.582119255813,6825.066023197128,7613.42686670195,5678.513539655487,1803.082775250773,6055.517134988358,5236.582597409977,1299.1009071746644,7972.38707563287,3778.004634871962,5241.9282589711365,4053.817319542374,3378.443253382654,4306.221310326523,8225.767000221727,1783.7562768371768,5952.8088318065475,5846.809435043009,7097.89578125733
420031308002,5944.037684074077,493.95923024684043,16154.748219610314,9529.22020743356,12065.244840802885,17532.829311131747,5670.20581974864,7571.228127728978,8091.011021981207,12412.562980366303,9670.650487949337,15376.906166111858,2790.6007493587767,14333.05449826684,12913.334673749529,12640.378885682021,4749.171162799691,11085.412217664218,8102.588758124951,9800.77466589066,16378.034581295247,14333.05449826684,5449.770169294021,16015.812019437137,16015.812019437137,15561.177336962952,15455.374153238137,15455.374153238137,8245.582056250412,3016.7043790038338,18406.244186048425,8722.296937092195,8164.20360252418,4401.182199860287,299.03206946760713,6104.272018321424,6106.673507083554,6013.188644332868,13001.48861796077,6705.148703973041,12844.524181547846,12461.09361253571,14085.006754742983,5291.075724449691,9510.829297155327,8408.829045503087,15141.733116081674,14610.881022675925,2128.3083249572474,2128.3083249572474,14288.849507012761,12463.338437988823,14608.671656435241,5928.308564678326,16479.20103477836,9473.51763448875,10529.850611093187,10518.821016143054,11401.976176472712,13994.27125350192,7191.543813098942,7191.543813098942,7086.217456965151,16114.004872860212,16114.004872860212,5213.650553629017,12627.784663431416,10934.615313412905,14754.047242585717,15542.408086090536,13212.5146990988,9504.03887892488,2792.5896299883707,7739.98148522115,7531.327580340558,232.57818523368803,11232.774404191166,5721.290880860948,4881.771584248615,5214.587194747169,12235.962899754759,16154.748219610314,8479.707883791645,3454.1135110356013,13775.790654431601,14451.082935944298
420031308003,6057.928461198218,837.4418066130058,16769.91165158624,10144.383639409489,12680.408272778812,18147.99274310768,6356.9928152620705,7685.118904853116,8777.79801749464,13099.34997587973,10285.813919925264,15992.069598087784,3477.387744872201,14948.217930242767,13528.498105725455,13327.165881195448,5545.755426531857,11772.199213177644,8789.375753638384,10415.938097866587,16993.198013271176,14948.217930242767,6136.557164807449,16702.59901495056,16702.59901495056,16247.964332476378,16070.537585214064,16070.537585214064,8359.472833374553,2618.762470062894,19021.407618024354,8836.187714216336,8278.094379648319,5148.069772041414,894.4353188226452,6791.059013834854,6220.564284207696,6127.0794214570105,13688.275613474196,7391.935699486472,12243.724629026154,13076.257044511636,14700.17018671891,6087.6599881818565,10125.992729131256,9023.992477479014,15756.8965480576,15226.044454651852,2936.9972450085743,2936.9972450085743,14904.012938988688,13078.50186996475,15295.458651948667,6131.011768212142,17094.364466754287,10088.681066464678,11216.637606606613,11205.60801165648,12017.139608448639,14609.434685477847,7878.3308086123725,7878.3308086123725,7773.004452478581,16729.168304836137,16729.168304836137,6010.234817361183,13314.571658944842,11621.402308926332,15369.210674561644,16157.571518066463,13827.678131074726,10190.82587443831,3479.376625501795,7853.872262345289,8218.11457585399,852.6162023570065,11847.937836167093,6408.077876374378,5568.55857976204,5829.750626723092,12851.126331730686,16769.91165158624,9094.871315767572,3578.978729884288,14390.954086407528,15137.869931457724
420031307001,7299.257627273033,999.0467241275041,17513.013847730155,10887.485835553398,13423.510468922723,18891.094939251587,6894.224082504472,8926.44807092793,9315.029284737037,13636.581243122135,11028.916116069173,16735.171794231694,4014.6190121146074,15691.320126386676,14271.600301869366,13864.397148437853,5741.628328901966,12309.430480420051,9326.607020880783,11159.040294010498,17736.30020941509,15691.320126386676,6673.788432049852,17239.83028219297,17239.83028219297,16785.195599718783,16813.63978135797,16813.63978135797,9600.80199944937,2090.3222387621086,19764.509814168265,10077.51688029115,9519.423545723133,4388.4558931323245,1772.5965912051856,7328.290281077256,7461.8934502825105,7368.408587531825,14225.506880716603,7929.1669667288725,13485.053795100968,13819.359240655547,15443.272382862819,6283.532890551966,10869.094925275163,9767.094673622923,16499.99874420151,15969.146650795763,2393.6052651427344,2393.6052651427344,15647.115135132597,13821.604066108659,15832.689919191074,7286.574192798164,17837.466662898205,10831.783262608587,11753.86887384902,11742.839278898886,12760.241804592548,15352.536881621756,8415.562075854774,8415.562075854774,8310.235719720982,17472.270500980052,17472.270500980052,6206.107719731291,13851.802926187247,12158.633576168737,16112.312870705555,16900.67371421037,14570.780327218636,10728.05714168071,4016.6078927442013,9095.201428420103,8755.345843096391,1706.6032809050457,12591.040032311004,6945.30914361678,6105.7898470044465,6572.8528228670075,13594.228527874595,17513.013847730155,9837.973511911481,4820.307895959104,15134.056282551439,15675.10119870013
420031308001,6532.746733738033,945.9590840321514,17008.491396965783,10382.963384789027,12918.988018158352,18386.572488487214,6591.928712800756,8159.937177392931,9012.733915033321,13334.285873418412,10524.393665304804,16230.649343467325,3712.3236424108854,15186.797675622307,13767.077851104996,13562.10177873413,5752.823942062811,12007.135110716326,9024.311651177066,10654.517843246127,17231.777758650715,15186.797675622307,6371.493062346135,16937.534912489245,16937.534912489245,16482.90023001506,16309.117330593604,16309.117330593604,8834.29110591437,2199.0968614714347,19259.987363403892,9311.005986756152,8752.912652188137,4994.526788396294,1129.4755955110331,7025.99491137354,6695.3825567475105,6601.897693996825,13923.211511012878,7626.871597025158,12718.54290156597,13314.836789891177,14938.74993209845,6294.728503712811,10364.572474510795,9262.572222858555,15995.476293437141,15464.624200031392,2978.29683433331,2978.29683433331,15142.592684368228,13317.08161534429,15530.39454948735,6605.830040751956,17332.94421213383,10327.260811844217,11451.573504145295,11440.543909195163,12255.719353828179,14848.014430857387,8113.266706151058,8113.266706151058,8007.940350017267,16967.748050215683,16967.748050215683,6217.303332892137,13549.507556483524,11856.338206465014,15607.790419941184,16396.151263446005,14066.257876454267,10425.761771976991,3714.3125230404794,8328.690534885105,8453.050473392674,1087.5520998956927,12086.517581546634,6643.013773913064,5803.494477300726,6068.330372102639,13089.706077110226,17008.491396965783,9333.451061147112,4053.797002424105,14629.533831787068,15372.805828996406
420035648001,7292.947608028801,2295.6665550918824,18406.600738908535,11781.072726731785,14317.097360101114,19784.68183042996,8106.067565311038,8920.138051683698,10425.500528026727,14848.42472592869,11922.503007247564,17628.75868541009,5226.462494921166,16584.907017565067,15165.187193047757,15076.240631244407,7212.490492075731,13521.273963226604,10437.07826417047,12052.627185188889,18629.88710059346,16584.907017565067,7829.639016582178,18451.673764999523,18451.673764999523,17997.039082525338,17707.22667253637,17707.22667253637,9594.491980205137,1341.3646160237186,20658.096705346634,10071.206861046918,9513.113526478903,6163.0393382528255,2643.614448021313,8540.133763883821,7455.583431038279,7362.0985682875935,15437.350363523155,9039.63821001856,12409.374152205413,14712.946131833938,16336.85927404121,7754.39505372573,11762.681816453554,10660.68156480131,17393.585635379903,16862.733541974158,4168.1887102632345,4168.1887102632345,16540.702026310988,14715.19095728705,17044.53340199763,7366.030915042725,18731.053554076574,11725.370153786975,12918.421402825415,12944.93487361893,13653.828695770939,16246.123772800147,9571.412660387103,9571.412660387103,9466.086304253311,18365.857392158432,18365.857392158432,7676.969882905056,15063.646408993802,13370.477058975292,17005.89976188395,17794.26060538877,15464.367218397027,11838.528384970401,5228.45137555076,9088.891409175872,9865.817086386076,2601.6909524059724,13484.626923489395,8157.152626423346,7221.2423680820775,7466.439714045387,14487.815419052986,18406.600738908535,10731.560403089868,4813.997876714872,16027.64317372983,16886.944681506684
420030103011,5520.060897450205,9561.973844353422,7811.422560905241,3385.620653104718,3604.9650770116264,9189.503652426665,6311.805954452924,5762.963217154067,1922.51796338599,6630.734330108784,3240.8692599577785,7033.580507406783,7269.95624092432,5989.728839561768,4904.907379814092,5180.061487842978,9404.16186721201,3499.661098746044,3115.280730125965,3370.993437899102,8034.708922590174,5989.728839561768,5962.068255793256,8559.710554502446,8559.710554502446,8105.075872028263,7446.946859302698,7446.946859302698,6718.425342781588,12150.934478514533,10062.918527343343,7199.4935321538305,6226.11925131525,10055.155328982913,8963.3573698025,6612.959567540136,5382.864237308113,5473.992692290202,5541.171220121727,3890.7427415773977,12980.05224526162,4037.291584147048,5741.681096037911,10009.467290921712,1030.1948467431703,2219.8094846156378,7145.571050528563,6602.453728740483,9530.10404348859,9530.10404348859,6280.422213077317,4116.042237490939,7675.8403220998025,5127.289509054675,8135.875376073284,1199.4328240962377,2966.7016486211346,2993.2151194146495,2978.174148084051,5650.945594796847,4795.072255731048,4795.072255731048,4689.7458995972565,7766.708672362339,7766.708672362339,9927.830727641805,5437.628956692068,3733.848661449668,6410.721583880642,7199.082427385464,5204.087405163359,1730.3800949620882,7205.161379801887,5774.558525438592,2575.6888095236723,8946.442497760963,3303.5785003798364,6230.734483762659,5344.227238239057,4289.468483549421,3888.6666992568753,7811.422560905241,2375.9194880628243,6863.834061973318,5432.464995726523,6994.981471009607
420030406002,3763.9726386215107,6514.138457576422,10802.73715071494,4035.702857757107,6654.511549258872,12180.81824223636,4512.789892442073,4006.8749583253725,3310.246276950998,9116.114028747455,4177.133138272882,10024.895097216482,4255.800419664962,8981.04342937147,7419.81732407307,7851.194881735703,6408.9673003068365,6114.514967173263,3491.5022930430964,4307.257316214205,10992.881708390876,8981.04342937147,3992.20528913201,11230.84394839517,11230.84394839517,10776.209265920983,9961.85680356167,9961.85680356167,4962.337083952895,9103.099091737537,13054.233117153035,5443.405273325137,4470.030992486556,7040.999507723561,5915.521983025495,5171.536846714411,3626.7759784794193,3717.904433461508,8212.304614014454,2569.7152589958123,11223.963986432926,6967.576262859251,8726.999063061887,7014.27272401654,4080.3421394401976,2915.3116958266296,9648.215766405207,9117.36367299946,6515.948222229234,6515.948222229234,8795.332157336297,7110.566999053806,10283.341565613351,1805.587138919698,11127.189965882983,3980.000284812296,5440.743578813205,5467.25704960672,5908.458826796256,8642.26018460655,3522.5813148682896,3522.5813148682896,3417.254958734498,10761.233433925201,10761.233433925201,6932.636160736636,8045.130200205626,6341.349904963229,9402.036173690341,10190.397017195162,7718.9973494223395,4360.850560958186,4191.00555854253,4018.470266609898,2920.2411152587033,5898.607110983961,5739.257054514713,4563.874953554381,2458.8356502683414,1252.640679763292,6883.191460819743,10802.73715071494,2986.1905341151887,3726.960270732259,8423.779585536226,9666.114864902329
420035653001,13384.314079264625,17018.32352472633,15589.164598399451,8145.968627767708,9712.299855285442,14912.926549457812,14499.38083994383,13627.216398968487,10498.5250619605,15371.556415038896,6964.623440338347,8406.105852485403,14726.305921297222,9399.657015550614,5175.498895018856,13920.883572773086,16860.511547584912,12240.483183676155,11465.76187240836,6834.149371907624,11575.152394862775,9399.657015550614,13981.723463636978,17300.532639432557,17300.532639432557,16845.89795695837,7394.594638335444,7394.594638335444,14131.346729813446,19607.284158887436,17840.660564837544,14627.399057976694,14071.29944353796,17511.50500935582,16419.707050175402,15291.900848796124,13247.117419122533,13338.245874104621,14281.993305051836,11900.232879345514,13820.8695144274,8422.044652320727,8198.779755567655,17465.81697129462,8664.074886936038,8216.659170573306,6432.798207769809,6222.545875187146,16986.453723861494,16986.453723861494,5785.586175540011,10343.863919891573,16416.662407029908,12583.639189427575,15913.617413567494,8584.89916984289,11707.523733551245,11734.03720434476,8326.463421637007,13129.812666544443,12841.978587656447,12841.978587656447,12736.652231522656,13892.718790997042,13892.718790997042,17384.180408014712,14178.451041622176,12474.670746379777,9615.677491322613,8271.52340645763,4909.453932496066,10471.202179892198,14661.51106017479,13638.811707253011,10919.448766472586,16402.792178133866,6697.316031298888,14537.61943624841,12800.576918611958,11745.818163922322,10260.540604764441,15589.164598399451,8210.268329257267,14320.183742346218,13210.207033220739,15735.803555939716
420034883002,9388.194650628737,12852.103120459138,22203.680014689584,15660.39945343921,17997.222530795974,22868.00317016719,15635.762483289594,10302.45774491831,14923.42680507758,20718.648841652765,15801.829733954984,16361.495929195144,13636.54199480469,17921.141658767938,13927.884607083208,19449.788344962675,16073.317931957276,17717.049780078567,15890.66361552544,15931.95391189631,19530.229015572142,17921.141658767938,15118.689174456644,22829.437411622137,22829.437411622137,22374.802729147952,14937.76848823143,14937.76848823143,9931.643558904916,12723.168923267014,24455.175981127686,10427.695887068161,9871.59627262943,16231.364115598795,12909.096632668778,16272.814954904561,9550.830473638216,9457.345610887529,19810.898077241407,14970.650330333783,3549.5346418515296,17249.765306810452,16720.264398784973,16668.05267764319,15422.45230052751,14540.008291508731,13181.763496616399,13690.33313830778,14951.6585588547,14951.6585588547,13650.558912785997,18508.299691275293,21885.876378518667,11527.331439988813,22528.132829857626,15591.69027788058,17043.27839171851,17069.791862512026,17283.51740793631,20043.203048581185,15923.51638620626,15923.51638620626,15818.190030072468,21847.79541170641,21847.79541170641,16590.62750682252,19647.665013110935,17943.88471786854,17958.95559507184,16209.852218104681,13628.70458173394,15963.385373863488,13535.729826836226,10249.259640805818,15344.350509589667,12867.277516203138,15658.217647996453,15686.847544401904,14103.979585103423,12649.898409534462,18280.924153041226,22203.680014689584,14610.88712979729,10708.818517770977,19824.722449510868,21264.708328129294
420033001003,8287.80362087413,11921.813066335832,9006.274876992777,3193.514224555101,2911.1745579068097,8796.494066919146,8738.684353529707,8530.705940577995,4366.995856745462,9057.612729185563,2004.660326675737,4307.071692886987,9629.795462906724,3287.278683650668,1927.3123211726336,7606.939886919757,11764.001089194415,5926.539497822822,5542.159129202744,1949.3586077993966,5164.533800233117,3287.278683650668,8406.54614915273,10986.588953579227,10986.588953579227,10531.954271105042,4469.351800661239,4469.351800661239,9486.168066205513,14510.773700496942,11257.770843430873,9967.236255577758,8993.861974739177,12414.994550965323,11323.196591784905,9039.837966616915,8150.606960732037,8241.735415714125,7968.049619198506,6335.22063493687,13128.93866922177,1394.5683785546084,2898.651154904123,12369.30651290412,2350.1312010827,3120.148712182806,4167.975991887106,3624.858670099026,11889.943265470996,11889.943265470996,3302.82715443586,3542.7386225129403,10102.718721176585,7487.128731037079,9330.727692160819,2474.608582013075,5393.580047697914,5420.093518491429,1428.3204796804644,6328.687369165808,7221.950654807827,7221.950654807827,7116.624298674035,7743.6148814063645,7743.6148814063645,12287.669949624214,7864.5073557688465,6160.727060526446,3708.2714279695438,4414.460982868789,2226.4923465219013,4157.258494038868,9565.000601784292,8542.301248862519,5020.166702883145,11306.281719743369,388.6177338768547,8657.612882839441,7704.066460221462,6649.3077055318245,3459.415307385808,9006.274876992777,3113.7578708667666,9223.673283955723,6580.438586752035,9421.859870086386
420031403004,3510.6458203414068,3043.0973135643717,14908.070928239764,8154.440138506491,10773.248830008257,16286.152019761195,5797.977629058641,5137.836263996305,7234.640494822076,12540.334789676299,8295.870419022265,14130.22887474131,3533.233672997511,13086.377206896292,11538.554604822455,11867.54107123806,6084.54263236686,10130.861156675624,7246.218230965821,8425.99459696359,15111.618989140266,13086.377206896292,5280.9043202256935,15247.190137897533,15247.190137897533,14792.555455423348,14080.59408431106,14080.59408431106,5812.19019251774,5534.959057605685,17159.566894677864,6288.905073359519,5730.811738791507,5937.453680779371,2616.003780841002,6435.03010067361,3673.281643350884,3579.796780600198,12228.650803516817,5848.778176813911,10411.132317815163,11086.313543608636,12838.329463372434,6679.277378052779,8199.07942018958,7034.048976576018,13766.953047154597,13236.100953748848,4189.3886787688025,4189.3886787688025,12914.069438085686,11216.661146618264,14299.687755115714,3583.72912735533,15232.52374340781,8098.737565561681,9457.089768315569,9483.603239109083,10027.196107545644,12747.593962131372,6801.644232686388,6801.644232686388,6696.317876552596,14867.327581489664,14867.327581489664,6601.852207232105,12061.476389707985,10357.69609446559,13507.369951215167,14295.730794719986,11837.734630171724,8377.196750460547,3432.42150502905,5306.589621488478,6674.957053181429,2599.0889087994688,9857.9943352641,5849.062690170948,4266.194730872466,3839.8071258200966,10989.285608384203,14908.070928239764,7104.927814864576,1028.609482461936,12529.113363061051,13682.461054404694
420033001004,8541.575498204058,12175.584943665757,9500.354936030122,3447.2861018850294,3418.83350261911,8989.696926342589,9131.05332278237,8784.477817907919,4759.364825998127,9449.981698438227,2258.4322040056645,4500.2745523104295,9883.56734023665,3480.481543074112,1573.4687937032668,7999.308856172422,12017.77296652434,6318.908467075487,5934.528098455409,2203.1304851293244,5357.736659656561,3480.481543074112,8798.915118405395,11378.95792283189,11378.95792283189,10924.323240357706,4115.508273191873,4115.508273191873,9739.939943535439,14764.545577826868,11751.850902468219,10221.008132907684,9247.633852069102,12668.766428295248,11576.96846911483,9432.206935869579,8404.378838061966,8495.507293044055,8360.41858845117,6727.589604189535,12775.095141752403,1902.2273232669068,3091.854014327567,12623.078390234046,2742.5001703353637,3373.9205895127343,3814.132464417738,3271.015142629658,12143.715142800922,12143.715142800922,2948.983626966492,4050.39756722524,10495.087690429249,7740.9006083670065,9824.807751198165,2792.4253872603963,5785.949016950579,5812.462487744094,1935.9794243927627,6836.346313878107,7614.319624060492,7614.319624060492,7508.9932679267,7969.489167881813,7969.489167881813,12541.44182695414,8256.87632502151,6553.096029779111,3901.474287392987,4607.6638422922315,1872.6488190525345,4549.627463291533,9818.772479114217,8796.073126192443,5412.53567213581,11560.053597073294,598.1206781776904,9049.981852092105,7957.8383375513895,6903.079582861752,3967.0742520981075,9500.354936030122,3367.529748196695,9477.445161285648,7088.097531464334,9814.22883933905
420030103021,5768.055358868956,9364.341382899282,7466.393870899976,3441.195379041866,3376.1301220529,8844.474962421395,5655.347135378896,6010.957678572819,1308.1849065046358,5974.275511034756,3296.4439858949268,6688.551817401518,6839.765222831674,5644.700149556503,4960.48210575124,4523.60266876895,8835.543172237545,2843.2022796720153,2431.3494438650064,3426.5681638362503,7689.6802325849085,5644.700149556503,5347.7351989119015,7903.25173542842,7903.25173542842,7448.617052954235,7502.521585239846,7502.521585239846,6966.41980420034,11953.30201706039,9717.889837338069,7447.487993572582,6474.113712734002,9688.949177936785,8765.724908348357,5956.500748466108,5630.8586987268645,5721.987153708954,4884.712401047699,3276.409684696043,13228.046706680374,4025.9719223239645,5396.652406032646,9440.848595947247,1085.769572680319,2275.384210552786,7201.145776465712,6658.028454677631,9183.319737000369,9183.319737000369,6335.996939014465,3774.223719238835,7019.381503025775,5002.234668335275,7790.846686068019,1255.0075500333865,2310.2428295471054,2336.7563003406203,3033.7488740211993,5305.916904791582,4138.6134366570195,4138.6134366570195,4033.287080523228,7424.890154110237,7424.890154110237,9359.212032667343,4781.17013761804,3077.389842375639,6065.692893875377,6854.053737380199,5259.662131100507,1073.9212758880597,6777.308358710578,6022.552986857344,1961.3557526423187,8748.810036306822,3359.1532263169847,5574.275664688631,4775.608543264599,4164.41364283002,3546.848181004771,7466.393870899976,2431.4942139999725,6738.779221253914,5087.436305721259,6338.522651935579
420030305003,5939.807948483286,9011.622616915278,7555.561184626398,3790.9915795407896,3482.2293059556064,8933.642276147826,5177.909956897536,6182.710268187148,658.477970566552,5509.813354166394,3787.3037861367256,6777.71913112794,6213.167283273105,5733.867463282924,5443.181639184175,4321.659359495123,8208.945232678976,2508.214292592198,1743.827711519929,3917.4279640780496,7778.84754631133,5733.867463282924,4698.028262973817,7701.308426154594,7701.308426154594,7246.673743680407,7972.06989171633,7972.06989171633,7138.172393814669,11599.830419675387,9807.0571510645,7619.240583186912,6645.8663023483305,9062.351238378218,8619.29193598838,5479.063569984748,5802.611288341194,5893.739743323283,4682.769091773873,2626.70274875796,13399.7992962947,4115.1392360503905,5485.819719759067,8814.250656388684,1568.4691061132544,2670.6004176103133,7683.8453098986465,7140.727988110566,8556.7217974418,8556.7217974418,6818.6964724474,3880.3229031415417,6677.040891032293,5051.7460109341855,7880.013999794441,1745.8673502751851,1834.442904232139,1860.9563750256539,3516.448407454135,5395.0842185180045,3558.2833869932856,3558.2833869932856,3452.957030859494,7530.127272959477,7530.127272959477,8732.614093108778,4438.829525624562,2735.0492303821634,6154.8602076018,6943.2210511066205,5742.361664533442,754.5498863771223,6150.710419152009,6194.305576471673,1311.6488167042348,8583.659785704178,3841.8527597499206,5096.838486207271,4149.0106037060295,4212.597944676989,3652.9473649074775,7555.561184626398,2741.4792558988715,6786.551425594584,5176.60361944768,6136.579342661753
420034644002,13747.756936944672,17464.013833332763,2801.4792254992185,10444.196798947258,8527.786300714257,6134.659465479032,12618.644493149683,13990.659256648534,9130.469460265454,7303.217416533938,10296.909262639641,11365.223407944046,14669.798957644103,10627.965286982542,11548.997603838174,6837.416386981562,16385.452253015854,7690.457326608059,9941.575477753393,10427.033440580964,8749.5452616687,10627.965286982542,12929.68408835276,3754.167629063136,3754.167629063136,3088.362928964945,12866.16771541595,12866.16771541595,14946.121382276055,20052.97446749387,5772.418092865803,15427.189571648298,14453.815290809718,17518.982912749216,16865.39735878184,12919.798106236893,13610.56027680258,13701.68873178467,6465.552421527973,11098.69423845686,21207.748284756082,9009.237059750008,10379.917543458685,16626.26932644589,8190.137403257495,9448.355826589543,12842.457265102403,12359.747688136224,17013.353471812803,17013.353471812803,12605.447587644463,8087.247655019592,4718.1706434778625,13159.171413848771,3427.9710607789602,8339.51697421896,8183.846596194662,8263.962679173219,8494.384702384812,5099.533502613109,11129.91094387543,11129.91094387543,11024.584587741638,6053.506983338024,6053.506983338024,16349.312844108776,6001.802221056185,7292.605170448502,10379.967324823865,11530.725327922726,11848.177629187441,7898.921328649774,14607.34209352301,14002.25456493306,9783.640306403135,16848.482486740304,9947.668724403924,12537.573022459415,12605.642278077026,12320.023347591574,8197.039190375466,2801.4792254992185,9446.875130672457,14893.976828509167,4881.052903542785,3854.0528256618495
420035632011,7662.3925985619735,10837.533110808301,8128.713943464565,5398.502509446504,4197.797456518081,9506.795034985991,5493.302172702335,7905.294918265836,2484.388464459572,4239.916912239171,5253.751116299565,7350.871889966107,7840.817244858721,6307.020222121093,6909.628969347012,3097.8641126381235,9275.057730508024,1260.8248081300153,3282.704121817633,5383.875294240888,8352.0003051495,6307.020222121093,5819.289565844924,6477.513179297594,6477.513179297594,6022.878496823409,8545.2226505545,8545.2226505545,8860.757043893358,13425.74091356841,10380.209909902655,9341.8252332656,8368.45095242702,10564.029176727438,10445.202429881403,5794.455785789544,7525.195938419882,7616.32439340197,3458.9738449168735,4452.613242650978,15122.383946373393,4688.291994888552,6058.972478597236,9865.19865952962,3034.9164362760944,4237.764308493023,8521.512200240952,8038.8026232747725,10382.632291334823,10382.632291334823,8284.502522783012,4829.36152112421,5415.873509288582,6783.227538512945,8453.166758632611,3212.314680438025,569.1211928628792,593.1014931829035,4173.43963752336,5968.236977356171,4026.0799942115145,4026.0799942115145,3920.753638077722,8103.280031797645,8103.280031797645,9610.213150670552,3177.6621438808515,1473.881848638452,6728.0129664399665,7516.373809944789,7208.808994696279,1228.3943252257495,7976.620913045026,7916.89022655036,3137.559310597255,10409.570279597201,5308.30008991276,5412.230702012069,5974.921097599046,5944.079472255749,4717.178992117108,8128.713943464565,4393.874311940209,8518.032953173342,5749.756378285847,4912.784095804752
420035632021,8093.323429886243,10245.096603823522,8559.644774788834,5829.433340770773,4628.728287842349,9937.725866310257,4853.042402705358,8336.225749590103,2915.31929578384,3355.730635587289,5684.681947623834,7781.802721290376,7200.557474861744,6737.951053445362,7340.559800671281,2783.804659739479,8634.797960511052,1164.7615833156606,3713.6349531419014,5814.806125565157,8782.931136473766,6737.951053445362,5179.029795847947,6159.237793494601,6159.237793494601,5704.603111020416,8976.153481878766,8976.153481878766,9291.687875217624,12833.304406583615,10811.14074122692,9772.756064589865,8799.381783751285,9923.769406730462,9852.76592289663,5154.196015792567,7956.126769744151,8047.255224726239,3144.914392018229,4116.037951515009,15553.314777697658,5119.222826212821,6489.903309921505,9224.938889532645,3465.8472676003626,4668.695139817291,8952.443031565217,8469.733454599042,9777.961563928548,9777.961563928548,8715.43335410728,5260.2923524484795,5009.421802896606,7214.158369837214,8884.097589956877,3643.245511762293,557.3622742952986,535.8580366870527,4604.370468847628,6399.16780868044,3385.8202242145385,3385.8202242145385,3280.493868080746,8534.210863121913,8534.210863121913,8969.953380673576,2771.2104374888727,1078.041087470361,7158.943797764236,7947.304641269058,7639.739826020548,1659.3251565500166,7343.804323976897,8347.82105787463,3568.490141921523,9817.133772612426,5739.230921237029,4771.970932015091,6202.5452082459815,6375.010303580018,5148.109823441377,8559.644774788834,4824.805143264478,8948.963784497608,6180.687209610116,4594.508710001758
420032413002,9463.68109422425,10663.29040398716,10151.50322073494,7201.428258275174,6220.5867337884565,11529.58431225636,4785.024235481146,9706.583413928112,4285.676960121844,3620.253691751041,7056.676865128235,9373.661167236482,7620.447150826787,8329.80949939147,8712.554718175681,4116.550584567199,8899.251378712666,2584.4544258857973,5083.992617479909,7186.801043069559,10374.789582419871,8329.80949939147,5613.692185632793,7388.503322524003,7388.503322524003,6933.868640049818,10568.011927824871,10568.011927824871,10662.045539555631,13251.498206747257,12402.999187173027,11143.11372892787,10169.739448089294,10123.985659415115,10270.959723060265,5028.263543733874,9326.484434082158,9417.612889064247,4477.660316845949,4846.309248248208,16923.672442035662,6711.08127215893,8081.761755867611,9039.320664808112,4837.842185104761,6040.690057321691,10544.301477511322,10061.591900545147,10188.101204578734,10188.101204578734,10088.069551438904,6747.480279179842,5430.682450256847,8353.220407711071,10475.956035902982,5015.2404292666915,2187.257025602818,2176.2274306526865,6196.228914793735,7991.026254626548,4116.091520947736,4116.091520947736,4010.7651648139436,10126.069309068018,10126.069309068018,8784.335155949042,3845.4710878959354,2393.304750005115,8750.802243710343,9539.16308721516,9011.734743524948,3225.4823351530686,7766.451420841528,9718.178722212637,4938.84780625953,10235.327572776061,7111.2258387414295,4718.51894331666,6905.85477679173,7500.259050943994,6520.104740945777,10151.50322073494,6196.800060768877,9884.331889985247,7772.545655556222,5823.774239031163
420035632022,8694.19143631024,10407.65636179046,9160.512781212832,6430.301347194771,5229.596294266347,10538.593872734256,5015.602160672297,8937.093756014103,3516.18730220784,3215.584200365267,6285.549954047832,8382.670727714374,7363.117232828683,7338.81905986936,7941.427807095279,2755.545251574388,8797.35771847799,1223.4490928929868,4314.502959565901,6415.674131989155,9383.799142897766,7338.81905986936,5341.589553814886,6027.497989531193,6027.497989531193,5572.863307057008,9577.021488302766,9577.021488302766,9892.555881641623,12995.864164550552,11412.00874765092,10373.624071013865,9400.249790175285,10086.3291646974,10015.325680863567,5316.755773759506,8556.994776168149,8648.123231150235,3116.654983853138,4278.597709481947,16154.182784121658,5720.090832636819,7090.771316345503,9387.498647499582,4066.715274024362,5269.563146241289,9553.311037989217,9070.60146102304,9940.521321895485,9940.521321895485,9316.301360531279,5861.160358872477,4877.681998933198,7785.508868944808,9484.965596380876,4244.113518186293,1082.2373641679703,1079.1154709548791,5205.238475271626,7000.035815104438,3548.3799821814778,3548.3799821814778,3443.053626047685,9135.078869545912,9135.078869545912,9132.513138640514,2639.470633525468,1032.299417012304,7759.8118041882335,8548.172647693056,8240.607832444546,2260.1931629740166,7506.364081943836,8948.689064298627,4169.358148345522,9979.693530579363,6340.098927661027,4934.530689982031,6365.104966212921,6932.547512177732,5748.977829865375,9160.512781212832,5425.673149688476,9386.120111851915,6781.555216034114,4462.768906038353
420035652002,10378.996178818663,13204.073726722956,9086.202748741074,7921.955975680879,6652.388054080871,11961.38563254878,7812.019525604786,10621.898498522527,5281.69854673509,4427.032616340735,7777.20458253394,9805.462487528901,10159.534597761178,8761.610819683885,9433.082435581391,324.40441438927684,11593.775083410486,2411.5719574216228,6080.0142040931505,7907.328760475264,10806.590902712293,8761.610819683885,8138.006918747376,5119.798301050669,5119.798301050669,4123.54671987156,10999.813248117294,10999.813248117294,11577.360624150051,15792.281529483049,12057.141616107656,12058.42881352229,11085.054532683713,12882.746529629896,12811.743045796064,8113.173138691996,10241.79951867657,10332.92797365866,59.54851560533784,7075.015074414438,17838.987526630077,7142.882592451344,8513.563076160028,12183.916012432079,5558.369902510469,6761.217774727395,10976.102797803747,10493.393220837566,12736.938686827982,12736.938686827982,10739.093120345806,7283.9521186870015,4834.997056706985,9503.772468447982,9712.694584020812,5735.768146672399,2904.96122700823,2985.0773099867856,6628.030235086151,8422.827574918962,6344.7973471139685,6344.7973471139685,6239.470990980177,10557.87062936044,10557.87062936044,11928.93050357301,2862.0191635551573,2161.4940454681505,9182.60356400276,9970.964407507581,9732.262460930659,3961.6285269660075,10302.781446876332,10633.493806807053,5934.869392872772,12776.11089551186,7831.753556147135,7730.948054914521,8772.231179874567,8664.624402190788,7200.62880355987,9086.202748741074,6917.327778174582,11238.57788310838,8204.346975848637,3639.1797382030286
420031412002,4850.482992331584,2058.5488486953004,16250.994706795482,9497.363917062206,12116.172608563975,17629.07579831691,6749.138089320454,6477.673435986481,8616.624992075604,13491.495249938114,9638.794197577983,15473.152653297027,3873.052922264626,14429.30098545201,12881.478383378173,13210.464849793778,6391.75077170269,11473.784935231342,8628.202728219347,9768.918375519308,16454.54276769598,14429.30098545201,6502.181195804117,16590.113916453247,16590.113916453247,16135.479233979066,15423.517862866778,15423.517862866778,7152.027364507916,3822.832854968614,18502.490673233573,7628.742245349695,7070.648910781683,6244.6618201152005,2056.18110342647,7192.940290229456,5013.118815341061,4919.633952590375,13571.574582072535,7399.133644129118,11047.825272912623,12429.237322164354,14181.253241928152,6986.485517388609,9542.003198745297,8376.972755131734,15109.876825710315,14579.024732304566,4098.7430296123985,4098.7430296123985,14256.993216641404,12559.584925173982,15642.611533671432,4923.566299345507,16575.447521963524,9441.661344117396,10800.013546871287,10826.527017664801,11370.119886101362,14090.51774068709,8243.954839609041,8243.954839609041,8138.6284834752505,16210.251360045382,16210.251360045382,6909.060346567935,13404.400168263703,11700.619873021307,14850.293729770885,15638.654573275704,13180.658408727442,9720.120529016265,3854.824046075864,6646.426793478654,8056.941550434955,2014.361986960831,11200.918113819818,6800.223150432762,5867.430727117872,5182.730904375813,12332.209386939921,16250.994706795482,8447.851593420293,2371.533261017652,13872.037141616769,15025.384832960412
420035652003,10073.940667110324,12899.018215014617,8413.149845374675,7616.900463972547,6347.332542372539,11656.330120840441,7506.964013896454,10316.842986814188,4976.643035026757,3261.048408329069,7472.149070825608,9500.406975820562,9854.47908605284,8456.555307975546,9128.02692387305,1674.2462797814126,11288.719571702148,2106.5164457132905,5774.958692384818,7602.273248766932,10501.535391003954,8456.555307975546,7832.951407039044,4042.4729888295665,4042.4729888295665,3450.493816505159,10694.757736408956,10694.757736408956,11272.305112441712,15487.22601777471,11384.088712741266,11753.373301813952,10779.999020975374,12577.691017921557,12506.687534087725,7808.117626983664,9936.74400696823,10027.872461950321,2013.406275558132,6769.959562706105,17533.932014921746,6837.827080743012,8208.507564451693,11878.86050072374,5253.314390802136,6456.162263019063,10671.047286095409,10188.337709129228,12431.883175119643,12431.883175119643,10434.037608637467,6978.896606978669,3673.5612238406807,9198.716956739643,9039.641680654418,5430.712634964067,2599.905715299897,2680.021798278453,6322.974723377819,8117.772063210629,6039.741835405636,6039.741835405636,5934.415479271845,10252.8151176521,10252.8151176521,11623.874991864672,1645.2383018254798,1716.2103253466032,8877.548052294422,9665.908895799243,9427.20694922232,3656.5730152576734,9997.725935167993,10328.438295098715,5629.813881164439,12471.055383803521,7526.698044438803,7425.892543206189,8467.175668166228,8359.56889048245,6895.573291851538,8413.149845374675,6612.27226646625,10933.522371400042,7899.291464140305,2477.7439053367243
420035651001,8965.933359749506,11592.559074280189,9170.241721958202,6508.893156611726,5239.325235011718,10548.32281347962,6200.504873162021,9208.835679453368,3789.3373374484813,3025.8938681890363,6364.141763464787,8392.399668459742,8548.01994531841,7348.548000614729,8020.019616512234,1342.5136897138132,9982.260430967719,800.0573049788575,4587.652994806541,6494.265941406111,9393.528083643134,7348.548000614729,6526.49226630461,4695.5483766104035,4695.5483766104035,4240.913694136218,9586.750429048136,9586.750429048136,10164.297805080892,14180.766877040282,11421.737688396295,10645.365994453132,9671.991713614554,11271.231877187129,11200.228393353296,6501.65848624923,8828.736699607412,8919.865154589505,1681.6736854905325,5463.500421971671,16425.924707560924,5729.819773382191,7100.500257090872,10572.401359989311,4145.307083441315,5348.154955658242,9563.039978734589,9080.330401768408,11125.424034385214,11125.424034385214,9326.030301276647,5870.889299617848,4070.999860180054,8088.176411501853,9494.694537126246,4322.705327603247,1310.2670977786959,1407.6544018226843,5214.967416016998,7009.764755849808,4733.282694671202,4733.282694671202,4627.95633853741,9144.80781029128,9144.80781029128,10317.415851130243,1832.7884947723237,542.7610933201164,7769.5407449336035,8557.901588438424,8319.199641861502,2500.8703448531255,8691.266794433564,9220.430987737895,4442.508183586165,11164.596243069092,6418.690737077982,6119.433402471755,7279.869970587954,7249.028345244657,5787.565984490717,9170.241721958202,5504.264959105429,9822.981826162257,6791.284156779484,3130.8192931175613
420032413001,9582.149916124557,10589.96889142096,10269.972042635249,7319.89708017548,6339.055555688763,11648.05313415667,4711.702722914947,9825.052235828422,4404.145782022153,3912.3684822030236,7175.14568702854,9492.129989136789,7547.125638260588,8448.278321291775,8831.023540075988,4761.676498738114,8825.929866146467,3206.7098307203078,5202.461439380217,7305.269864969865,10493.25840432018,8448.278321291775,5540.370673066594,7726.5278749514855,7726.5278749514855,7682.47495001905,10686.48074972518,10686.48074972518,10780.51436145594,13178.176694181058,12521.468009073336,11261.58255082818,10288.208269989604,10050.664146848916,10197.638210494066,4954.942031167675,9444.953255982466,9536.081710964554,5122.786231016864,4964.370434791546,17042.141263935973,6829.550094059236,8200.230577767918,8965.999152241913,4956.311007005068,6159.158879221997,10662.770299411632,10180.060722445456,10114.779692012535,10114.779692012535,10206.538373339214,6865.9491010801485,6104.929867282331,8471.281594254408,10594.424857803291,5133.709251166998,2651.1482241492795,2640.1186291991476,6314.697736694041,8109.495076526853,4234.152707491077,4234.152707491077,4128.826351357285,10244.538130968327,10244.538130968327,8711.013643382841,4519.718504921418,3055.9129264689955,8869.271065610648,9657.63190911547,9130.203565425256,3343.9511570533787,7693.1299082753285,9836.647544112946,5057.316628159837,10162.006060209862,7229.694660641735,4645.197430750461,6832.533264225531,7618.320237487331,6638.5735628460825,10269.972042635249,6315.268882669183,9811.010377419048,7891.014477456529,6572.380549000392
420032613002,13570.83184257867,12676.840093569925,10302.57895887431,11641.466647266187,10440.761594337766,13635.759198854123,6798.573925063904,14148.259056085515,8727.35260227926,2658.2633842824125,11496.715254119248,13593.836027785788,9633.996840409554,12549.984359940776,13152.593107166693,6805.684520451768,9669.994418557839,6002.759743495968,9525.66825963732,11626.839432060571,14594.964442969178,12549.984359940776,7627.241875215553,4366.0319175592485,4366.0319175592485,5187.282880387005,14788.186788374178,14788.186788374178,15103.721181713036,15265.047896330021,13273.517826240894,15584.789371085277,14611.415090246697,10418.503304075137,12284.509412643034,7041.813233316633,13433.635182436577,13524.763637418666,7144.844516228487,9350.535401819692,21333.041183079382,10931.256132708237,12301.936616416919,9406.156926839825,9277.880574095783,10480.728446312707,14764.47633806063,14281.766761094452,12201.650894161501,12201.650894161501,14527.466660602691,11072.325658943895,3927.563406579477,11513.450380736822,10929.070794154055,9455.278818257711,6293.402664239386,6290.280771026294,10416.403775343044,12211.201115175854,8857.023203303168,8857.023203303168,8751.696847169376,13554.606716713113,13554.606716713113,9129.20044450271,4422.298720114944,5555.149052941525,12970.977104259648,13759.337947764467,13451.77313251596,7471.358463045432,9780.001110424295,14159.85436437004,9380.523448416943,12248.87726235883,11551.264227732443,6732.068632899417,8919.404466374495,10356.84035267761,10960.143129936792,10302.57895887431,10636.838449759893,11897.881579568017,11992.72051610553,4551.4656941027015
420032613001,11458.914676318218,12710.973956517688,9751.700010658835,9183.686818756143,7979.665081017354,13084.88025063865,6832.707788011676,11701.816996022082,6280.910542215817,112.61921748286719,9038.935425609203,11132.739514465386,9668.130703357316,10088.887846620368,10694.81327865665,4260.040353652222,10687.082297799696,3457.1155766964225,7079.22619957388,9169.059603550528,12133.867929648779,10088.887846620368,7661.375738163324,4367.1559456349805,4367.1559456349805,4636.403932171528,12327.090275053779,12327.090275053779,12657.279121649603,15299.181759277786,12722.63887802542,13138.347311021844,12164.973030183264,11435.591183316994,12318.643275590794,7075.9470962644045,11321.718016176126,11412.846471158215,4599.200349428941,7349.752850896531,18918.906024129632,8470.159619387827,9840.84010309651,10423.244806081684,6820.100745585724,8022.948617802655,12303.379824740232,11820.670247774053,12235.784757109263,12235.784757109263,12066.37014728229,8611.229145623485,2749.105228955454,10579.749616269193,10378.19184593858,6997.498989747654,3846.9606041759475,3843.838710962856,7955.307262022635,9750.104601855448,6619.53512359606,6619.53512359606,6514.208767462268,11885.147656296924,11885.147656296924,10146.28832374457,1892.4856778278213,3009.5048861419796,10509.880590939243,11298.241434444064,10993.993304005919,5024.916402981994,9814.134973372058,11713.412304306607,6934.081388353502,12283.01112530659,9093.484399222398,6766.202495847188,8953.53832932226,9740.601550012,8502.36330142674,9751.700010658835,8179.05862124984,11932.015442515776,9531.624002785125,3762.767279444278
420032716001,12018.985962961367,14839.847577961304,6903.436162075489,9561.945759823579,8292.377838223572,10236.616402055319,9447.793376843136,12261.888282665233,6921.68833087779,3256.1614301658815,9417.194366676638,11445.452271671606,11795.308448999527,10401.600603826584,11073.072219724094,3628.304722700303,13229.548934648836,4051.5617415643237,7720.003988235851,9547.318544617963,12446.580686854999,10401.600603826584,9773.780769985726,2141.5368312673513,2141.5368312673513,1686.902148793166,12639.803032259999,12639.803032259999,13217.350408292757,17428.0553807214,9874.375029442082,13698.418597664997,12725.044316826417,14234.332552445407,14447.516897034413,9703.317333544626,11881.789302819274,11972.917757801366,3706.2622402471743,8710.788925652789,19478.977310772778,8782.872376594045,10153.552860302727,13221.986175210093,7198.359686653168,8401.207558870095,12616.092581946454,12133.383004980271,14372.712538066331,14372.712538066331,12379.08290448851,8923.941902829702,1472.3197557397089,11143.762252590688,7529.92799735523,7375.757930815099,4544.95101115093,4625.067094129487,8268.02001922885,9201.490439189385,7980.571198352318,7980.571198352318,7875.244842218524,10155.46391991431,10155.46391991431,12945.029692872979,2350.9479154998126,3653.709585404768,10822.593348145463,11610.954191650286,11372.252245073363,5601.6183111087075,11938.55529811468,12273.48359094976,7574.859177015472,14411.88474675021,9471.743340289835,9366.72190615287,10412.220964017266,10304.614186333485,8840.618587702571,6903.436162075489,8557.317562317283,12878.567667251085,8983.00984011906,523.8418638625913
420032716003,11998.466909112101,14819.328524112037,6522.425487432475,9541.42670597431,8271.858784374299,9855.605727412301,9427.274322993873,12241.369228815965,6901.169277028518,4035.4323058525006,9396.675312827374,11424.93321782234,11774.789395150261,10381.081549977316,11052.553165874828,3555.834807765002,13209.029880799568,4031.042687715052,7699.484934386579,9526.799490768695,12426.061633005731,10381.081549977316,9753.26171613646,2474.435012898263,2474.435012898263,1551.5560363516465,12619.283978410733,12619.283978410733,13196.83135444349,17407.53632687213,9493.364354799065,13677.899543815729,12704.525262977151,14498.001327018977,14426.997843185145,9728.42793608108,11861.270248970008,11952.398703952098,3183.970842311413,8690.269871803517,19458.458256923514,8762.353322744773,10133.033806453459,13799.17080982116,7177.840632803896,8380.688505020824,12595.573528097186,12112.863951131005,14352.193484217063,14352.193484217063,12358.563850639244,8903.422848980432,2565.1456627258353,11123.24319874142,7148.917322712216,7355.238876965827,4524.431957301658,4604.548040280214,8247.500965379579,8820.479764546371,7960.052144503046,7960.052144503046,7854.725788369253,9774.453245271292,9774.453245271292,13544.185300962092,2342.3875821631786,3633.1905315554964,10802.074294296195,11590.43513780102,11351.733191224097,5581.099257259436,11918.036244265413,12252.964537100492,7554.3401231662,14391.365692900941,9451.224286440567,9346.202852303604,10391.701910167998,10284.095132484217,8820.0995338533,6522.425487432475,8536.798508468011,12858.04861340182,8601.999165476047,926.2417005327234
420032716002,11443.296489092369,14264.158104092305,6860.796006067674,8986.256285954578,7716.688364354569,10193.976246047501,8872.10390297414,11686.198808796233,6345.998857008787,3480.2618858327687,8841.504892807641,10869.762797802607,11219.618975130528,9825.911129957583,10497.382745855095,3052.6152488312996,12653.859460779835,3475.8722676953203,7144.314514366848,8971.629070748962,11870.891212985998,9825.911129957583,9198.091296116727,2251.0257280624037,2251.0257280624037,1774.3621158592957,12064.113558391,12064.113558391,12641.660934423757,16852.365906852396,9831.734873434265,13122.729123795996,12149.354842957418,13942.830906999245,13871.827423165412,9173.257516061347,11306.099828950275,11397.228283932365,2893.072626493541,8135.099451783786,18903.28783690378,8207.182902725042,9577.863386433726,13244.000389801427,6622.670212784165,7825.518085001093,12040.403108077453,11557.693531111272,13797.02306419733,13797.02306419733,11803.393430619511,8348.252428960699,2330.743030620229,10568.072778721687,7487.287841347415,6800.068456946096,3969.261537281927,4049.3776202604827,7692.330545359849,9158.850283181568,7404.881724483315,7404.881724483315,7299.555368349522,10112.823763906492,10112.823763906492,12989.014880942359,1787.217162143447,3078.0201115357645,10246.903874276462,11035.264717781287,10796.562771204364,5025.928837239705,11362.86582424568,11697.794117080759,6999.169703146469,13836.195272881208,8896.053866420834,8791.032432283871,9836.531490148265,9728.924712464484,8264.929113833567,6860.796006067674,7981.628088448279,12302.878193382086,8940.369684111247,702.8324156968637
420035652001,9813.157491200753,12638.235039105046,9663.60995243947,7356.117288062976,6086.549366462968,11395.54694493087,7246.180837986883,10056.059810904617,4715.859859117186,4202.923995802923,7211.365894916036,9239.62379991099,9593.695910143268,8195.772132065978,8867.243747963481,265.09175385014134,11027.936395792576,1845.7332698037194,5514.175516475247,7341.49007285736,10240.752215094382,8195.772132065978,7572.168231129473,5121.905648177229,5121.905648177229,4667.2709657030455,10433.974560499384,10433.974560499384,11011.52193653214,15226.442841865139,12268.961819847544,11492.59012590438,10519.215845065803,12316.907842011986,12245.904358178153,7547.334451074093,9675.96083105866,9767.08928604075,649.044683844756,6509.176386796534,17273.14883901217,6577.04390483344,7947.724388542121,11618.077324814169,4992.531214892565,6195.379087109492,10410.264110185837,9927.554533219656,12171.099999210071,12171.099999210071,10173.254432727896,6718.113431069098,4752.993883188345,8937.933780830072,10290.101787719208,5169.929459054495,2339.1225393903255,2419.2386223688814,6062.191547468247,7856.988887301058,5778.958659496065,5778.958659496065,5673.632303362273,9992.031941742529,9992.031941742529,11363.0918159551,2637.9105430173436,1711.8132762988332,8616.76487638485,9405.125719889671,9166.423773312748,3395.789839348103,9736.942759258422,10067.655119189143,5369.030705254868,12210.27220789395,7265.914868529231,7165.109367296617,8206.39249225666,8098.78571457288,6634.790115941966,9663.60995243947,6351.489090556678,10672.73919549047,7638.508288230733,3557.1765646843883
420032716004,11330.175987959665,14151.037602959601,7521.630419916963,8873.135784821874,7603.567863221867,10854.81065989679,8758.983401841435,11573.078307663529,6232.878355876085,3388.2472363582197,8728.384391674936,10756.642296669903,11106.498473997824,9712.79062882488,10384.262244722391,2495.9704721884095,12540.738959647131,3362.7517665626197,7031.194013234146,8858.508569616259,11757.770711853294,9712.79062882488,9084.970794984023,3324.9565148739066,3324.9565148739066,2558.974391047448,11950.993057258296,11950.993057258296,12528.540433291053,16739.245405719692,10492.569287283553,13009.608622663292,12036.234341824715,13829.71040586654,13758.706922032708,9060.137014928643,11192.979327817571,11284.107782799661,2124.1065067348204,8021.978950651084,18790.16733577107,8094.0624015923395,9464.742885301022,13130.879888668724,6509.549711651463,7712.397583868391,11927.28260694475,11444.573029978568,13683.902563064627,13683.902563064627,11690.272929486808,8235.131927827997,2956.044749885021,10454.952277588984,8148.122255196704,6686.947955813394,3856.1410361492262,3936.257119127782,7579.210044227147,9374.007384059958,7291.761223350613,7291.761223350613,7186.43486721682,10773.65817775578,10773.65817775578,12875.894379809655,1695.2025126688973,2964.8996104030634,10133.783373143759,10922.144216648583,10683.44227007166,4912.808336107004,11249.745323112977,11584.673615948055,6886.049202013767,13723.074771748505,8782.93336528813,8677.911931151168,9723.410989015561,9615.80421133178,8151.8086127008655,7521.630419916963,7868.507587315577,12189.757692249383,9155.526784989632,1760.2274313810642
420035648002,6428.304123081564,1755.913636886754,17537.622598982605,10912.094586805844,13448.119220175173,18915.70369050403,7324.681092027608,8055.494566736462,9556.10429154392,14067.038252645265,11053.524867321623,16759.78054548415,4448.595924971779,15715.928877639126,14296.209053121816,14290.400861259996,6615.159780232499,12722.79655470267,9567.682027687662,11183.649045262948,17760.90896066753,15715.928877639126,6960.242780099368,17665.833995015113,17665.833995015113,17211.199312540928,16838.24853261044,16838.24853261044,8729.848495257897,2223.1067758370295,19789.118565420704,9206.563376099677,8648.470041531664,5772.03320851124,1963.8396725232874,7768.483292936612,6590.939946091042,6497.455083340356,14651.510593538742,8170.2419735357535,12183.79512462041,13843.967991907997,15467.881134115269,7157.064341882498,10893.703676527613,9791.703424875372,16524.607495453965,15993.755402048213,3755.8032544482553,3755.8032544482553,15671.723886385047,13846.212817361109,16263.146928714194,6501.387430095488,17862.075414150644,10856.392013861034,12049.025166342608,12075.538637136122,12784.850555844998,15377.145632874206,8702.016423904295,8702.016423904295,8596.690067770503,17496.879252232502,17496.879252232502,7079.6391710618245,14277.80663900939,12584.637288990883,16136.921621958005,16925.28246546284,14595.389078471086,10969.132148487593,4430.367048783017,8224.247924228635,8996.420849903268,1922.0205560576487,12615.648783563454,7375.766153139916,6351.846131599268,6597.461574119451,13618.837279127045,17537.622598982605,9862.58226316393,3949.354391767635,15158.665033803889,16101.104911522272
420031306002,8551.595826414334,2611.4053487334922,19136.54416242136,12511.016150244608,15047.040783613933,20514.62525394278,8520.547246876258,10178.786270069233,10941.35244910883,15262.904407493928,12652.446430760385,18358.702108922902,5640.9421764863955,17314.85044107788,15895.130616560577,15490.720312809646,7571.888302600589,13935.753644791843,10952.930185252575,12782.570608701708,19359.83052410629,17314.85044107788,8300.111596421639,18866.15344656475,18866.15344656475,18411.518764090568,18437.17009604918,18437.17009604918,10853.140198590663,0.0,21388.04012885946,11329.855079432442,10771.76174486443,6478.778131894435,3309.4829417054093,8954.613445449044,8714.23164942381,8620.746786673124,15851.830045088394,9555.49013110066,13612.070964657887,15442.889555346757,17066.802697554023,8113.792864250588,12492.625239966375,11390.624988314135,18123.52905889272,17592.676965486968,4483.927503904843,4483.927503904843,17270.6454498238,15445.134380799871,17459.01308356286,8624.679133428255,19460.9969775894,12455.313577299798,13380.192038220812,13369.16244327068,14383.77211928376,16976.067196312964,10041.885240226566,10041.885240226566,9936.55888409277,19095.800815671257,19095.800815671257,8036.367693429914,15478.12609055904,13784.95674054053,17735.84318539676,18524.20402890158,16194.310641909848,12354.380306052504,5642.931057115989,10347.539627561404,10381.66900746818,3243.9436116489173,14214.570347002214,8571.632307988566,7732.113011376233,8196.38313755822,15217.758842565807,19136.54416242136,11461.503826602693,6072.646095100401,16757.586597242647,17301.424363071917
420035629011,2873.503389453937,8676.922631943355,13505.993595404103,6962.7130341537395,9299.536111510497,14884.07468692553,8744.604447129215,884.3124426061356,6225.740385792111,12020.962422367287,7104.143314669514,12728.151541905649,7858.536179766763,11684.299874060634,10346.827500469702,10752.101925677187,10295.312116919342,9019.363360793095,7192.977196239972,7234.267492610839,13729.279957089035,11684.299874060634,8224.019843819153,14131.750992336649,14131.750992336649,13677.116309862467,12888.866979958304,12888.866979958304,1472.5325071928498,10864.62320548803,15757.489561842205,1953.6006965650934,975.1229615250645,10453.358300560862,8236.339047755882,9403.351401401553,3010.427266507029,2916.942403756342,11113.211657955933,6453.048071298701,7726.601956912884,9731.862618645919,11436.252130536777,10890.046862605263,6724.765881242041,5842.321872223265,11782.933873626818,12044.373849396092,9809.723945683674,9809.723945683674,11722.342333732926,9810.613271989809,13188.189959233183,4986.92823285763,13830.446410572145,6894.003858595108,8345.591972433038,8372.105443226552,8672.74518258292,11345.516629295711,7405.914127171178,7405.914127171178,7300.587771037386,13461.279706861202,13461.279706861202,10812.621691784589,10949.978593825454,9246.198298583058,12105.292618379506,12893.653461884329,10646.007525818972,7265.69895457802,7757.7240117983,777.1432817899677,6646.664090304197,8219.424175714348,8666.267230911344,8795.689508241525,6690.650204955484,5440.379836931352,9583.237733755745,13505.993595404103,5913.200710511823,4930.812702733056,11127.03603022539,12567.021908843813
420035629012,1569.359374070364,7774.147968157446,12783.124675760218,6239.844114509855,8576.667191866612,14161.205767281646,8021.735527485333,1149.577613807158,5502.871466148226,11298.093502723405,6381.27439502563,12005.282622261764,6955.76151598085,10961.43095441675,9623.958580825818,10029.233006033304,9346.967508029507,8296.49444114921,6470.1082765960855,6511.398572966953,13006.411037445152,10961.43095441675,7501.150924175268,13408.882072692766,13408.882072692766,12954.247390218583,12165.998060314421,12165.998060314421,2127.1850553549784,9961.848541702122,15034.62064219832,2608.253244727221,1737.7302171603314,9550.583636774958,7333.56438396997,8680.48248175767,1706.2832511234558,1612.7983883727695,10390.34273831205,5730.179151654816,8491.932003502898,9008.993699002034,10713.383210892893,9941.70225371542,6001.896961598155,5119.4529525793805,11852.357023157956,11321.504929752207,8906.94928189777,8906.94928189777,10999.473414089043,9087.744352345926,12465.321039589298,3682.7842174740563,13107.577490928263,6171.134938951223,7622.723052789152,7649.236523582667,7949.876262939037,10622.647709651828,6683.045207527293,6683.045207527293,6577.718851393502,12738.410787217317,12738.410787217317,9864.277082894747,10227.10967418157,8523.329378939177,11382.423698735623,12170.784542240446,9923.138606175087,6542.830034934135,6854.949348012387,1311.7690324588195,5923.795170660311,7316.6495119284355,7943.398311267461,8072.820588597642,5967.781285311599,4717.510917287465,8860.368814111862,12783.124675760218,5190.331790867938,4028.0380389471425,10404.167110581506,11844.152989199929
420031403005,3280.7978289759794,3093.248225107725,14461.223515993766,7707.59272626049,10326.401417762256,15839.304607515196,5326.860911500152,4907.988272630881,6763.523777263587,12069.218072117808,7849.023006776266,13683.38146249531,3062.1169554390244,12639.529794650292,11091.707192576454,11420.693658992062,5623.0766508142915,9684.013744429623,6775.101513407332,7979.14718471759,14664.771576894269,12639.529794650292,4809.787602667205,14800.342725651535,14800.342725651535,14345.708043177348,13633.746672065063,13633.746672065063,5582.342201152315,5585.109969149038,16712.71948243187,6059.057081994094,5500.963747426083,5636.505893422411,2658.9186308079993,5963.913383115121,3443.433651985457,3349.9487892347706,11781.803391270818,5377.661459255422,10181.284326449733,10639.466131362635,12391.482051126435,6217.811396500212,7752.23200794358,6587.2015643300165,13320.1056349086,12789.25354150285,4232.303528735799,4232.303528735799,12467.222025839686,10769.813734372266,13852.840342869717,3353.8811359899028,14785.676331161812,7651.8901533156795,9010.242356069564,9036.75582686308,9580.348695299643,12300.746549885373,6330.527515127899,6330.527515127899,6225.201158994108,14420.480169243665,14420.480169243665,6140.386225679536,11614.628977461985,9910.848682219588,13060.52253896917,13848.883382473989,11390.887217925725,7930.349338214548,2961.304787470563,5076.741630123053,6203.84033562294,2642.003758766466,9411.1469230181,5377.94597261246,3795.0780133139788,3392.9597135740987,10542.438196138204,14461.223515993766,6658.080402618574,790.8736559375033,12082.265950815054,13235.613642158694
420031610001,8241.542897760952,11875.552343222656,10621.559571262793,3003.197446264032,4826.303836583932,11176.003772806205,9356.609658440155,8484.445217464814,5355.753880456825,10228.785233535222,1821.8522588346716,6686.5813987740485,9583.534739793547,5666.788389537729,3688.0636220916767,8778.112391269413,11717.74036608124,7097.71200217248,6322.990690904686,1691.3781904039495,7544.04350612018,5666.788389537729,8838.952282133305,12157.761457928882,12157.761457928882,11703.126775454699,6148.011227104327,6148.011227104327,9439.907343092334,14464.512977383767,12873.055537700895,9920.97553246458,8947.601251625996,12368.733827852147,11276.93586867173,10149.129667292449,8104.346237618859,8195.474692600948,9139.222123548163,6757.461697841841,13310.64710527334,3690.5060887215077,5278.160860791184,12323.045789790945,3521.3037054323595,3073.8879890696294,5202.32865876569,4975.962463956028,11843.682542357821,11843.682542357821,4539.002764308893,5457.867901190061,11273.891225526235,7440.868007923902,10946.012386430837,3442.1279883392126,6564.75255204757,6591.266022841085,3440.4674029354946,8243.816647842936,7699.207406152775,7699.207406152775,7593.881050018982,9658.744160083488,9658.744160083488,12241.40922651104,9035.679860118504,7331.899564876105,6087.781133856604,6793.9706887558505,3662.870521264949,5328.430998388524,9518.739878671115,8496.040525749338,5776.677584968911,11260.020996630194,2123.378036205707,9394.848254744735,7657.805737108284,6603.0469824186475,5374.544586062929,10621.559571262793,3067.49714775359,9177.412560842544,8242.602006084078,10593.032374436041
420031608002,6630.160737335811,10264.170182797505,9678.200196527954,854.9173495445498,4423.452460103366,10832.849181224337,7745.227498015014,6873.063057039673,3744.371720031685,9224.037447087141,553.0503008490988,6779.8079325318395,7972.152579368406,5760.014923295521,3888.0934865885265,7773.364604821338,10106.35820565609,6092.964215724405,4711.608530479547,644.5511751375784,7637.270039877971,5760.014923295521,7227.570121708165,11153.013671480807,11153.013671480807,10698.378989006624,6439.204319010463,6439.204319010463,7828.525182667195,12853.130816958617,11929.696162966044,8309.593372039437,7336.219091200856,10757.351667426998,9665.553708246578,8537.747506867303,6492.964077193719,6584.092532175809,8134.474337100087,5146.079537416702,14017.137460085618,3554.0875291375582,5371.387394548976,10711.663629365794,2516.5559189842816,1553.5373861496664,5908.81901357797,5594.711188448249,10232.300381932671,10232.300381932671,5245.4931191211745,5055.016524709496,10269.14343907816,5829.485847498762,10002.653011695997,2413.707906047036,5560.004765599495,5586.51823639301,3060.5795100060195,7507.985229127893,6087.825245727635,6087.825245727635,5982.498889593842,8922.91274136845,8922.91274136845,10630.02706608589,8030.932073670428,6327.1517784280295,6181.007667614396,6887.1972225136415,4187.273511937793,4323.683211940448,7907.357718245973,6884.658365324199,4165.295424543771,9648.638836205044,2216.604569963498,7783.466094319595,6046.423576683144,4991.66482199351,4971.693209582364,9678.200196527954,1432.3676709174567,7566.030400417404,7299.242631349236,9588.284587987966
420035626002,10819.230041976865,14535.486938364958,2898.0156338157935,7515.669903979448,4680.135666614793,4006.5492733322762,9690.117598181876,11062.132361680728,6201.942565297641,9785.865760585668,7368.38236767183,7617.816858188003,11741.272062676297,7047.720698439983,8620.470708870367,8269.646734458633,13456.925358048047,6654.792529222919,7013.048582785581,7498.506545613154,5002.138711912667,7047.720698439983,10001.157193384954,8010.447813980607,8010.447813980607,7344.6431138824155,9186.054647900915,9186.054647900915,12017.594487308248,17124.44757252607,4838.389063822553,12498.662676680491,11525.288395841912,14590.456017781411,13936.870463814032,9991.271211269086,10682.033381834774,10773.161836816864,8630.756466737383,8170.16734348905,18279.221389788283,6080.710164782195,7451.390648490876,14062.014085009156,5261.610508289683,6519.82893162173,9913.930370134596,9431.220793168417,14084.826576844995,14084.826576844995,9676.920692676656,4239.5970209201305,8974.450828395335,10230.644518880965,3222.468448983838,5410.990079251146,6125.14976390837,6151.663234701885,5565.857807417001,1251.8828685136496,8201.38404890762,8201.38404890762,8096.057692773828,2794.8318724946157,2794.8318724946157,13807.028576150089,8592.760387168948,6888.980091926544,6632.560775067824,7783.318778166685,8919.650734219635,4970.394433681963,11678.815198555203,11073.727669965254,6855.113411435323,13919.955591772496,7019.141829436112,9609.046127491609,9677.11538310922,9391.496452623767,4349.388556276005,2898.0156338157935,6518.348235704643,11965.44993354136,1106.2912293613888,8110.333010579321
420035625002,12551.797170086049,16268.054066474142,989.0829636731265,9248.237032088633,6982.267181572703,4106.715108309588,11422.68472629106,12794.699489789911,7934.509693406828,9760.421190997144,9100.949495781017,9337.279050774596,13473.83919078548,8767.182891026578,10353.03783697955,9294.620161444767,15189.49248615723,8387.359657332107,8745.615710894768,9231.07367372234,6721.600904499254,8767.182891026578,11733.724321494137,6211.371403526333,6211.371403526333,5545.566703428142,10905.516840487506,10905.516840487506,13750.161615417432,18857.01470063525,3744.4737356963597,14231.229804789675,13257.855523951095,16323.023145890595,15669.437591923215,11723.83833937827,12414.600509943957,12505.728964926047,8922.756195991176,9902.734471598236,20011.78851789746,7813.277292891382,9183.95777660006,15794.58121311834,6994.17763639887,8252.396059730918,11646.49749824378,11163.7879212776,15817.393704954178,15817.393704954178,11409.48782078584,6541.728535878039,7175.374417941064,11963.211646990148,1615.5747989528659,7143.557207360333,7857.716892017557,7884.230362811072,7298.424935526188,3554.0143834715545,9933.951177016806,9933.951177016806,9828.624820883015,4025.56262616858,4025.56262616858,15539.595704259273,8459.005995519385,8621.54722003573,8352.022967654419,9502.780970753276,10652.217862328818,6702.96156179115,13411.382326664387,12806.294798074437,8587.68053954451,15652.52271988168,8751.7089575453,11341.613255600792,11409.682511218403,11124.06358073295,6651.520071233913,989.0829636731265,8250.91536381383,13698.017061650544,3408.4227443192935,6311.256600125047
420031609003,5471.590439434266,9105.599884895966,8601.43661298064,926.3298808941186,3600.1489927821403,9828.16120300287,6586.657200113469,5714.492759138128,2585.801422130141,8144.737720379153,957.8859117033068,6832.97558407684,6813.582281466861,5789.1239162318225,4200.570097503497,6694.064878113346,8947.787907754551,5013.664489016415,3553.0382325780015,1088.0100896446304,7773.634481821309,5789.1239162318225,6068.99982380662,10073.713944772817,10073.713944772817,9619.079262298634,6742.609576992104,6742.609576992104,6669.95488476565,11694.560519057079,10852.932579418733,7151.023074137892,6177.648793299311,9598.781369525459,8506.98341034504,7379.17720896576,5334.393779292174,5425.522234274264,7055.174610392096,3987.5092395151564,12931.581787245681,3748.329036289678,5507.751836492314,9553.093331464255,1437.256192276292,303.93553074294397,6428.968539835639,5898.11644642989,9073.730084031133,9073.730084031133,5576.084930766725,4231.7130573882705,9189.843712370171,4670.915549597217,8925.889428148685,1262.9195128040483,4480.705038891506,4507.218509685021,2689.211600226682,6440.959646872248,4929.25494782609,4929.25494782609,4823.928591692297,7918.22476314698,7918.22476314698,9471.456768184351,6951.632346962437,5247.852051720038,6210.116660550699,6998.4775040555205,4499.750122852766,3244.383485232459,6748.787420344428,5726.088067422654,3006.7251266422277,8490.068538303505,2520.009827945138,6624.89579641805,4887.853278781599,3833.094524091964,4040.1827900415183,8601.43661298064,297.5446894269049,6407.460102515859,6222.479047801922,8508.984861279976
420032413003,10302.520023496307,11758.348963056185,10923.298380606277,8040.267187547231,6992.381893659791,12301.379472127699,5880.082794550166,10545.42234320017,5124.5158893939015,2546.971532076975,7895.515794400291,10145.456327107817,8715.50570989581,9101.604659262806,9551.393647447743,4472.512375955536,9994.309937781694,3044.202396280946,5922.831546751967,8025.639972341615,11146.584742291208,9101.604659262806,6708.750744701812,6450.958513578312,6450.958513578312,6277.705185111209,11339.807087696208,11339.807087696208,11500.88446882769,14346.556765816284,13174.794347044362,11981.952658199929,11008.578377361353,11219.044218484141,11366.018282129291,6123.322102802894,10165.323363354215,10256.451818336303,4811.672371732256,5714.052891790859,17762.511371307715,7482.876432030263,8853.55691573895,10134.379223877138,5676.681114376817,6879.5289865937475,11316.09663738266,10833.387060416484,11283.15976364776,11283.15976364776,10926.908480710963,7586.319208451899,4516.546528090501,9220.964051253724,11247.751195774319,5854.079358538749,2902.9906675559296,2899.5116425044966,6968.02407466507,8762.821414497885,4983.835164490388,4983.835164490388,4878.508808356595,10897.864468939355,10897.864468939355,9879.393715018068,2931.335165729587,2853.0527204002633,9522.597403581682,10310.958247086499,9850.573672797007,4022.9787623674597,8861.50997991055,10557.017651484695,5777.686735531587,11330.386131845087,7950.064768013486,5813.577502385679,7800.560148521833,8368.002694486644,7358.943670217834,10923.298380606277,7035.638990040934,10821.575294160824,8544.34081542756,5167.6107840925515
