GEOID,NAME,total_pop,pop_65_plus,pct_65_plus,no_vehicle_hh,pct_no_vehicle,pop_below_poverty,poverty_rate
420030103011,Block Group 1; Census Tract 103.01; Allegheny County; Pennsylvania,2028,45,2.218934911242604,0,0.0,0,0.0
420030103021,Block Group 1; Census Tract 103.02; Allegheny County; Pennsylvania,3806,0,0.0,0,0.0,23,100.0
420030103022,Block Group 2; Census Tract 103.02; Allegheny County; Pennsylvania,825,50,6.0606060606060606,96,20.77922077922078,295,37.29456384323641
420030201001,Block Group 1; Census Tract 201; Allegheny County; Pennsylvania,1967,163,8.286731062531775,81,14.727272727272728,92,14.374999999999998
420030201002,Block Group 2; Census Tract 201; Allegheny County; Pennsylvania,1142,270,23.642732049036777,410,39.46102021174206,118,10.332749562171628
420030201003,Block Group 3; Census Tract 201; Allegheny County; Pennsylvania,506,8,1.5810276679841897,147,22.306525037936268,148,29.249011857707508
420030201004,Block Group 4; Census Tract 201; Allegheny County; Pennsylvania,59,0,0.0,46,77.96610169491525,46,77.96610169491525
420030201005,Block Group 5; Census Tract 201; Allegheny County; Pennsylvania,636,66,10.37735849056604,194,33.62218370883882,12,1.8867924528301887
420030203001,Block Group 1; Census Tract 203; Allegheny County; Pennsylvania,1471,75,5.098572399728076,87,6.4064801178203234,128,8.701563562202583
420030305001,Block Group 1; Census Tract 305; Allegheny County; Pennsylvania,1322,326,24.659606656580937,270,39.53147877013177,475,35.930408472012104
420030305002,Block Group 2; Census Tract 305; Allegheny County; Pennsylvania,878,151,17.198177676537586,178,29.421487603305785,189,21.526195899772212
420030305003,Block Group 3; Census Tract 305; Allegheny County; Pennsylvania,844,67,7.938388625592417,158,23.61733931240658,325,38.507109004739334
420030402001,Block Group 1; Census Tract 402; Allegheny County; Pennsylvania,812,74,9.113300492610838,121,26.769911504424783,306,52.758620689655174
420030402002,Block Group 2; Census Tract 402; Allegheny County; Pennsylvania,1031,111,10.766246362754607,44,23.655913978494624,350,64.57564575645756
420030404001,Block Group 1; Census Tract 404; Allegheny County; Pennsylvania,366,120,32.78688524590164,38,16.170212765957448,96,30.76923076923077
420030404002,Block Group 2; Census Tract 404; Allegheny County; Pennsylvania,1263,585,46.31828978622328,301,28.97016361886429,212,18.05792163543441
420030405001,Block Group 1; Census Tract 405; Allegheny County; Pennsylvania,1480,26,1.7567567567567568,231,34.94704992435703,901,80.95238095238095
420030405002,Block Group 2; Census Tract 405; Allegheny County; Pennsylvania,1360,75,5.514705882352941,173,27.20125786163522,959,78.93004115226337
420030406001,Block Group 1; Census Tract 406; Allegheny County; Pennsylvania,1143,50,4.374453193350831,163,29.211469534050178,689,60.27996500437446
420030406002,Block Group 2; Census Tract 406; Allegheny County; Pennsylvania,1159,0,0.0,142,29.894736842105264,872,75.23727351164797
420030409001,Block Group 1; Census Tract 409; Allegheny County; Pennsylvania,1360,53,3.897058823529412,223,27.26161369193154,904,69.3783576362241
420030409002,Block Group 2; Census Tract 409; Allegheny County; Pennsylvania,1340,33,2.4626865671641798,77,14.41947565543071,670,51.14503816793893
420030409003,Block Group 3; Census Tract 409; Allegheny County; Pennsylvania,1022,119,11.643835616438356,160,34.18803418803419,410,40.11741682974559
420030501001,Block Group 1; Census Tract 501; Allegheny County; Pennsylvania,819,209,25.51892551892552,342,62.63736263736264,436,53.56265356265356
420030501002,Block Group 2; Census Tract 501; Allegheny County; Pennsylvania,742,136,18.32884097035041,133,26.129666011787812,173,23.31536388140162
420030506001,Block Group 1; Census Tract 506; Allegheny County; Pennsylvania,606,138,22.77227722772277,38,8.983451536643026,171,28.217821782178216
420030506002,Block Group 2; Census Tract 506; Allegheny County; Pennsylvania,1354,269,19.86706056129985,228,34.02985074626866,168,12.40768094534712
420030509001,Block Group 1; Census Tract 509; Allegheny County; Pennsylvania,1380,236,17.101449275362317,565,72.52888318356868,715,51.81159420289855
420030510001,Block Group 1; Census Tract 510; Allegheny County; Pennsylvania,1003,63,6.281156530408774,287,41.294964028776974,374,37.28813559322034
420030510002,Block Group 2; Census Tract 510; Allegheny County; Pennsylvania,1184,104,8.783783783783784,131,58.744394618834086,130,43.47826086956522
420030511001,Block Group 1; Census Tract 511; Allegheny County; Pennsylvania,458,56,12.22707423580786,76,44.97041420118343,355,77.51091703056768
420030603001,Block Group 1; Census Tract 603; Allegheny County; Pennsylvania,891,64,7.182940516273851,93,13.943028485757122,195,21.885521885521886
420030603002,Block Group 2; Census Tract 603; Allegheny County; Pennsylvania,1557,247,15.863840719332048,50,5.01002004008016,161,10.34039820166988
420030605001,Block Group 1; Census Tract 605; Allegheny County; Pennsylvania,720,149,20.694444444444443,88,17.88617886178862,106,14.722222222222223
420030605002,Block Group 2; Census Tract 605; Allegheny County; Pennsylvania,483,129,26.70807453416149,11,2.956989247311828,27,5.590062111801243
420030703001,Block Group 1; Census Tract 703; Allegheny County; Pennsylvania,681,55,8.076358296622614,171,37.01298701298701,40,5.873715124816446
420030703002,Block Group 2; Census Tract 703; Allegheny County; Pennsylvania,639,231,36.15023474178404,132,36.36363636363637,176,34.714003944773175
420030703003,Block Group 3; Census Tract 703; Allegheny County; Pennsylvania,958,176,18.37160751565762,14,3.5532994923857872,199,20.772442588726513
420030705001,Block Group 1; Census Tract 705; Allegheny County; Pennsylvania,1303,79,6.062931696085956,97,13.269493844049247,242,18.57252494244052
420030705002,Block Group 2; Census Tract 705; Allegheny County; Pennsylvania,874,15,1.7162471395881007,71,12.979890310786104,185,21.16704805491991
420030705003,Block Group 3; Census Tract 705; Allegheny County; Pennsylvania,819,29,3.5409035409035408,132,20.91917591125198,95,11.5995115995116
420030706001,Block Group 1; Census Tract 706; Allegheny County; Pennsylvania,776,108,13.917525773195877,54,12.244897959183673,70,9.02061855670103
420030706002,Block Group 2; Census Tract 706; Allegheny County; Pennsylvania,1439,154,10.701876302988186,210,22.12855637513172,279,19.57894736842105
420030708001,Block Group 1; Census Tract 708; Allegheny County; Pennsylvania,1144,129,11.276223776223777,119,13.416009019165728,100,8.741258741258742
420030708002,Block Group 2; Census Tract 708; Allegheny County; Pennsylvania,1386,76,5.483405483405483,124,13.12169312169312,220,15.873015873015872
420030709001,Block Group 1; Census Tract 709; Allegheny County; Pennsylvania,1770,302,17.062146892655367,246,20.230263157894736,360,23.42225113858165
420030709002,Block Group 2; Census Tract 709; Allegheny County; Pennsylvania,477,145,30.398322851153043,112,28.28282828282828,113,23.68972746331237
420030709003,Block Group 3; Census Tract 709; Allegheny County; Pennsylvania,626,142,22.683706070287545,86,20.0,94,16.520210896309315
420030709004,Block Group 4; Census Tract 709; Allegheny County; Pennsylvania,1323,132,9.977324263038549,260,37.68115942028986,392,32.0785597381342
420030802001,Block Group 1; Census Tract 802; Allegheny County; Pennsylvania,1080,158,14.629629629629628,146,23.06477093206951,96,8.88888888888889
420030802002,Block Group 2; Census Tract 802; Allegheny County; Pennsylvania,787,121,15.374841168996186,78,19.45137157107232,65,8.259212198221093
420030804001,Block Group 1; Census Tract 804; Allegheny County; Pennsylvania,992,83,8.366935483870968,77,12.748344370860927,188,18.951612903225808
420030804002,Block Group 2; Census Tract 804; Allegheny County; Pennsylvania,658,22,3.343465045592705,171,42.4317617866005,193,29.331306990881462
420030806001,Block Group 1; Census Tract 806; Allegheny County; Pennsylvania,1234,232,18.80064829821718,106,13.25,84,6.807131280388978
420030806002,Block Group 2; Census Tract 806; Allegheny County; Pennsylvania,658,38,5.775075987841945,118,26.69683257918552,36,5.47112462006079
420030807001,Block Group 1; Census Tract 807; Allegheny County; Pennsylvania,999,100,10.01001001001001,207,34.44259567387687,166,16.616616616616618
420030807002,Block Group 2; Census Tract 807; Allegheny County; Pennsylvania,1035,45,4.3478260869565215,252,33.07086614173229,78,7.587548638132295
420030809001,Block Group 1; Census Tract 809; Allegheny County; Pennsylvania,948,192,20.253164556962027,94,18.54043392504931,121,13.474387527839642
420030809002,Block Group 2; Census Tract 809; Allegheny County; Pennsylvania,1086,54,4.972375690607735,147,20.94017094017094,70,6.445672191528545
420030901001,Block Group 1; Census Tract 901; Allegheny County; Pennsylvania,814,139,17.076167076167074,109,18.600682593856654,76,9.336609336609335
420030901002,Block Group 2; Census Tract 901; Allegheny County; Pennsylvania,1259,95,7.545671167593328,116,15.303430079155673,145,11.517077045274027
420030902001,Block Group 1; Census Tract 902; Allegheny County; Pennsylvania,960,184,19.166666666666668,180,29.605263157894733,204,21.25
420030902002,Block Group 2; Census Tract 902; Allegheny County; Pennsylvania,1063,245,23.047977422389465,67,10.702875399361025,68,7.112970711297072
420030902003,Block Group 3; Census Tract 902; Allegheny County; Pennsylvania,634,252,39.74763406940063,83,23.579545454545457,71,14.43089430894309
420030903001,Block Group 1; Census Tract 903; Allegheny County; Pennsylvania,633,157,24.80252764612954,139,28.659793814432987,82,12.954186413902052
420030903002,Block Group 2; Census Tract 903; Allegheny County; Pennsylvania,840,63,7.5,36,7.243460764587525,61,7.261904761904763
420031005001,Block Group 1; Census Tract 1005; Allegheny County; Pennsylvania,735,294,40.0,92,28.57142857142857,133,19.444444444444446
420031005002,Block Group 2; Census Tract 1005; Allegheny County; Pennsylvania,1288,242,18.7888198757764,98,16.44295302013423,190,14.82059282371295
420031011001,Block Group 1; Census Tract 1011; Allegheny County; Pennsylvania,1703,155,9.1015854374633,93,10.508474576271183,246,14.45358401880141
420031011002,Block Group 2; Census Tract 1011; Allegheny County; Pennsylvania,308,44,14.285714285714285,9,3.225806451612903,91,29.545454545454547
420031011003,Block Group 3; Census Tract 1011; Allegheny County; Pennsylvania,526,81,15.399239543726235,14,4.375,69,13.11787072243346
420031014001,Block Group 1; Census Tract 1014; Allegheny County; Pennsylvania,1302,169,12.980030721966209,175,26.35542168674699,32,2.498048399687744
420031014002,Block Group 2; Census Tract 1014; Allegheny County; Pennsylvania,558,85,15.232974910394264,9,3.3707865168539324,0,0.0
420031014003,Block Group 3; Census Tract 1014; Allegheny County; Pennsylvania,628,108,17.197452229299362,43,12.647058823529411,80,12.738853503184714
420031014004,Block Group 4; Census Tract 1014; Allegheny County; Pennsylvania,813,180,22.14022140221402,17,4.5822102425876015,8,0.984009840098401
420031018001,Block Group 1; Census Tract 1018; Allegheny County; Pennsylvania,1186,232,19.561551433389543,20,3.656307129798903,17,1.527403414195867
420031018002,Block Group 2; Census Tract 1018; Allegheny County; Pennsylvania,1346,311,23.105497771173848,54,6.741573033707865,95,7.057949479940564
420031019001,Block Group 1; Census Tract 1019; Allegheny County; Pennsylvania,806,100,12.40694789081886,109,27.94871794871795,338,41.935483870967744
420031019002,Block Group 2; Census Tract 1019; Allegheny County; Pennsylvania,1041,59,5.667627281460135,13,2.5193798449612403,61,5.859750240153699
420031019003,Block Group 3; Census Tract 1019; Allegheny County; Pennsylvania,851,142,16.686251468860164,50,12.34567901234568,240,28.202115158636897
420031102001,Block Group 1; Census Tract 1102; Allegheny County; Pennsylvania,860,149,17.325581395348838,26,5.306122448979592,14,1.627906976744186
420031102002,Block Group 2; Census Tract 1102; Allegheny County; Pennsylvania,759,32,4.216073781291173,21,4.708520179372197,21,2.766798418972332
420031102003,Block Group 3; Census Tract 1102; Allegheny County; Pennsylvania,769,125,16.25487646293888,29,6.236559139784946,20,2.600780234070221
420031102004,Block Group 4; Census Tract 1102; Allegheny County; Pennsylvania,1666,207,12.424969987995198,93,9.989258861439312,87,5.231509320505111
420031106001,Block Group 1; Census Tract 1106; Allegheny County; Pennsylvania,726,100,13.774104683195592,71,18.83289124668435,41,5.647382920110193
420031106002,Block Group 2; Census Tract 1106; Allegheny County; Pennsylvania,931,208,22.341568206229866,17,4.485488126649076,56,6.015037593984962
420031106003,Block Group 3; Census Tract 1106; Allegheny County; Pennsylvania,689,57,8.272859216255442,40,11.11111111111111,66,9.57910014513788
420031113001,Block Group 1; Census Tract 1113; Allegheny County; Pennsylvania,952,94,9.873949579831931,95,20.1271186440678,24,2.5210084033613445
420031113002,Block Group 2; Census Tract 1113; Allegheny County; Pennsylvania,584,172,29.45205479452055,41,14.642857142857144,21,4.615384615384616
420031113003,Block Group 3; Census Tract 1113; Allegheny County; Pennsylvania,699,11,1.5736766809728182,145,34.441805225653205,144,20.600858369098713
420031113004,Block Group 4; Census Tract 1113; Allegheny County; Pennsylvania,550,62,11.272727272727272,64,17.92717086834734,72,14.87603305785124
420031114001,Block Group 1; Census Tract 1114; Allegheny County; Pennsylvania,697,90,12.91248206599713,109,31.05413105413105,31,4.447632711621234
420031114002,Block Group 2; Census Tract 1114; Allegheny County; Pennsylvania,605,102,16.859504132231404,73,18.25,138,22.8099173553719
420031115001,Block Group 1; Census Tract 1115; Allegheny County; Pennsylvania,1188,256,21.548821548821547,362,34.312796208530806,195,16.414141414141415
420031115002,Block Group 2; Census Tract 1115; Allegheny County; Pennsylvania,1373,90,6.5549890750182085,255,25.967413441955195,309,22.505462490895848
420031115003,Block Group 3; Census Tract 1115; Allegheny County; Pennsylvania,667,79,11.84407796101949,122,25.902335456475583,0,0.0
420031203001,Block Group 1; Census Tract 1203; Allegheny County; Pennsylvania,1551,112,7.221147646679562,148,29.365079365079367,264,17.02127659574468
420031203002,Block Group 2; Census Tract 1203; Allegheny County; Pennsylvania,542,170,31.365313653136536,80,22.727272727272727,296,54.61254612546126
420031209001,Block Group 1; Census Tract 1209; Allegheny County; Pennsylvania,532,123,23.1203007518797,49,14.244186046511627,199,37.97709923664122
420031209002,Block Group 2; Census Tract 1209; Allegheny County; Pennsylvania,1042,233,22.36084452975048,208,44.44444444444444,396,42.857142857142854
420031302001,Block Group 1; Census Tract 1302; Allegheny County; Pennsylvania,739,149,20.16238159675237,17,5.647840531561462,61,8.815028901734104
420031302002,Block Group 2; Census Tract 1302; Allegheny County; Pennsylvania,422,112,26.54028436018957,41,14.13793103448276,228,54.02843601895735
420031306001,Block Group 1; Census Tract 1306; Allegheny County; Pennsylvania,903,191,21.15171650055371,158,28.6231884057971,355,39.31339977851606
420031306002,Block Group 2; Census Tract 1306; Allegheny County; Pennsylvania,2602,235,9.0315142198309,331,35.78378378378378,1351,51.92159877017679
420031307001,Block Group 1; Census Tract 1307; Allegheny County; Pennsylvania,676,56,8.284023668639055,139,37.26541554959786,318,47.0414201183432
420031307002,Block Group 2; Census Tract 1307; Allegheny County; Pennsylvania,796,210,26.38190954773869,165,25.11415525114155,152,19.09547738693467
420031307003,Block Group 3; Census Tract 1307; Allegheny County; Pennsylvania,596,271,45.46979865771812,139,32.70588235294118,248,41.75084175084175
420031308001,Block Group 1; Census Tract 1308; Allegheny County; Pennsylvania,825,165,20.0,106,18.962432915921287,181,21.939393939393938
420031308002,Block Group 2; Census Tract 1308; Allegheny County; Pennsylvania,765,192,25.098039215686278,188,25.683060109289617,475,62.091503267973856
420031308003,Block Group 3; Census Tract 1308; Allegheny County; Pennsylvania,587,32,5.45144804088586,90,36.14457831325301,135,22.998296422487225
420031401001,Block Group 1; Census Tract 1401; Allegheny County; Pennsylvania,3596,284,7.897664071190211,130,20.50473186119874,236,18.423106947697114
420031401002,Block Group 2; Census Tract 1401; Allegheny County; Pennsylvania,2522,229,9.080095162569387,35,7.157464212678937,109,7.950401167031364
420031401003,Block Group 3; Census Tract 1401; Allegheny County; Pennsylvania,0,0,0.0,0,0.0,0,0.0
420031402001,Block Group 1; Census Tract 1402; Allegheny County; Pennsylvania,1145,101,8.820960698689955,24,11.059907834101384,49,8.672566371681416
420031402002,Block Group 2; Census Tract 1402; Allegheny County; Pennsylvania,1323,113,8.54119425547997,216,30.59490084985836,402,30.616907844630614
420031403001,Block Group 1; Census Tract 1403; Allegheny County; Pennsylvania,858,144,16.783216783216783,27,7.5418994413407825,64,7.459207459207459
420031403002,Block Group 2; Census Tract 1403; Allegheny County; Pennsylvania,918,251,27.342047930283226,14,3.878116343490305,4,0.4357298474945534
420031403003,Block Group 3; Census Tract 1403; Allegheny County; Pennsylvania,517,76,14.70019342359768,9,3.214285714285714,97,18.762088974854933
420031403004,Block Group 4; Census Tract 1403; Allegheny County; Pennsylvania,130,33,25.384615384615383,0,0.0,91,70.0
420031403005,Block Group 5; Census Tract 1403; Allegheny County; Pennsylvania,982,223,22.70875763747454,89,19.646799116997794,113,11.507128309572302
420031404001,Block Group 1; Census Tract 1404; Allegheny County; Pennsylvania,697,126,18.077474892395983,6,1.8808777429467085,70,10.043041606886657
420031404002,Block Group 2; Census Tract 1404; Allegheny County; Pennsylvania,554,229,41.33574007220216,3,1.2711864406779665,6,1.083032490974729
420031404003,Block Group 3; Census Tract 1404; Allegheny County; Pennsylvania,1003,166,16.550348953140578,8,2.010050251256281,51,5.084745762711865
420031405001,Block Group 1; Census Tract 1405; Allegheny County; Pennsylvania,371,97,26.1455525606469,22,6.508875739644971,39,10.512129380053908
420031405002,Block Group 2; Census Tract 1405; Allegheny County; Pennsylvania,1513,195,12.888301387970918,92,10.244988864142538,87,5.811623246492986
420031408001,Block Group 1; Census Tract 1408; Allegheny County; Pennsylvania,1957,473,24.169647419519677,42,5.5482166446499335,66,3.372508942258559
420031408002,Block Group 2; Census Tract 1408; Allegheny County; Pennsylvania,2162,192,8.880666049953746,114,14.652956298200516,221,10.464015151515152
420031408003,Block Group 3; Census Tract 1408; Allegheny County; Pennsylvania,800,160,20.0,188,41.77777777777778,150,18.75
420031411001,Block Group 1; Census Tract 1411; Allegheny County; Pennsylvania,1432,294,20.53072625698324,6,0.9724473257698544,66,4.608938547486034
420031412001,Block Group 1; Census Tract 1412; Allegheny County; Pennsylvania,0,0,0.0,0,0.0,0,0.0
420031412002,Block Group 2; Census Tract 1412; Allegheny County; Pennsylvania,2746,729,26.54770575382374,116,8.64381520119225,223,8.162518301610541
420031412003,Block Group 3; Census Tract 1412; Allegheny County; Pennsylvania,1335,188,14.082397003745315,6,1.0452961672473868,84,6.292134831460674
420031413001,Block Group 1; Census Tract 1413; Allegheny County; Pennsylvania,1459,256,17.546264564770393,374,46.11590628853268,417,28.58122001370802
420031413002,Block Group 2; Census Tract 1413; Allegheny County; Pennsylvania,2086,348,16.682646212847555,124,14.285714285714285,621,29.769894534995206
420031413003,Block Group 3; Census Tract 1413; Allegheny County; Pennsylvania,1591,465,29.226901319924576,170,24.147727272727277,387,29.429657794676807
420031414001,Block Group 1; Census Tract 1414; Allegheny County; Pennsylvania,707,181,25.601131541725604,33,8.418367346938775,21,2.9702970297029703
420031414002,Block Group 2; Census Tract 1414; Allegheny County; Pennsylvania,550,137,24.90909090909091,0,0.0,14,2.5454545454545454
420031414003,Block Group 3; Census Tract 1414; Allegheny County; Pennsylvania,996,134,13.453815261044175,23,5.122494432071269,55,5.522088353413655
420031414004,Block Group 4; Census Tract 1414; Allegheny County; Pennsylvania,1976,508,25.708502024291494,135,11.538461538461538,182,9.811320754716983
420031414005,Block Group 5; Census Tract 1414; Allegheny County; Pennsylvania,768,135,17.578125,292,44.17549167927383,223,29.036458333333332
420031516001,Block Group 1; Census Tract 1516; Allegheny County; Pennsylvania,1217,266,21.857025472473296,100,12.77139208173691,63,5.1766639276910436
420031516002,Block Group 2; Census Tract 1516; Allegheny County; Pennsylvania,1208,205,16.97019867549669,60,9.917355371900827,96,7.9470198675496695
420031517001,Block Group 1; Census Tract 1517; Allegheny County; Pennsylvania,1366,106,7.759882869692533,172,22.872340425531917,278,20.351390922401173
420031517002,Block Group 2; Census Tract 1517; Allegheny County; Pennsylvania,685,22,3.2116788321167884,21,7.046979865771812,82,11.97080291970803
420031517003,Block Group 3; Census Tract 1517; Allegheny County; Pennsylvania,461,112,24.295010845986983,21,7.954545454545454,54,11.713665943600867
420031517004,Block Group 4; Census Tract 1517; Allegheny County; Pennsylvania,535,164,30.65420560747664,22,8.979591836734693,17,3.177570093457944
420031517005,Block Group 5; Census Tract 1517; Allegheny County; Pennsylvania,881,330,37.457434733257664,136,24.24242424242424,138,15.664018161180476
420031517006,Block Group 6; Census Tract 1517; Allegheny County; Pennsylvania,991,138,13.925327951564077,115,25.10917030567685,16,1.6145307769929365
420031608001,Block Group 1; Census Tract 1608; Allegheny County; Pennsylvania,1558,201,12.901155327342748,205,20.37773359840954,369,23.684210526315788
420031608002,Block Group 2; Census Tract 1608; Allegheny County; Pennsylvania,776,74,9.536082474226804,0,0.0,58,7.474226804123711
420031609001,Block Group 1; Census Tract 1609; Allegheny County; Pennsylvania,1492,117,7.841823056300267,156,16.810344827586206,290,19.43699731903485
420031609002,Block Group 2; Census Tract 1609; Allegheny County; Pennsylvania,1071,194,18.11391223155929,211,24.506387921022068,197,18.39402427637722
420031609003,Block Group 3; Census Tract 1609; Allegheny County; Pennsylvania,740,13,1.7567567567567568,13,2.9213483146067416,71,9.594594594594595
420031610001,Block Group 1; Census Tract 1610; Allegheny County; Pennsylvania,2902,322,11.09579600275672,262,19.610778443113773,662,22.8118538938663
420031702001,Block Group 1; Census Tract 1702; Allegheny County; Pennsylvania,737,105,14.246947082767978,88,18.96551724137931,207,28.08683853459973
420031702002,Block Group 2; Census Tract 1702; Allegheny County; Pennsylvania,835,83,9.940119760479044,0,0.0,249,29.820359281437124
420031702003,Block Group 3; Census Tract 1702; Allegheny County; Pennsylvania,970,48,4.948453608247423,81,11.60458452722063,338,34.845360824742265
420031702004,Block Group 4; Census Tract 1702; Allegheny County; Pennsylvania,1340,65,4.850746268656716,27,3.562005277044855,367,27.38805970149254
420031706001,Block Group 1; Census Tract 1706; Allegheny County; Pennsylvania,1008,109,10.813492063492063,102,13.545816733067728,120,11.904761904761903
420031706002,Block Group 2; Census Tract 1706; Allegheny County; Pennsylvania,622,91,14.630225080385854,80,22.988505747126435,205,33.49673202614379
420031803001,Block Group 1; Census Tract 1803; Allegheny County; Pennsylvania,1252,140,11.182108626198085,130,17.402945113788487,358,28.594249201277954
420031803002,Block Group 2; Census Tract 1803; Allegheny County; Pennsylvania,462,70,15.151515151515152,106,37.99283154121864,55,11.904761904761903
420031803003,Block Group 3; Census Tract 1803; Allegheny County; Pennsylvania,252,56,22.22222222222222,51,19.245283018867926,77,30.555555555555557
420031807001,Block Group 1; Census Tract 1807; Allegheny County; Pennsylvania,485,49,10.103092783505154,4,1.25,23,4.742268041237113
420031807002,Block Group 2; Census Tract 1807; Allegheny County; Pennsylvania,541,115,21.256931608133087,26,9.252669039145909,88,16.266173752310536
420031807003,Block Group 3; Census Tract 1807; Allegheny County; Pennsylvania,1233,122,9.89456609894566,107,20.537428023032632,316,25.838103025347507
420031903001,Block Group 1; Census Tract 1903; Allegheny County; Pennsylvania,1132,219,19.346289752650176,20,3.048780487804878,49,4.328621908127209
420031903002,Block Group 2; Census Tract 1903; Allegheny County; Pennsylvania,781,181,23.175416133162614,34,6.488549618320611,21,2.6888604353393086
420031911001,Block Group 1; Census Tract 1911; Allegheny County; Pennsylvania,747,97,12.985274431057563,23,4.609218436873747,95,12.717536813922356
420031911002,Block Group 2; Census Tract 1911; Allegheny County; Pennsylvania,1529,530,34.66317854807063,87,9.0625,98,6.409417920209287
420031914001,Block Group 1; Census Tract 1914; Allegheny County; Pennsylvania,1235,239,19.35222672064777,206,21.54811715481172,150,12.145748987854251
420031914002,Block Group 2; Census Tract 1914; Allegheny County; Pennsylvania,1194,96,8.040201005025125,139,16.5083135391924,131,10.971524288107203
420031915001,Block Group 1; Census Tract 1915; Allegheny County; Pennsylvania,357,85,23.809523809523807,11,4.198473282442748,52,14.565826330532214
420031915002,Block Group 2; Census Tract 1915; Allegheny County; Pennsylvania,1638,188,11.477411477411476,77,9.390243902439025,192,11.72161172161172
420031916001,Block Group 1; Census Tract 1916; Allegheny County; Pennsylvania,740,366,49.45945945945946,52,10.297029702970296,6,0.8108108108108109
420031916002,Block Group 2; Census Tract 1916; Allegheny County; Pennsylvania,965,141,14.61139896373057,0,0.0,77,7.979274611398964
420031916003,Block Group 3; Census Tract 1916; Allegheny County; Pennsylvania,757,89,11.756935270805812,76,22.551928783382788,189,24.9669749009247
420031916004,Block Group 4; Census Tract 1916; Allegheny County; Pennsylvania,556,93,16.72661870503597,33,11.619718309859154,104,18.705035971223023
420031916005,Block Group 5; Census Tract 1916; Allegheny County; Pennsylvania,1058,143,13.516068052930056,33,6.088560885608856,89,8.412098298676748
420031917001,Block Group 1; Census Tract 1917; Allegheny County; Pennsylvania,1945,377,19.383033419023132,64,6.25,124,6.378600823045268
420031917002,Block Group 2; Census Tract 1917; Allegheny County; Pennsylvania,1482,137,9.244264507422402,29,4.715447154471545,129,8.704453441295547
420031918001,Block Group 1; Census Tract 1918; Allegheny County; Pennsylvania,785,137,17.452229299363058,73,13.468634686346864,125,15.92356687898089
420031918002,Block Group 2; Census Tract 1918; Allegheny County; Pennsylvania,354,69,19.491525423728813,15,5.639097744360902,20,5.649717514124294
420031918003,Block Group 3; Census Tract 1918; Allegheny County; Pennsylvania,750,32,4.266666666666667,9,2.960526315789473,4,0.5333333333333333
420031918004,Block Group 4; Census Tract 1918; Allegheny County; Pennsylvania,802,151,18.82793017456359,21,5.753424657534247,119,14.83790523690773
420031918005,Block Group 5; Census Tract 1918; Allegheny County; Pennsylvania,848,45,5.306603773584905,112,32.94117647058823,277,32.66509433962264
420031918006,Block Group 6; Census Tract 1918; Allegheny County; Pennsylvania,897,341,38.01560758082497,0,0.0,14,1.560758082497213
420031918007,Block Group 7; Census Tract 1918; Allegheny County; Pennsylvania,670,313,46.71641791044776,113,30.376344086021508,14,2.0895522388059704
420031919001,Block Group 1; Census Tract 1919; Allegheny County; Pennsylvania,719,229,31.84979137691238,28,6.1946902654867255,82,11.404728789986091
420031919002,Block Group 2; Census Tract 1919; Allegheny County; Pennsylvania,942,116,12.314225053078555,52,13.541666666666666,103,10.934182590233545
420031919003,Block Group 3; Census Tract 1919; Allegheny County; Pennsylvania,498,135,27.10843373493976,20,7.782101167315175,110,22.08835341365462
420031920001,Block Group 1; Census Tract 1920; Allegheny County; Pennsylvania,798,130,16.290726817042607,99,24.688279301745634,55,6.8922305764411025
420031920002,Block Group 2; Census Tract 1920; Allegheny County; Pennsylvania,354,190,53.6723163841808,39,17.25663716814159,38,11.343283582089553
420031920003,Block Group 3; Census Tract 1920; Allegheny County; Pennsylvania,669,54,8.071748878923767,9,3.202846975088968,22,3.43213728549142
420031920004,Block Group 4; Census Tract 1920; Allegheny County; Pennsylvania,1189,170,14.297729184188391,70,14.227642276422763,25,2.1026072329688814
420031920005,Block Group 5; Census Tract 1920; Allegheny County; Pennsylvania,561,116,20.677361853832444,26,7.761194029850746,116,20.677361853832444
420032022001,Block Group 1; Census Tract 2022; Allegheny County; Pennsylvania,1113,176,15.813117699910151,96,14.15929203539823,191,17.16082659478886
420032022002,Block Group 2; Census Tract 2022; Allegheny County; Pennsylvania,628,59,9.394904458598727,77,35.483870967741936,161,25.636942675159236
420032022003,Block Group 3; Census Tract 2022; Allegheny County; Pennsylvania,807,75,9.293680297397769,9,2.0,30,3.717472118959108
420032023001,Block Group 1; Census Tract 2023; Allegheny County; Pennsylvania,565,69,12.212389380530974,28,7.629427792915531,33,5.84070796460177
420032023002,Block Group 2; Census Tract 2023; Allegheny County; Pennsylvania,1169,225,19.24721984602224,11,1.5691868758915837,64,5.474764756201882
420032023003,Block Group 3; Census Tract 2023; Allegheny County; Pennsylvania,997,209,20.962888665997998,0,0.0,46,5.139664804469274
420032023004,Block Group 4; Census Tract 2023; Allegheny County; Pennsylvania,946,102,10.782241014799157,35,5.247376311844078,206,21.775898520084567
420032413001,Block Group 1; Census Tract 2413; Allegheny County; Pennsylvania,1563,149,9.532949456174023,195,19.67709384460141,51,3.262955854126679
420032413002,Block Group 2; Census Tract 2413; Allegheny County; Pennsylvania,983,123,12.512716174974567,107,16.69266770670827,220,22.380467955239062
420032413003,Block Group 3; Census Tract 2413; Allegheny County; Pennsylvania,912,154,16.885964912280702,41,7.02054794520548,138,15.131578947368421
420032509001,Block Group 1; Census Tract 2509; Allegheny County; Pennsylvania,922,60,6.507592190889371,188,42.63038548752834,234,25.379609544468547
420032509002,Block Group 2; Census Tract 2509; Allegheny County; Pennsylvania,346,52,15.028901734104046,34,12.87878787878788,31,8.959537572254336
420032602001,Block Group 1; Census Tract 2602; Allegheny County; Pennsylvania,397,32,8.060453400503778,17,7.87037037037037,5,1.2594458438287155
420032602002,Block Group 2; Census Tract 2602; Allegheny County; Pennsylvania,1770,281,15.875706214689266,127,15.56372549019608,332,19.279907084785133
420032607001,Block Group 1; Census Tract 2607; Allegheny County; Pennsylvania,467,76,16.274089935760173,28,8.722741433021806,93,19.914346895074946
420032607002,Block Group 2; Census Tract 2607; Allegheny County; Pennsylvania,1151,137,11.902693310165075,46,9.484536082474229,93,8.079930495221546
420032613001,Block Group 1; Census Tract 2613; Allegheny County; Pennsylvania,1896,65,3.4282700421940926,273,55.04032258064516,1187,63.54389721627409
420032613002,Block Group 2; Census Tract 2613; Allegheny County; Pennsylvania,1100,310,28.18181818181818,65,11.711711711711713,72,6.545454545454546
420032614001,Block Group 1; Census Tract 2614; Allegheny County; Pennsylvania,599,86,14.357262103505844,30,11.40684410646388,189,31.552587646076795
420032614002,Block Group 2; Census Tract 2614; Allegheny County; Pennsylvania,316,87,27.531645569620256,30,12.0,30,9.49367088607595
420032614003,Block Group 3; Census Tract 2614; Allegheny County; Pennsylvania,655,64,9.770992366412214,45,15.100671140939598,214,32.671755725190835
420032614004,Block Group 4; Census Tract 2614; Allegheny County; Pennsylvania,604,263,43.54304635761589,45,11.508951406649617,134,25.235404896421848
420032615001,Block Group 1; Census Tract 2615; Allegheny County; Pennsylvania,1201,158,13.155703580349709,100,24.69135802469136,119,10.162254483347565
420032615002,Block Group 2; Census Tract 2615; Allegheny County; Pennsylvania,670,90,13.432835820895525,103,25.432098765432094,127,19.242424242424242
420032620001,Block Group 1; Census Tract 2620; Allegheny County; Pennsylvania,1145,352,30.74235807860262,131,17.654986522911052,108,10.018552875695732
420032620002,Block Group 2; Census Tract 2620; Allegheny County; Pennsylvania,493,121,24.543610547667345,120,54.54545454545454,191,47.63092269326683
420032620003,Block Group 3; Census Tract 2620; Allegheny County; Pennsylvania,828,74,8.937198067632849,42,12.316715542521994,384,46.3768115942029
420032701001,Block Group 1; Census Tract 2701; Allegheny County; Pennsylvania,1315,386,29.35361216730038,124,17.68901569186876,74,5.6316590563165905
420032701002,Block Group 2; Census Tract 2701; Allegheny County; Pennsylvania,1144,247,21.59090909090909,53,8.688524590163935,36,3.163444639718805
420032703001,Block Group 1; Census Tract 2703; Allegheny County; Pennsylvania,1349,204,15.122312824314308,188,28.70229007633588,137,10.277569392348088
420032703002,Block Group 2; Census Tract 2703; Allegheny County; Pennsylvania,864,75,8.680555555555555,153,40.47619047619048,152,17.59259259259259
420032708001,Block Group 1; Census Tract 2708; Allegheny County; Pennsylvania,482,115,23.858921161825727,36,12.587412587412588,3,0.6944444444444444
420032708002,Block Group 2; Census Tract 2708; Allegheny County; Pennsylvania,1022,187,18.297455968688844,71,12.724014336917564,160,15.655577299412915
420032708003,Block Group 3; Census Tract 2708; Allegheny County; Pennsylvania,871,123,14.121699196326064,46,8.409506398537477,82,9.414466130884042
420032716001,Block Group 1; Census Tract 2716; Allegheny County; Pennsylvania,381,92,24.146981627296583,33,18.64406779661017,15,3.937007874015748
420032716002,Block Group 2; Census Tract 2716; Allegheny County; Pennsylvania,1329,92,6.922498118886381,298,44.74474474474475,237,17.83295711060948
420032716003,Block Group 3; Census Tract 2716; Allegheny County; Pennsylvania,1243,90,7.240547063555914,88,15.251299826689774,507,40.78841512469831
420032716004,Block Group 4; Census Tract 2716; Allegheny County; Pennsylvania,1357,351,25.865880619012525,234,27.43259085580305,255,18.79145173176124
420032814001,Block Group 1; Census Tract 2814; Allegheny County; Pennsylvania,841,101,12.009512485136742,12,2.6490066225165565,84,9.988109393579073
420032814002,Block Group 2; Census Tract 2814; Allegheny County; Pennsylvania,1630,193,11.840490797546012,188,26.111111111111114,716,43.92638036809816
420032815001,Block Group 1; Census Tract 2815; Allegheny County; Pennsylvania,533,25,4.690431519699812,7,3.0973451327433628,76,14.258911819887429
420032815002,Block Group 2; Census Tract 2815; Allegheny County; Pennsylvania,947,146,15.417106652587115,83,19.904076738609117,171,18.057022175290392
420032901001,Block Group 1; Census Tract 2901; Allegheny County; Pennsylvania,397,126,31.738035264483628,63,21.14093959731544,90,22.670025188916874
420032901002,Block Group 2; Census Tract 2901; Allegheny County; Pennsylvania,534,96,17.97752808988764,49,17.375886524822697,114,21.34831460674157
420032901003,Block Group 3; Census Tract 2901; Allegheny County; Pennsylvania,910,98,10.76923076923077,67,18.010752688172044,141,15.494505494505495
420032902001,Block Group 1; Census Tract 2902; Allegheny County; Pennsylvania,500,124,24.8,40,12.658227848101266,175,35.0
420032902002,Block Group 2; Census Tract 2902; Allegheny County; Pennsylvania,1123,162,14.425645592163846,373,48.12903225806451,291,25.91273374888691
420032902003,Block Group 3; Census Tract 2902; Allegheny County; Pennsylvania,653,185,28.33078101071976,0,0.0,9,1.3782542113323124
420032902004,Block Group 4; Census Tract 2902; Allegheny County; Pennsylvania,955,178,18.638743455497384,127,37.91044776119403,111,11.62303664921466
420032902005,Block Group 5; Census Tract 2902; Allegheny County; Pennsylvania,1037,191,18.418514946962397,54,13.399503722084368,365,35.197685631629696
420032904001,Block Group 1; Census Tract 2904; Allegheny County; Pennsylvania,1194,142,11.892797319933,120,17.883755588673623,241,20.35472972972973
420032904002,Block Group 2; Census Tract 2904; Allegheny County; Pennsylvania,1580,241,15.253164556962028,72,10.419681620839365,224,14.554905782975958
420032904003,Block Group 3; Census Tract 2904; Allegheny County; Pennsylvania,537,137,25.512104283054004,67,18.66295264623956,87,16.201117318435752
420032904004,Block Group 4; Census Tract 2904; Allegheny County; Pennsylvania,646,161,24.922600619195045,120,25.210084033613445,89,13.777089783281735
420033001001,Block Group 1; Census Tract 3001; Allegheny County; Pennsylvania,1456,251,17.23901098901099,112,21.21212121212121,92,6.318681318681318
420033001002,Block Group 2; Census Tract 3001; Allegheny County; Pennsylvania,930,40,4.301075268817205,125,38.109756097560975,532,57.204301075268816
420033001003,Block Group 3; Census Tract 3001; Allegheny County; Pennsylvania,801,28,3.495630461922597,129,37.5,258,32.20973782771536
420033001004,Block Group 4; Census Tract 3001; Allegheny County; Pennsylvania,523,67,12.810707456978967,0,0.0,40,7.648183556405354
420033001005,Block Group 5; Census Tract 3001; Allegheny County; Pennsylvania,478,77,16.10878661087866,61,21.785714285714285,16,3.3472803347280333
420033102001,Block Group 1; Census Tract 3102; Allegheny County; Pennsylvania,787,111,14.104193138500634,0,0.0,93,11.81702668360864
420033102002,Block Group 2; Census Tract 3102; Allegheny County; Pennsylvania,1694,405,23.907910271546637,71,8.217592592592593,228,13.523131672597867
420033102003,Block Group 3; Census Tract 3102; Allegheny County; Pennsylvania,791,157,19.84829329962073,30,8.04289544235925,139,17.572692793931733
420033204001,Block Group 1; Census Tract 3204; Allegheny County; Pennsylvania,787,232,29.47903430749682,16,4.790419161676647,72,9.375
420033204002,Block Group 2; Census Tract 3204; Allegheny County; Pennsylvania,1059,233,22.001888574126536,53,8.745874587458747,155,14.636449480642117
420033206001,Block Group 1; Census Tract 3206; Allegheny County; Pennsylvania,1073,47,4.380242311276794,29,6.277056277056277,102,9.50605778191985
420033206002,Block Group 2; Census Tract 3206; Allegheny County; Pennsylvania,1159,314,27.092320966350304,11,1.779935275080906,125,10.785159620362382
420033207001,Block Group 1; Census Tract 3207; Allegheny County; Pennsylvania,1462,223,15.253077975376195,15,2.4311183144246358,33,2.2571819425444595
420033207002,Block Group 2; Census Tract 3207; Allegheny County; Pennsylvania,418,55,13.157894736842104,43,22.5130890052356,58,13.875598086124402
420034011001,Block Group 1; Census Tract 4011; Allegheny County; Pennsylvania,1311,282,21.51029748283753,18,2.995008319467554,156,11.899313501144166
420034011002,Block Group 2; Census Tract 4011; Allegheny County; Pennsylvania,1348,489,36.2759643916914,23,4.204753199268739,7,0.5192878338278931
420034011003,Block Group 3; Census Tract 4011; Allegheny County; Pennsylvania,751,397,52.86284953395472,13,2.9345372460496613,85,11.318242343541945
420034011004,Block Group 4; Census Tract 4011; Allegheny County; Pennsylvania,1039,89,8.565928777670837,29,5.206463195691203,85,8.349705304518663
420034012001,Block Group 1; Census Tract 4012; Allegheny County; Pennsylvania,486,95,19.54732510288066,20,5.9171597633136095,61,12.551440329218108
420034012002,Block Group 2; Census Tract 4012; Allegheny County; Pennsylvania,1075,182,16.930232558139537,172,28.24302134646962,324,30.13953488372093
420034012003,Block Group 3; Census Tract 4012; Allegheny County; Pennsylvania,447,52,11.6331096196868,47,11.163895486935866,49,10.961968680089486
420034012004,Block Group 4; Census Tract 4012; Allegheny County; Pennsylvania,804,80,9.950248756218906,23,5.912596401028278,60,7.462686567164178
420034013001,Block Group 1; Census Tract 4013; Allegheny County; Pennsylvania,1530,303,19.80392156862745,45,7.097791798107256,63,4.117647058823529
420034013002,Block Group 2; Census Tract 4013; Allegheny County; Pennsylvania,617,56,9.076175040518638,0,0.0,147,23.824959481361425
420034013003,Block Group 3; Census Tract 4013; Allegheny County; Pennsylvania,698,181,25.931232091690543,0,0.0,31,4.71841704718417
420034020001,Block Group 1; Census Tract 4020; Allegheny County; Pennsylvania,463,214,46.220302375809936,10,4.329004329004329,5,1.2953367875647668
420034020002,Block Group 2; Census Tract 4020; Allegheny County; Pennsylvania,670,65,9.701492537313433,10,3.3670033670033668,5,0.7949125596184419
420034020003,Block Group 3; Census Tract 4020; Allegheny County; Pennsylvania,992,230,23.18548387096774,105,16.030534351145036,129,13.004032258064516
420034020004,Block Group 4; Census Tract 4020; Allegheny County; Pennsylvania,1089,166,15.243342516069788,162,26.384364820846905,184,16.89623507805326
420034035001,Block Group 1; Census Tract 4035; Allegheny County; Pennsylvania,1295,328,25.328185328185327,184,34.137291280148425,359,27.722007722007724
420034035002,Block Group 2; Census Tract 4035; Allegheny County; Pennsylvania,667,138,20.689655172413797,0,0.0,33,4.94752623688156
420034035003,Block Group 3; Census Tract 4035; Allegheny County; Pennsylvania,1048,102,9.732824427480915,86,16.380952380952383,150,14.31297709923664
420034035004,Block Group 4; Census Tract 4035; Allegheny County; Pennsylvania,733,197,26.875852660300136,198,39.130434782608695,279,38.062755798090045
420034035005,Block Group 5; Census Tract 4035; Allegheny County; Pennsylvania,585,148,25.299145299145295,22,4.435483870967742,24,4.102564102564102
420034040001,Block Group 1; Census Tract 4040; Allegheny County; Pennsylvania,1438,207,14.394993045897078,42,5.461638491547465,210,14.767932489451477
420034050001,Block Group 1; Census Tract 4050; Allegheny County; Pennsylvania,1099,223,20.291173794358507,18,3.481624758220503,70,6.369426751592357
420034060001,Block Group 1; Census Tract 4060; Allegheny County; Pennsylvania,1853,306,16.51376146788991,19,2.493438320209974,175,9.444144630329196
420034060002,Block Group 2; Census Tract 4060; Allegheny County; Pennsylvania,436,157,36.00917431192661,0,0.0,28,6.422018348623854
420034070011,Block Group 1; Census Tract 4070.01; Allegheny County; Pennsylvania,546,111,20.32967032967033,39,15.294117647058824,0,0.0
420034070012,Block Group 2; Census Tract 4070.01; Allegheny County; Pennsylvania,1089,165,15.151515151515152,0,0.0,90,8.264462809917356
420034070013,Block Group 3; Census Tract 4070.01; Allegheny County; Pennsylvania,2237,479,21.412606168976307,16,1.7977528089887642,33,1.477832512315271
420034070014,Block Group 4; Census Tract 4070.01; Allegheny County; Pennsylvania,1921,911,47.4232170744404,16,1.8912529550827424,192,9.994794377928162
420034070021,Block Group 1; Census Tract 4070.02; Allegheny County; Pennsylvania,1008,218,21.626984126984127,0,0.0,78,7.926829268292683
420034070022,Block Group 2; Census Tract 4070.02; Allegheny County; Pennsylvania,1349,299,22.164566345441067,16,2.702702702702702,268,19.866567828020756
420034070023,Block Group 3; Census Tract 4070.02; Allegheny County; Pennsylvania,607,228,37.56177924217463,16,6.106870229007633,75,13.066202090592336
420034070024,Block Group 4; Census Tract 4070.02; Allegheny County; Pennsylvania,3493,778,22.273117663899228,14,0.9465855307640296,50,1.4632718759145449
420034080011,Block Group 1; Census Tract 4080.01; Allegheny County; Pennsylvania,2151,417,19.386331938633194,48,7.164179104477612,443,20.595072059507206
420034080012,Block Group 2; Census Tract 4080.01; Allegheny County; Pennsylvania,1697,391,23.040659988214497,44,5.986394557823129,24,1.5065913370998116
420034080013,Block Group 3; Census Tract 4080.01; Allegheny County; Pennsylvania,1879,580,30.867482703565724,100,12.72264631043257,56,2.9803086748270355
420034080021,Block Group 1; Census Tract 4080.02; Allegheny County; Pennsylvania,2350,794,33.787234042553195,18,1.5384615384615383,46,1.9574468085106382
420034080022,Block Group 2; Census Tract 4080.02; Allegheny County; Pennsylvania,1367,127,9.290416971470371,14,3.32541567695962,0,0.0
420034080023,Block Group 3; Census Tract 4080.02; Allegheny County; Pennsylvania,2412,377,15.630182421227198,0,0.0,288,11.940298507462686
420034090011,Block Group 1; Census Tract 4090.01; Allegheny County; Pennsylvania,706,228,32.29461756373937,35,12.152777777777777,24,3.45821325648415
420034090012,Block Group 2; Census Tract 4090.01; Allegheny County; Pennsylvania,2548,228,8.948194662480377,0,0.0,32,1.2558869701726845
420034090013,Block Group 3; Census Tract 4090.01; Allegheny County; Pennsylvania,3692,529,14.32827735644637,0,0.0,274,7.421451787648971
420034090014,Block Group 4; Census Tract 4090.01; Allegheny County; Pennsylvania,2364,116,4.906937394247039,26,2.363636363636364,60,2.5380710659898478
420034090021,Block Group 1; Census Tract 4090.02; Allegheny County; Pennsylvania,2190,162,7.397260273972603,0,0.0,0,0.0
420034090022,Block Group 2; Census Tract 4090.02; Allegheny County; Pennsylvania,3228,279,8.643122676579926,0,0.0,0,0.0
420034100001,Block Group 1; Census Tract 4100; Allegheny County; Pennsylvania,1235,250,20.242914979757085,13,2.610441767068273,24,1.9433198380566803
420034110011,Block Group 1; Census Tract 4110.01; Allegheny County; Pennsylvania,1825,240,13.150684931506849,0,0.0,33,1.808219178082192
420034110012,Block Group 2; Census Tract 4110.01; Allegheny County; Pennsylvania,2262,177,7.824933687002653,0,0.0,0,0.0
420034110021,Block Group 1; Census Tract 4110.02; Allegheny County; Pennsylvania,3145,445,14.149443561208267,0,0.0,82,2.631578947368421
420034110022,Block Group 2; Census Tract 4110.02; Allegheny County; Pennsylvania,2758,545,19.760696156635245,0,0.0,239,8.665699782451052
420034120021,Block Group 1; Census Tract 4120.02; Allegheny County; Pennsylvania,2146,217,10.11183597390494,6,0.7471980074719801,31,1.4445479962721341
420034120022,Block Group 2; Census Tract 4120.02; Allegheny County; Pennsylvania,2562,538,20.9992193598751,0,0.0,65,2.537080405932865
420034120031,Block Group 1; Census Tract 4120.03; Allegheny County; Pennsylvania,2132,229,10.741088180112571,0,0.0,19,0.8911819887429643
420034120032,Block Group 2; Census Tract 4120.03; Allegheny County; Pennsylvania,1868,372,19.914346895074942,30,3.836317135549872,185,9.903640256959315
420034120033,Block Group 3; Census Tract 4120.03; Allegheny County; Pennsylvania,2542,326,12.824547600314713,32,3.795966785290629,183,7.4269480519480515
420034120041,Block Group 1; Census Tract 4120.04; Allegheny County; Pennsylvania,1616,180,11.13861386138614,111,18.781725888324875,0,0.0
420034120042,Block Group 2; Census Tract 4120.04; Allegheny County; Pennsylvania,2439,444,18.20418204182042,52,5.279187817258883,24,0.984009840098401
420034131001,Block Group 1; Census Tract 4131; Allegheny County; Pennsylvania,1344,158,11.75595238095238,0,0.0,0,0.0
420034131002,Block Group 2; Census Tract 4131; Allegheny County; Pennsylvania,1850,298,16.10810810810811,13,1.390374331550802,126,6.8108108108108105
420034131003,Block Group 3; Census Tract 4131; Allegheny County; Pennsylvania,1348,428,31.75074183976261,82,15.92233009708738,22,1.8691588785046727
420034131004,Block Group 4; Census Tract 4131; Allegheny County; Pennsylvania,2195,432,19.681093394077447,19,2.3227383863080684,100,4.555808656036446
420034132011,Block Group 1; Census Tract 4132.01; Allegheny County; Pennsylvania,823,113,13.730255164034022,9,2.4930747922437675,0,0.0
420034132012,Block Group 2; Census Tract 4132.01; Allegheny County; Pennsylvania,1324,288,21.75226586102719,7,1.4285714285714286,58,4.380664652567976
420034132013,Block Group 3; Census Tract 4132.01; Allegheny County; Pennsylvania,1938,400,20.639834881320947,0,0.0,131,6.7595459236326105
420034132021,Block Group 1; Census Tract 4132.02; Allegheny County; Pennsylvania,1065,329,30.892018779342724,12,2.3856858846918487,21,1.971830985915493
420034132022,Block Group 2; Census Tract 4132.02; Allegheny County; Pennsylvania,1680,440,26.190476190476197,31,3.879849812265332,44,2.619047619047619
420034133001,Block Group 1; Census Tract 4133; Allegheny County; Pennsylvania,1671,601,35.96648713345302,10,1.4925373134328357,12,0.7827788649706457
420034133002,Block Group 2; Census Tract 4133; Allegheny County; Pennsylvania,2473,519,20.98665588354226,59,5.645933014354067,57,2.3048928427011726
420034133003,Block Group 3; Census Tract 4133; Allegheny County; Pennsylvania,406,149,36.69950738916256,7,3.804347826086957,18,4.433497536945813
420034134001,Block Group 1; Census Tract 4134; Allegheny County; Pennsylvania,1400,301,21.5,15,2.586206896551724,25,1.7857142857142856
420034134002,Block Group 2; Census Tract 4134; Allegheny County; Pennsylvania,1195,350,29.288702928870293,85,15.01766784452297,11,0.9205020920502093
420034134003,Block Group 3; Census Tract 4134; Allegheny County; Pennsylvania,1847,218,11.80292365998917,30,5.059021922428331,9,0.48727666486193827
420034135001,Block Group 1; Census Tract 4135; Allegheny County; Pennsylvania,809,140,17.3053152039555,0,0.0,26,3.2138442521631645
420034135002,Block Group 2; Census Tract 4135; Allegheny County; Pennsylvania,2119,325,15.337423312883436,0,0.0,94,4.532304725168756
420034135003,Block Group 3; Census Tract 4135; Allegheny County; Pennsylvania,1219,171,14.0278917145201,0,0.0,77,6.316652994257588
420034135004,Block Group 4; Census Tract 4135; Allegheny County; Pennsylvania,2732,533,19.509516837481694,75,5.053908355795148,182,8.13953488372093
420034141011,Block Group 1; Census Tract 4141.01; Allegheny County; Pennsylvania,1794,394,21.962095875139354,0,0.0,47,2.685714285714286
420034141012,Block Group 2; Census Tract 4141.01; Allegheny County; Pennsylvania,1520,174,11.447368421052632,15,2.808988764044944,13,0.855263157894737
420034141013,Block Group 3; Census Tract 4141.01; Allegheny County; Pennsylvania,972,119,12.242798353909464,0,0.0,16,1.646090534979424
420034141014,Block Group 4; Census Tract 4141.01; Allegheny County; Pennsylvania,1167,176,15.081405312767782,0,0.0,131,11.225364181662382
420034141021,Block Group 1; Census Tract 4141.02; Allegheny County; Pennsylvania,3316,640,19.30036188178528,96,6.956521739130435,49,1.4776839565741857
420034141022,Block Group 2; Census Tract 4141.02; Allegheny County; Pennsylvania,2403,563,23.429047024552645,61,6.180344478216818,127,5.285060341240117
420034141023,Block Group 3; Census Tract 4141.02; Allegheny County; Pennsylvania,1234,303,24.55429497568882,11,1.864406779661017,58,4.700162074554295
420034142001,Block Group 1; Census Tract 4142; Allegheny County; Pennsylvania,976,239,24.487704918032787,0,0.0,28,3.036876355748373
420034142002,Block Group 2; Census Tract 4142; Allegheny County; Pennsylvania,1675,228,13.611940298507465,0,0.0,47,3.0264005151320026
420034142003,Block Group 3; Census Tract 4142; Allegheny County; Pennsylvania,1899,318,16.74565560821485,0,0.0,192,10.110584518167457
420034142004,Block Group 4; Census Tract 4142; Allegheny County; Pennsylvania,1426,330,23.14165497896213,16,2.5559105431309903,12,0.8415147265077139
420034150011,Block Group 1; Census Tract 4150.01; Allegheny County; Pennsylvania,1093,241,22.049405306495885,0,0.0,2,0.20533880903490762
420034150012,Block Group 2; Census Tract 4150.01; Allegheny County; Pennsylvania,1452,307,21.143250688705237,27,4.492512479201332,92,6.336088154269973
420034150013,Block Group 3; Census Tract 4150.01; Allegheny County; Pennsylvania,2180,193,8.853211009174313,23,2.9715762273901807,208,9.541284403669724
420034150021,Block Group 1; Census Tract 4150.02; Allegheny County; Pennsylvania,1273,374,29.379418695993717,9,1.6483516483516485,71,5.657370517928287
420034150022,Block Group 2; Census Tract 4150.02; Allegheny County; Pennsylvania,1277,262,20.516836335160534,7,1.338432122370937,25,1.957713390759593
420034160001,Block Group 1; Census Tract 4160; Allegheny County; Pennsylvania,862,251,29.118329466357302,26,5.189620758483033,120,13.921113689095128
420034160002,Block Group 2; Census Tract 4160; Allegheny County; Pennsylvania,613,143,23.3278955954323,10,3.125,17,2.7732463295269167
420034171001,Block Group 1; Census Tract 4171; Allegheny County; Pennsylvania,587,143,24.361158432708688,34,10.759493670886076,49,8.347529812606473
420034171002,Block Group 2; Census Tract 4171; Allegheny County; Pennsylvania,831,99,11.913357400722022,16,3.738317757009345,8,0.9626955475330927
420034171003,Block Group 3; Census Tract 4171; Allegheny County; Pennsylvania,713,294,41.23422159887798,26,7.624633431085044,63,9.06474820143885
420034172001,Block Group 1; Census Tract 4172; Allegheny County; Pennsylvania,1242,246,19.806763285024157,128,19.27710843373494,117,9.420289855072465
420034180001,Block Group 1; Census Tract 4180; Allegheny County; Pennsylvania,1638,460,28.083028083028083,27,3.1070195627157653,88,5.372405372405373
420034190001,Block Group 1; Census Tract 4190; Allegheny County; Pennsylvania,1235,504,40.80971659919028,21,3.639514731369151,149,14.096499526963102
420034190002,Block Group 2; Census Tract 4190; Allegheny County; Pennsylvania,748,111,14.83957219251337,44,9.95475113122172,48,6.530612244897959
420034190003,Block Group 3; Census Tract 4190; Allegheny County; Pennsylvania,1125,443,39.37777777777778,10,1.4347202295552368,83,7.377777777777777
420034200001,Block Group 1; Census Tract 4200; Allegheny County; Pennsylvania,1532,460,30.026109660574413,271,27.7948717948718,343,22.389033942558747
420034211001,Block Group 1; Census Tract 4211; Allegheny County; Pennsylvania,1449,182,12.560386473429952,0,0.0,70,4.830917874396135
420034211002,Block Group 2; Census Tract 4211; Allegheny County; Pennsylvania,892,150,16.81614349775785,51,13.456464379947231,69,7.73542600896861
420034211003,Block Group 3; Census Tract 4211; Allegheny County; Pennsylvania,1941,554,28.54198866563627,68,6.049822064056939,16,0.8243173621844411
420034211004,Block Group 4; Census Tract 4211; Allegheny County; Pennsylvania,677,446,65.87887740029542,23,8.455882352941178,0,0.0
420034212001,Block Group 1; Census Tract 4212; Allegheny County; Pennsylvania,1771,341,19.25465838509317,84,11.170212765957446,205,11.654349061967027
420034212002,Block Group 2; Census Tract 4212; Allegheny County; Pennsylvania,850,278,32.70588235294118,9,2.132701421800948,62,7.294117647058823
420034212003,Block Group 3; Census Tract 4212; Allegheny County; Pennsylvania,585,191,32.64957264957265,0,0.0,10,1.7094017094017095
420034212004,Block Group 4; Census Tract 4212; Allegheny County; Pennsylvania,1041,273,26.22478386167147,35,7.575757575757576,65,6.243996157540826
420034220001,Block Group 1; Census Tract 4220; Allegheny County; Pennsylvania,1491,253,16.968477531857815,11,1.858108108108108,16,1.0731052984574112
420034220002,Block Group 2; Census Tract 4220; Allegheny County; Pennsylvania,571,203,35.551663747810856,0,0.0,0,0.0
420034220003,Block Group 3; Census Tract 4220; Allegheny County; Pennsylvania,962,107,11.122661122661125,0,0.0,43,4.46985446985447
420034220004,Block Group 4; Census Tract 4220; Allegheny County; Pennsylvania,2275,497,21.846153846153847,23,2.882205513784461,2,0.0879120879120879
420034230001,Block Group 1; Census Tract 4230; Allegheny County; Pennsylvania,1058,119,11.247637051039698,26,6.220095693779904,16,1.5122873345935728
420034230002,Block Group 2; Census Tract 4230; Allegheny County; Pennsylvania,859,149,17.345750873108265,37,8.114035087719298,24,2.7939464493597206
420034230003,Block Group 3; Census Tract 4230; Allegheny County; Pennsylvania,973,137,14.080164439876668,9,1.9027484143763211,8,0.8281573498964804
420034240001,Block Group 1; Census Tract 4240; Allegheny County; Pennsylvania,984,140,14.227642276422763,26,7.365439093484419,93,9.451219512195122
420034240002,Block Group 2; Census Tract 4240; Allegheny County; Pennsylvania,821,55,6.699147381242387,170,31.894934333958723,112,13.64190012180268
420034240003,Block Group 3; Census Tract 4240; Allegheny County; Pennsylvania,635,226,35.59055118110236,168,35.44303797468354,275,43.30708661417323
420034240004,Block Group 4; Census Tract 4240; Allegheny County; Pennsylvania,749,85,11.348464619492656,38,8.189655172413794,46,6.233062330623306
420034250001,Block Group 1; Census Tract 4250; Allegheny County; Pennsylvania,842,131,15.558194774346791,6,1.7595307917888563,48,5.7007125890736345
420034250002,Block Group 2; Census Tract 4250; Allegheny County; Pennsylvania,805,174,21.614906832298136,46,10.672853828306264,113,14.037267080745341
420034250003,Block Group 3; Census Tract 4250; Allegheny County; Pennsylvania,1136,212,18.66197183098592,205,29.58152958152958,153,13.468309859154928
420034250004,Block Group 4; Census Tract 4250; Allegheny County; Pennsylvania,630,140,22.22222222222222,64,20.382165605095544,207,32.857142857142854
420034263001,Block Group 1; Census Tract 4263; Allegheny County; Pennsylvania,1289,384,29.79053529868115,30,5.0,21,1.7017828200972445
420034263002,Block Group 2; Census Tract 4263; Allegheny County; Pennsylvania,2212,554,25.04520795660036,0,0.0,90,4.06871609403255
420034263003,Block Group 3; Census Tract 4263; Allegheny County; Pennsylvania,2748,607,22.088791848617177,0,0.0,85,3.0931586608442507
420034264001,Block Group 1; Census Tract 4264; Allegheny County; Pennsylvania,1112,172,15.467625899280575,5,1.0752688172043012,17,1.5287769784172662
420034264002,Block Group 2; Census Tract 4264; Allegheny County; Pennsylvania,1066,248,23.26454033771107,38,6.365159128978225,88,8.25515947467167
420034264003,Block Group 3; Census Tract 4264; Allegheny County; Pennsylvania,675,155,22.96296296296296,19,5.163043478260869,123,18.22222222222222
420034264004,Block Group 4; Census Tract 4264; Allegheny County; Pennsylvania,1350,406,30.07407407407408,0,0.0,64,4.7407407407407405
420034267001,Block Group 1; Census Tract 4267; Allegheny County; Pennsylvania,718,202,28.13370473537605,0,0.0,9,1.2534818941504178
420034267002,Block Group 2; Census Tract 4267; Allegheny County; Pennsylvania,1500,347,23.133333333333333,27,3.288672350791717,100,6.666666666666667
420034268001,Block Group 1; Census Tract 4268; Allegheny County; Pennsylvania,1166,375,32.16123499142367,25,5.08130081300813,0,0.0
420034268002,Block Group 2; Census Tract 4268; Allegheny County; Pennsylvania,2416,774,32.0364238410596,12,1.1976047904191618,4,0.16556291390728478
420034268003,Block Group 3; Census Tract 4268; Allegheny County; Pennsylvania,1643,308,18.746195982958003,0,0.0,0,0.0
420034270001,Block Group 1; Census Tract 4270; Allegheny County; Pennsylvania,1522,199,13.074901445466493,82,10.875331564986736,173,11.366622864651774
420034270002,Block Group 2; Census Tract 4270; Allegheny County; Pennsylvania,765,127,16.60130718954248,90,23.62204724409449,108,14.117647058823529
420034270003,Block Group 3; Census Tract 4270; Allegheny County; Pennsylvania,1090,187,17.155963302752294,193,22.976190476190474,185,16.972477064220186
420034271001,Block Group 1; Census Tract 4271; Allegheny County; Pennsylvania,1820,237,13.021978021978024,0,0.0,137,7.527472527472527
420034271002,Block Group 2; Census Tract 4271; Allegheny County; Pennsylvania,1727,466,26.983207874927626,17,2.348066298342541,3,0.17371163867979156
420034271003,Block Group 3; Census Tract 4271; Allegheny County; Pennsylvania,1977,390,19.726858877086496,67,7.845433255269321,152,7.707910750507099
420034272001,Block Group 1; Census Tract 4272; Allegheny County; Pennsylvania,1138,297,26.098418277680143,25,4.111842105263158,144,12.65377855887522
420034272002,Block Group 2; Census Tract 4272; Allegheny County; Pennsylvania,727,76,10.453920220082532,27,7.012987012987012,0,0.0
420034272003,Block Group 3; Census Tract 4272; Allegheny County; Pennsylvania,1636,502,30.684596577017118,37,4.811443433029909,69,4.21760391198044
420034272004,Block Group 4; Census Tract 4272; Allegheny County; Pennsylvania,1043,288,27.612655800575265,75,10.948905109489052,67,6.479690522243714
420034281001,Block Group 1; Census Tract 4281; Allegheny County; Pennsylvania,511,142,27.788649706457925,6,2.469135802469136,19,3.7181996086105675
420034281002,Block Group 2; Census Tract 4281; Allegheny County; Pennsylvania,689,97,14.078374455732948,7,2.023121387283237,48,6.966618287373004
420034282001,Block Group 1; Census Tract 4282; Allegheny County; Pennsylvania,427,88,20.60889929742389,7,2.904564315352697,21,4.918032786885246
420034282002,Block Group 2; Census Tract 4282; Allegheny County; Pennsylvania,1601,354,22.11118051217989,51,6.845637583892618,143,8.976773383553043
420034291001,Block Group 1; Census Tract 4291; Allegheny County; Pennsylvania,1071,255,23.809523809523807,0,0.0,39,3.6414565826330536
420034291002,Block Group 2; Census Tract 4291; Allegheny County; Pennsylvania,1461,316,21.6290212183436,47,7.121212121212121,162,11.187845303867404
420034292011,Block Group 1; Census Tract 4292.01; Allegheny County; Pennsylvania,2089,500,23.93489707994256,0,0.0,34,1.6275730014360938
420034292012,Block Group 2; Census Tract 4292.01; Allegheny County; Pennsylvania,2889,729,25.233644859813083,66,4.775687409551375,123,4.625799172621286
420034292021,Block Group 1; Census Tract 4292.02; Allegheny County; Pennsylvania,1355,268,19.778597785977865,0,0.0,41,3.025830258302583
420034292022,Block Group 2; Census Tract 4292.02; Allegheny County; Pennsylvania,1302,302,23.195084485407065,9,1.3313609467455625,158,12.135176651305683
420034292023,Block Group 3; Census Tract 4292.02; Allegheny County; Pennsylvania,1857,528,28.432956381260095,0,0.0,51,2.7463651050080773
420034293001,Block Group 1; Census Tract 4293; Allegheny County; Pennsylvania,1578,569,36.05830164765526,108,14.099216710182768,15,1.0901162790697674
420034293002,Block Group 2; Census Tract 4293; Allegheny County; Pennsylvania,953,398,41.76285414480588,14,2.31404958677686,59,6.190975865687303
420034293003,Block Group 3; Census Tract 4293; Allegheny County; Pennsylvania,3165,388,12.25908372827804,19,1.8393030009680544,368,11.627172195892575
420034293004,Block Group 4; Census Tract 4293; Allegheny County; Pennsylvania,837,69,8.24372759856631,0,0.0,81,9.67741935483871
420034294001,Block Group 1; Census Tract 4294; Allegheny County; Pennsylvania,794,167,21.03274559193955,9,2.18978102189781,0,0.0
420034294002,Block Group 2; Census Tract 4294; Allegheny County; Pennsylvania,1795,404,22.506963788300837,18,2.238805970149253,93,5.181058495821727
420034294003,Block Group 3; Census Tract 4294; Allegheny County; Pennsylvania,1201,198,16.48626144879267,0,0.0,119,9.908409658617819
420034294004,Block Group 4; Census Tract 4294; Allegheny County; Pennsylvania,585,98,16.75213675213675,0,0.0,97,16.58119658119658
420034295001,Block Group 1; Census Tract 4295; Allegheny County; Pennsylvania,1854,558,30.097087378640776,201,20.344129554655872,128,6.903991370010787
420034295002,Block Group 2; Census Tract 4295; Allegheny County; Pennsylvania,2099,394,18.77084325869461,22,1.800327332242226,179,8.718947881149537
420034295003,Block Group 3; Census Tract 4295; Allegheny County; Pennsylvania,475,136,28.631578947368418,0,0.0,0,0.0
420034296001,Block Group 1; Census Tract 4296; Allegheny County; Pennsylvania,2408,564,23.421926910299003,62,5.381944444444445,219,9.144050104384133
420034296002,Block Group 2; Census Tract 4296; Allegheny County; Pennsylvania,1193,87,7.292539815590946,0,0.0,72,6.222990492653413
420034297001,Block Group 1; Census Tract 4297; Allegheny County; Pennsylvania,1225,380,31.020408163265305,27,4.134762633996937,209,17.06122448979592
420034297002,Block Group 2; Census Tract 4297; Allegheny County; Pennsylvania,1027,273,26.58227848101265,31,6.997742663656885,58,5.8350100603621735
420034301001,Block Group 1; Census Tract 4301; Allegheny County; Pennsylvania,678,91,13.421828908554572,40,14.13427561837456,156,23.008849557522122
420034301002,Block Group 2; Census Tract 4301; Allegheny County; Pennsylvania,1374,194,14.119359534206696,82,11.11111111111111,211,15.50330639235856
420034302001,Block Group 1; Census Tract 4302; Allegheny County; Pennsylvania,843,132,15.658362989323845,0,0.0,17,2.0166073546856467
420034302002,Block Group 2; Census Tract 4302; Allegheny County; Pennsylvania,1522,183,12.02365308804205,35,6.161971830985916,40,2.628120893561104
420034302003,Block Group 3; Census Tract 4302; Allegheny County; Pennsylvania,1051,112,10.65651760228354,18,4.25531914893617,18,1.7126546146527115
420034302004,Block Group 4; Census Tract 4302; Allegheny County; Pennsylvania,528,103,19.50757575757576,0,0.0,0,0.0
420034302005,Block Group 5; Census Tract 4302; Allegheny County; Pennsylvania,664,120,18.072289156626507,65,18.624641833810887,0,0.0
420034311001,Block Group 1; Census Tract 4311; Allegheny County; Pennsylvania,1961,389,19.836817950025495,154,15.323383084577111,223,11.371749107598164
420034311002,Block Group 2; Census Tract 4311; Allegheny County; Pennsylvania,1283,186,14.49727201870616,173,19.726339794754846,76,5.9236165237724085
420034314001,Block Group 1; Census Tract 4314; Allegheny County; Pennsylvania,1848,238,12.87878787878788,44,4.545454545454546,59,3.213507625272331
420034315001,Block Group 1; Census Tract 4315; Allegheny County; Pennsylvania,461,39,8.459869848156181,21,8.786610878661087,42,9.11062906724512
420034315002,Block Group 2; Census Tract 4315; Allegheny County; Pennsylvania,1342,132,9.836065573770492,54,9.391304347826086,110,8.19672131147541
420034315003,Block Group 3; Census Tract 4315; Allegheny County; Pennsylvania,820,242,29.51219512195122,188,20.773480662983427,106,12.926829268292684
420034315004,Block Group 4; Census Tract 4315; Allegheny County; Pennsylvania,521,75,14.39539347408829,0,0.0,0,0.0
420034323001,Block Group 1; Census Tract 4323; Allegheny County; Pennsylvania,1002,190,18.962075848303392,30,6.342494714587738,186,20.10810810810811
420034323002,Block Group 2; Census Tract 4323; Allegheny County; Pennsylvania,1285,495,38.52140077821012,339,33.79860418743769,158,12.295719844357976
420034324001,Block Group 1; Census Tract 4324; Allegheny County; Pennsylvania,764,253,33.1151832460733,81,15.055762081784389,106,13.874345549738221
420034324002,Block Group 2; Census Tract 4324; Allegheny County; Pennsylvania,926,143,15.442764578833692,113,19.65217391304348,108,11.663066954643629
420034324003,Block Group 3; Census Tract 4324; Allegheny County; Pennsylvania,762,105,13.77952755905512,9,2.419354838709677,79,10.36745406824147
420034340001,Block Group 1; Census Tract 4340; Allegheny County; Pennsylvania,894,92,10.290827740492167,12,2.898550724637681,69,7.718120805369128
420034340002,Block Group 2; Census Tract 4340; Allegheny County; Pennsylvania,984,229,23.27235772357724,11,2.528735632183908,33,3.353658536585366
420034350001,Block Group 1; Census Tract 4350; Allegheny County; Pennsylvania,1499,215,14.342895263509009,19,2.9141104294478524,147,10.485021398002853
420034350002,Block Group 2; Census Tract 4350; Allegheny County; Pennsylvania,1025,160,15.609756097560975,26,5.128205128205128,148,15.22633744855967
420034370001,Block Group 1; Census Tract 4370; Allegheny County; Pennsylvania,4050,556,13.728395061728396,16,1.0796221322537112,230,5.679012345679013
420034370002,Block Group 2; Census Tract 4370; Allegheny County; Pennsylvania,3000,961,32.03333333333334,0,0.0,83,2.824089826471589
420034390001,Block Group 1; Census Tract 4390; Allegheny County; Pennsylvania,1615,304,18.823529411764707,8,1.2598425196850394,108,6.687306501547988
420034455001,Block Group 1; Census Tract 4455; Allegheny County; Pennsylvania,1065,149,13.990610328638498,100,21.88183807439825,71,6.666666666666667
420034455002,Block Group 2; Census Tract 4455; Allegheny County; Pennsylvania,1467,434,29.58418541240627,119,14.441747572815531,245,16.700749829584186
420034455003,Block Group 3; Census Tract 4455; Allegheny County; Pennsylvania,1341,122,9.097688292319164,18,2.889245585874799,61,4.548844146159582
420034460001,Block Group 1; Census Tract 4460; Allegheny County; Pennsylvania,688,139,20.203488372093023,3,1.0452961672473868,3,0.436046511627907
420034460002,Block Group 2; Census Tract 4460; Allegheny County; Pennsylvania,832,203,24.39903846153846,8,2.203856749311295,15,1.8028846153846152
420034470001,Block Group 1; Census Tract 4470; Allegheny County; Pennsylvania,1655,238,14.380664652567976,35,5.247376311844078,74,4.5012165450121655
420034480001,Block Group 1; Census Tract 4480; Allegheny County; Pennsylvania,1125,258,22.933333333333334,91,14.606741573033707,57,5.066666666666666
420034490001,Block Group 1; Census Tract 4490; Allegheny County; Pennsylvania,932,279,29.935622317596568,3,0.6122448979591837,112,12.017167381974248
420034490002,Block Group 2; Census Tract 4490; Allegheny County; Pennsylvania,1523,379,24.885095206828627,5,0.764525993883792,58,3.808273145108339
420034507001,Block Group 1; Census Tract 4507; Allegheny County; Pennsylvania,1361,227,16.67891256429096,10,1.2953367875647668,86,6.318883174136664
420034507002,Block Group 2; Census Tract 4507; Allegheny County; Pennsylvania,1521,395,25.96975673898751,147,17.520858164481528,342,22.485207100591715
420034508001,Block Group 1; Census Tract 4508; Allegheny County; Pennsylvania,1094,199,18.190127970749543,11,1.996370235934664,60,5.484460694698354
420034508002,Block Group 2; Census Tract 4508; Allegheny County; Pennsylvania,971,234,24.09886714727085,185,36.489151873767256,240,24.716786817713697
420034508003,Block Group 3; Census Tract 4508; Allegheny County; Pennsylvania,563,81,14.38721136767318,8,3.404255319148936,90,15.985790408525755
420034511011,Block Group 1; Census Tract 4511.01; Allegheny County; Pennsylvania,2031,553,27.22796651895618,13,1.4857142857142858,54,2.658788774002954
420034511012,Block Group 2; Census Tract 4511.01; Allegheny County; Pennsylvania,1703,375,22.01996476805637,7,0.945945945945946,20,1.2070006035003018
420034511021,Block Group 1; Census Tract 4511.02; Allegheny County; Pennsylvania,1887,123,6.518282988871224,43,4.891922639362913,42,2.2257551669316373
420034511022,Block Group 2; Census Tract 4511.02; Allegheny County; Pennsylvania,658,169,25.6838905775076,35,8.663366336633663,25,3.828483920367534
420034511023,Block Group 3; Census Tract 4511.02; Allegheny County; Pennsylvania,2170,651,30.0,32,2.993451824134705,142,6.5437788018433185
420034511024,Block Group 4; Census Tract 4511.02; Allegheny County; Pennsylvania,1373,6,0.4369992716678805,0,0.0,0,0.0
420034511041,Block Group 1; Census Tract 4511.04; Allegheny County; Pennsylvania,2495,171,6.853707414829659,0,0.0,0,0.0
420034511042,Block Group 2; Census Tract 4511.04; Allegheny County; Pennsylvania,1633,486,29.76117575015309,28,3.966005665722379,36,2.214022140221402
420034511051,Block Group 1; Census Tract 4511.05; Allegheny County; Pennsylvania,2105,227,10.783847980997626,52,6.272617611580217,113,5.368171021377672
420034511052,Block Group 2; Census Tract 4511.05; Allegheny County; Pennsylvania,898,193,21.492204899777285,0,0.0,103,12.560975609756097
420034511053,Block Group 3; Census Tract 4511.05; Allegheny County; Pennsylvania,2694,152,5.642167780252413,0,0.0,87,3.2793064455333587
420034513001,Block Group 1; Census Tract 4513; Allegheny County; Pennsylvania,475,128,26.94736842105263,0,0.0,78,16.42105263157895
420034513002,Block Group 2; Census Tract 4513; Allegheny County; Pennsylvania,1617,508,31.416202844774272,0,0.0,35,2.1645021645021645
420034513003,Block Group 3; Census Tract 4513; Allegheny County; Pennsylvania,1411,578,40.963855421686745,0,0.0,18,1.2756909992912826
420034513004,Block Group 4; Census Tract 4513; Allegheny County; Pennsylvania,1754,313,17.844925883694412,17,2.627511591962906,0,0.0
420034513005,Block Group 5; Census Tract 4513; Allegheny County; Pennsylvania,801,209,26.092384519350816,0,0.0,11,1.390644753476612
420034513006,Block Group 6; Census Tract 4513; Allegheny County; Pennsylvania,1233,426,34.54987834549878,51,8.306188925081432,85,6.89375506893755
420034520001,Block Group 1; Census Tract 4520; Allegheny County; Pennsylvania,629,154,24.48330683624801,16,4.41988950276243,34,5.4399999999999995
420034520002,Block Group 2; Census Tract 4520; Allegheny County; Pennsylvania,1670,241,14.4311377245509,0,0.0,3,0.17964071856287425
420034520003,Block Group 3; Census Tract 4520; Allegheny County; Pennsylvania,1984,126,6.350806451612903,25,3.293807641633729,175,8.820564516129032
420034520004,Block Group 4; Census Tract 4520; Allegheny County; Pennsylvania,2092,376,17.97323135755258,0,0.0,170,8.337420304070623
420034530031,Block Group 1; Census Tract 4530.03; Allegheny County; Pennsylvania,1355,164,12.103321033210332,6,1.1583011583011582,144,11.329661683713612
420034530032,Block Group 2; Census Tract 4530.03; Allegheny County; Pennsylvania,575,159,27.65217391304348,8,3.0303030303030303,30,5.217391304347826
420034530041,Block Group 1; Census Tract 4530.04; Allegheny County; Pennsylvania,2542,337,13.257277734067664,0,0.0,44,1.730920535011802
420034530042,Block Group 2; Census Tract 4530.04; Allegheny County; Pennsylvania,1571,295,18.77784850413749,113,11.35678391959799,112,7.129217059197964
420034530043,Block Group 3; Census Tract 4530.04; Allegheny County; Pennsylvania,2833,389,13.731027179668196,26,1.911764705882353,240,8.513657325292657
420034530044,Block Group 4; Census Tract 4530.04; Allegheny County; Pennsylvania,452,33,7.300884955752212,13,4.545454545454546,24,5.3097345132743365
420034550001,Block Group 1; Census Tract 4550; Allegheny County; Pennsylvania,1459,257,17.614804660726524,42,5.94900849858357,118,8.121128699242945
420034560011,Block Group 1; Census Tract 4560.01; Allegheny County; Pennsylvania,865,80,9.248554913294797,47,12.600536193029493,12,1.3872832369942196
420034560012,Block Group 2; Census Tract 4560.01; Allegheny County; Pennsylvania,3894,497,12.763225475089882,0,0.0,70,1.7976373908577297
420034560031,Block Group 1; Census Tract 4560.03; Allegheny County; Pennsylvania,1197,162,13.533834586466163,8,1.895734597156398,125,10.442773600668337
420034560032,Block Group 2; Census Tract 4560.03; Allegheny County; Pennsylvania,818,210,25.67237163814181,0,0.0,11,1.3447432762836184
420034560033,Block Group 3; Census Tract 4560.03; Allegheny County; Pennsylvania,3768,279,7.404458598726114,17,1.37875101378751,29,0.7729211087420043
420034560034,Block Group 4; Census Tract 4560.03; Allegheny County; Pennsylvania,1856,398,21.443965517241377,29,3.851261620185923,89,4.795258620689656
420034560041,Block Group 1; Census Tract 4560.04; Allegheny County; Pennsylvania,2495,541,21.683366733466933,68,6.104129263913824,92,3.7922506183017313
420034560042,Block Group 2; Census Tract 4560.04; Allegheny County; Pennsylvania,1198,623,52.00333889816361,193,43.86363636363637,15,1.6666666666666667
420034560043,Block Group 3; Census Tract 4560.04; Allegheny County; Pennsylvania,2084,327,15.690978886756238,34,3.3203125,2,0.09596928982725528
420034571001,Block Group 1; Census Tract 4571; Allegheny County; Pennsylvania,744,192,25.806451612903224,0,0.0,96,12.903225806451612
420034571002,Block Group 2; Census Tract 4571; Allegheny County; Pennsylvania,689,119,17.271407837445572,69,17.92207792207792,118,17.50741839762611
420034572001,Block Group 1; Census Tract 4572; Allegheny County; Pennsylvania,400,49,12.25,24,7.792207792207792,102,25.5
420034572002,Block Group 2; Census Tract 4572; Allegheny County; Pennsylvania,785,119,15.159235668789808,118,31.13456464379947,70,8.9171974522293
420034572003,Block Group 3; Census Tract 4572; Allegheny County; Pennsylvania,1286,228,17.729393468118197,33,4.918032786885246,62,4.821150855365474
420034572004,Block Group 4; Census Tract 4572; Allegheny County; Pennsylvania,873,368,42.15349369988545,157,25.822368421052637,127,14.682080924855493
420034580011,Block Group 1; Census Tract 4580.01; Allegheny County; Pennsylvania,1864,407,21.83476394849785,0,0.0,58,3.111587982832618
420034580012,Block Group 2; Census Tract 4580.01; Allegheny County; Pennsylvania,2413,616,25.52838789888106,16,1.2519561815336464,206,8.537090758392043
420034580021,Block Group 1; Census Tract 4580.02; Allegheny County; Pennsylvania,619,90,14.539579967689823,13,4.676258992805756,0,0.0
420034580022,Block Group 2; Census Tract 4580.02; Allegheny County; Pennsylvania,2541,677,26.643053915781188,18,1.5957446808510638,114,4.497041420118343
420034580023,Block Group 3; Census Tract 4580.02; Allegheny County; Pennsylvania,1422,486,34.177215189873415,64,8.300907911802852,104,7.313642756680731
420034591011,Block Group 1; Census Tract 4591.01; Allegheny County; Pennsylvania,1706,302,17.702227432590856,42,5.865921787709497,216,12.705882352941176
420034591021,Block Group 1; Census Tract 4591.02; Allegheny County; Pennsylvania,1615,569,35.23219814241486,28,4.011461318051576,54,3.343653250773994
420034591022,Block Group 2; Census Tract 4591.02; Allegheny County; Pennsylvania,1332,163,12.237237237237238,19,3.8696537678207736,0,0.0
420034591023,Block Group 3; Census Tract 4591.02; Allegheny County; Pennsylvania,3346,582,17.393903167961746,18,1.267605633802817,259,7.740585774058577
420034592011,Block Group 1; Census Tract 4592.01; Allegheny County; Pennsylvania,1984,452,22.782258064516128,35,4.191616766467066,27,1.3608870967741935
420034592012,Block Group 2; Census Tract 4592.01; Allegheny County; Pennsylvania,2031,177,8.714918759231907,19,1.4705882352941175,168,8.421052631578947
420034592013,Block Group 3; Census Tract 4592.01; Allegheny County; Pennsylvania,2749,472,17.169879956347764,12,1.0160880609652836,164,6.056129985228951
420034592014,Block Group 4; Census Tract 4592.01; Allegheny County; Pennsylvania,607,190,31.30148270181219,0,0.0,0,0.0
420034592021,Block Group 1; Census Tract 4592.02; Allegheny County; Pennsylvania,633,108,17.061611374407583,12,2.4539877300613497,63,9.95260663507109
420034600011,Block Group 1; Census Tract 4600.01; Allegheny County; Pennsylvania,1247,527,42.26142742582197,128,21.993127147766323,68,5.475040257648954
420034600012,Block Group 2; Census Tract 4600.01; Allegheny County; Pennsylvania,1640,240,14.634146341463412,83,13.153724247226624,72,4.4471896232242125
420034600013,Block Group 3; Census Tract 4600.01; Allegheny County; Pennsylvania,1996,392,19.639278557114228,83,8.400809716599191,43,2.154308617234469
420034600021,Block Group 1; Census Tract 4600.02; Allegheny County; Pennsylvania,1231,238,19.33387489845654,55,8.870967741935484,226,18.359057676685623
420034600022,Block Group 2; Census Tract 4600.02; Allegheny County; Pennsylvania,1752,561,32.02054794520548,31,3.5428571428571427,120,6.86106346483705
420034600023,Block Group 3; Census Tract 4600.02; Allegheny County; Pennsylvania,733,127,17.32605729877217,0,0.0,0,0.0
420034610001,Block Group 1; Census Tract 4610; Allegheny County; Pennsylvania,946,259,27.3784355179704,39,6.4784053156146175,123,13.002114164904862
420034621001,Block Group 1; Census Tract 4621; Allegheny County; Pennsylvania,296,90,30.405405405405407,32,14.814814814814811,49,16.554054054054053
420034621002,Block Group 2; Census Tract 4621; Allegheny County; Pennsylvania,940,194,20.638297872340424,12,2.857142857142857,34,3.803131991051454
420034621003,Block Group 3; Census Tract 4621; Allegheny County; Pennsylvania,1479,159,10.75050709939148,40,6.31911532385466,654,44.61118690313779
420034626001,Block Group 1; Census Tract 4626; Allegheny County; Pennsylvania,958,155,16.17954070981211,98,17.594254937163374,192,20.041753653444676
420034626002,Block Group 2; Census Tract 4626; Allegheny County; Pennsylvania,1015,113,11.133004926108374,206,43.18658280922432,278,27.389162561576352
420034626003,Block Group 3; Census Tract 4626; Allegheny County; Pennsylvania,392,83,21.1734693877551,75,25.252525252525253,150,38.265306122448976
420034626004,Block Group 4; Census Tract 4626; Allegheny County; Pennsylvania,1304,157,12.039877300613496,158,23.975720789074355,131,10.04601226993865
420034639001,Block Group 1; Census Tract 4639; Allegheny County; Pennsylvania,1163,95,8.16852966466036,90,12.622720897615707,101,8.684436801375753
420034639002,Block Group 2; Census Tract 4639; Allegheny County; Pennsylvania,564,85,15.070921985815602,141,36.71875,124,21.98581560283688
420034639003,Block Group 3; Census Tract 4639; Allegheny County; Pennsylvania,1351,186,13.76757957068838,266,51.85185185185185,375,29.00232018561485
420034643001,Block Group 1; Census Tract 4643; Allegheny County; Pennsylvania,1342,275,20.49180327868853,136,22.93423271500843,267,19.895678092399404
420034643002,Block Group 2; Census Tract 4643; Allegheny County; Pennsylvania,874,93,10.640732265446225,100,21.50537634408602,34,3.8901601830663615
420034643003,Block Group 3; Census Tract 4643; Allegheny County; Pennsylvania,1135,218,19.20704845814978,43,9.492273730684326,142,12.511013215859032
420034644001,Block Group 1; Census Tract 4644; Allegheny County; Pennsylvania,801,250,31.21098626716604,122,22.88930581613508,338,43.11224489795919
420034644002,Block Group 2; Census Tract 4644; Allegheny County; Pennsylvania,995,127,12.763819095477386,143,20.84548104956268,394,39.597989949748744
420034644003,Block Group 3; Census Tract 4644; Allegheny County; Pennsylvania,1019,211,20.70657507360157,216,39.416058394160586,545,56.53526970954357
420034656001,Block Group 1; Census Tract 4656; Allegheny County; Pennsylvania,1360,228,16.76470588235294,231,29.844961240310077,117,8.602941176470589
420034656002,Block Group 2; Census Tract 4656; Allegheny County; Pennsylvania,1119,468,41.8230563002681,91,13.914373088685014,81,7.2450805008944545
420034658001,Block Group 1; Census Tract 4658; Allegheny County; Pennsylvania,1291,154,11.928737412858249,43,5.914718019257221,140,10.96319498825372
420034658002,Block Group 2; Census Tract 4658; Allegheny County; Pennsylvania,1428,124,8.683473389355742,50,7.776049766718507,48,3.361344537815126
420034658003,Block Group 3; Census Tract 4658; Allegheny County; Pennsylvania,846,203,23.995271867612296,12,2.5423728813559325,22,2.6004728132387704
420034687001,Block Group 1; Census Tract 4687; Allegheny County; Pennsylvania,1048,266,25.38167938931298,39,6.655290102389079,255,24.355300859598856
420034687002,Block Group 2; Census Tract 4687; Allegheny County; Pennsylvania,692,111,16.040462427745663,5,1.547987616099071,5,0.7225433526011561
420034688001,Block Group 1; Census Tract 4688; Allegheny County; Pennsylvania,527,177,33.586337760910816,116,31.351351351351354,51,9.67741935483871
420034688002,Block Group 2; Census Tract 4688; Allegheny County; Pennsylvania,820,120,14.634146341463412,73,21.282798833819243,72,8.780487804878048
420034688003,Block Group 3; Census Tract 4688; Allegheny County; Pennsylvania,1175,219,18.638297872340427,21,2.8925619834710745,50,4.25531914893617
420034689001,Block Group 1; Census Tract 4689; Allegheny County; Pennsylvania,1448,305,21.06353591160221,83,9.741784037558686,65,4.488950276243094
420034689002,Block Group 2; Census Tract 4689; Allegheny County; Pennsylvania,773,160,20.69857697283312,36,8.314087759815243,30,3.8809831824062093
420034689003,Block Group 3; Census Tract 4689; Allegheny County; Pennsylvania,1584,299,18.876262626262623,205,24.17452830188679,326,20.58080808080808
420034690001,Block Group 1; Census Tract 4690; Allegheny County; Pennsylvania,1130,164,14.513274336283184,0,0.0,118,10.442477876106194
420034690002,Block Group 2; Census Tract 4690; Allegheny County; Pennsylvania,2025,568,28.049382716049383,14,1.4799154334038054,187,9.234567901234568
420034690003,Block Group 3; Census Tract 4690; Allegheny County; Pennsylvania,1715,433,25.24781341107872,61,6.4482029598308666,94,5.481049562682216
420034703001,Block Group 1; Census Tract 4703; Allegheny County; Pennsylvania,1961,540,27.536970933197345,100,11.001100110011002,20,1.0198878123406425
420034703002,Block Group 2; Census Tract 4703; Allegheny County; Pennsylvania,2047,940,45.92085979482169,68,6.608357628765791,59,3.434225844004657
420034704001,Block Group 1; Census Tract 4704; Allegheny County; Pennsylvania,684,214,31.28654970760234,26,6.842105263157896,67,9.7953216374269
420034704002,Block Group 2; Census Tract 4704; Allegheny County; Pennsylvania,995,180,18.09045226130653,0,0.0,6,0.6030150753768844
420034704003,Block Group 3; Census Tract 4704; Allegheny County; Pennsylvania,1283,202,15.744349181605614,48,7.830342577487764,72,5.611847233047545
420034705011,Block Group 1; Census Tract 4705.01; Allegheny County; Pennsylvania,3056,134,4.384816753926701,82,5.529332434254889,29,0.9489528795811518
420034705012,Block Group 2; Census Tract 4705.01; Allegheny County; Pennsylvania,1288,425,32.99689440993789,60,6.659267480577137,65,5.046583850931677
420034705021,Block Group 1; Census Tract 4705.02; Allegheny County; Pennsylvania,1454,318,21.8707015130674,40,5.865102639296188,47,3.2324621733149934
420034705022,Block Group 2; Census Tract 4705.02; Allegheny County; Pennsylvania,1607,646,40.19912881144991,9,1.4018691588785046,26,1.8220042046250877
420034706001,Block Group 1; Census Tract 4706; Allegheny County; Pennsylvania,1595,316,19.81191222570533,33,3.745743473325766,71,4.451410658307211
420034706002,Block Group 2; Census Tract 4706; Allegheny County; Pennsylvania,622,72,11.57556270096463,75,24.271844660194176,21,3.376205787781351
420034706003,Block Group 3; Census Tract 4706; Allegheny County; Pennsylvania,897,235,26.198439241917505,9,2.556818181818182,0,0.0
420034710001,Block Group 1; Census Tract 4710; Allegheny County; Pennsylvania,1254,211,16.826156299840513,62,8.695652173913043,74,5.9967585089141
420034721001,Block Group 1; Census Tract 4721; Allegheny County; Pennsylvania,1171,193,16.481639624252775,58,7.464607464607464,67,5.721605465414176
420034721002,Block Group 2; Census Tract 4721; Allegheny County; Pennsylvania,986,179,18.154158215010145,56,10.163339382940109,51,5.172413793103448
420034722001,Block Group 1; Census Tract 4722; Allegheny County; Pennsylvania,1232,252,20.454545454545457,132,20.496894409937887,99,8.035714285714286
420034722002,Block Group 2; Census Tract 4722; Allegheny County; Pennsylvania,1093,71,6.495882891125343,38,5.81039755351682,145,13.266239707227815
420034723001,Block Group 1; Census Tract 4723; Allegheny County; Pennsylvania,1173,165,14.066496163682864,102,15.315315315315312,119,10.144927536231885
420034723002,Block Group 2; Census Tract 4723; Allegheny County; Pennsylvania,674,118,17.50741839762611,30,6.787330316742081,28,4.154302670623145
420034724001,Block Group 1; Census Tract 4724; Allegheny County; Pennsylvania,1066,131,12.288930581613508,19,3.909465020576132,107,10.037523452157599
420034724002,Block Group 2; Census Tract 4724; Allegheny County; Pennsylvania,804,166,20.64676616915423,5,1.3227513227513228,82,10.199004975124378
420034731001,Block Group 1; Census Tract 4731; Allegheny County; Pennsylvania,1290,179,13.875968992248062,15,2.857142857142857,56,4.341085271317829
420034731002,Block Group 2; Census Tract 4731; Allegheny County; Pennsylvania,606,153,25.247524752475247,0,0.0,25,4.125412541254125
420034731003,Block Group 3; Census Tract 4731; Allegheny County; Pennsylvania,988,143,14.473684210526317,15,3.282275711159737,131,13.259109311740891
420034731004,Block Group 4; Census Tract 4731; Allegheny County; Pennsylvania,651,112,17.20430107526882,0,0.0,0,0.0
420034731005,Block Group 5; Census Tract 4731; Allegheny County; Pennsylvania,1288,214,16.61490683229814,198,31.98707592891761,62,4.813664596273292
420034732001,Block Group 1; Census Tract 4732; Allegheny County; Pennsylvania,828,177,21.3768115942029,111,27.543424317617863,131,15.821256038647343
420034732002,Block Group 2; Census Tract 4732; Allegheny County; Pennsylvania,1156,206,17.82006920415225,110,18.27242524916944,96,8.362369337979095
420034732003,Block Group 3; Census Tract 4732; Allegheny County; Pennsylvania,1101,381,34.60490463215259,25,3.7993920972644375,9,0.8174386920980926
420034733001,Block Group 1; Census Tract 4733; Allegheny County; Pennsylvania,942,223,23.673036093418258,108,19.494584837545126,16,1.6985138004246285
420034733002,Block Group 2; Census Tract 4733; Allegheny County; Pennsylvania,1576,361,22.90609137055837,0,0.0,147,9.327411167512691
420034733003,Block Group 3; Census Tract 4733; Allegheny County; Pennsylvania,1170,179,15.2991452991453,0,0.0,17,1.452991452991453
420034733004,Block Group 4; Census Tract 4733; Allegheny County; Pennsylvania,1100,322,29.272727272727277,77,21.2707182320442,196,20.16460905349794
420034733005,Block Group 5; Census Tract 4733; Allegheny County; Pennsylvania,1132,145,12.809187279151942,0,0.0,0,0.0
420034734011,Block Group 1; Census Tract 4734.01; Allegheny County; Pennsylvania,775,91,11.741935483870968,10,3.484320557491289,61,7.870967741935483
420034734012,Block Group 2; Census Tract 4734.01; Allegheny County; Pennsylvania,728,71,9.752747252747254,12,4.195804195804196,32,4.395604395604396
420034734013,Block Group 3; Census Tract 4734.01; Allegheny County; Pennsylvania,967,114,11.789038262668043,119,24.791666666666668,67,6.928645294725956
420034734014,Block Group 4; Census Tract 4734.01; Allegheny County; Pennsylvania,1360,205,15.073529411764705,31,5.646630236794172,98,7.205882352941176
420034734021,Block Group 1; Census Tract 4734.02; Allegheny County; Pennsylvania,1029,182,17.687074829931973,81,15.69767441860465,112,10.884353741496598
420034734022,Block Group 2; Census Tract 4734.02; Allegheny County; Pennsylvania,1005,101,10.049751243781095,0,0.0,2,0.1990049751243781
420034734023,Block Group 3; Census Tract 4734.02; Allegheny County; Pennsylvania,1725,404,23.42028985507246,0,0.0,140,8.115942028985506
420034735001,Block Group 1; Census Tract 4735; Allegheny County; Pennsylvania,906,135,14.90066225165563,0,0.0,0,0.0
420034735002,Block Group 2; Census Tract 4735; Allegheny County; Pennsylvania,935,125,13.368983957219251,19,5.604719764011799,0,0.0
420034735003,Block Group 3; Census Tract 4735; Allegheny County; Pennsylvania,1928,334,17.323651452282157,0,0.0,0,0.0
420034736011,Block Group 1; Census Tract 4736.01; Allegheny County; Pennsylvania,761,207,27.201051248357423,0,0.0,129,16.951379763469117
420034736012,Block Group 2; Census Tract 4736.01; Allegheny County; Pennsylvania,1652,499,30.205811138014525,136,19.2090395480226,24,1.5267175572519083
420034736013,Block Group 3; Census Tract 4736.01; Allegheny County; Pennsylvania,1475,302,20.47457627118644,21,3.3175355450236967,32,2.169491525423729
420034736021,Block Group 1; Census Tract 4736.02; Allegheny County; Pennsylvania,540,96,17.77777777777778,0,0.0,0,0.0
420034736022,Block Group 2; Census Tract 4736.02; Allegheny County; Pennsylvania,2450,606,24.73469387755102,37,4.707379134860051,32,1.306122448979592
420034736023,Block Group 3; Census Tract 4736.02; Allegheny County; Pennsylvania,596,137,22.98657718120805,0,0.0,0,0.0
420034736024,Block Group 4; Census Tract 4736.02; Allegheny County; Pennsylvania,1094,576,52.6508226691042,135,18.723994452149796,73,7.403651115618662
420034741011,Block Group 1; Census Tract 4741.01; Allegheny County; Pennsylvania,2309,374,16.197488090082288,22,2.3529411764705883,249,10.783889129493287
420034741012,Block Group 2; Census Tract 4741.01; Allegheny County; Pennsylvania,1938,235,12.12590299277606,0,0.0,38,1.9607843137254901
420034741021,Block Group 1; Census Tract 4741.02; Allegheny County; Pennsylvania,2447,576,23.53902738046588,105,11.437908496732026,62,2.53371475275848
420034741022,Block Group 2; Census Tract 4741.02; Allegheny County; Pennsylvania,1434,222,15.481171548117151,59,9.983079526226735,81,5.648535564853557
420034742011,Block Group 1; Census Tract 4742.01; Allegheny County; Pennsylvania,1122,344,30.65953654188948,7,1.6826923076923077,24,2.13903743315508
420034742012,Block Group 2; Census Tract 4742.01; Allegheny County; Pennsylvania,1573,200,12.714558169103624,0,0.0,6,0.3814367450731087
420034742021,Block Group 1; Census Tract 4742.02; Allegheny County; Pennsylvania,2127,677,31.828866948754115,152,13.84335154826958,45,2.1855269548324427
420034742022,Block Group 2; Census Tract 4742.02; Allegheny County; Pennsylvania,3167,492,15.535206820334702,0,0.0,4,0.12630249447426586
420034742031,Block Group 1; Census Tract 4742.03; Allegheny County; Pennsylvania,1530,279,18.235294117647054,0,0.0,18,1.1764705882352942
420034742032,Block Group 2; Census Tract 4742.03; Allegheny County; Pennsylvania,774,171,22.093023255813957,0,0.0,11,1.421188630490956
420034742033,Block Group 3; Census Tract 4742.03; Allegheny County; Pennsylvania,2540,384,15.118110236220472,17,1.9836639439906647,60,2.3622047244094486
420034751011,Block Group 1; Census Tract 4751.01; Allegheny County; Pennsylvania,1083,289,26.68513388734996,16,3.0828516377649327,150,13.850415512465375
420034751012,Block Group 2; Census Tract 4751.01; Allegheny County; Pennsylvania,674,174,25.816023738872403,19,5.163043478260869,33,4.896142433234421
420034751013,Block Group 3; Census Tract 4751.01; Allegheny County; Pennsylvania,1365,333,24.395604395604398,60,10.16949152542373,96,7.032967032967033
420034751014,Block Group 4; Census Tract 4751.01; Allegheny County; Pennsylvania,1484,722,48.65229110512129,147,13.043478260869565,108,8.169440242057489
420034751021,Block Group 1; Census Tract 4751.02; Allegheny County; Pennsylvania,1739,350,20.126509488211617,17,2.4355300859598854,45,2.587694077055779
420034752001,Block Group 1; Census Tract 4752; Allegheny County; Pennsylvania,858,176,20.51282051282051,0,0.0,40,4.662004662004662
420034752002,Block Group 2; Census Tract 4752; Allegheny County; Pennsylvania,1730,262,15.144508670520231,0,0.0,121,6.994219653179192
420034752003,Block Group 3; Census Tract 4752; Allegheny County; Pennsylvania,1046,231,22.084130019120455,45,11.083743842364532,20,1.9120458891013385
420034752004,Block Group 4; Census Tract 4752; Allegheny County; Pennsylvania,1756,462,26.30979498861048,73,8.742514970059881,65,3.7015945330296125
420034753011,Block Group 1; Census Tract 4753.01; Allegheny County; Pennsylvania,687,454,66.0844250363901,22,4.661016949152542,66,9.606986899563319
420034753012,Block Group 2; Census Tract 4753.01; Allegheny County; Pennsylvania,700,158,22.57142857142857,0,0.0,4,0.5714285714285714
420034753013,Block Group 3; Census Tract 4753.01; Allegheny County; Pennsylvania,2350,290,12.340425531914894,65,7.190265486725664,98,4.170212765957447
420034753014,Block Group 4; Census Tract 4753.01; Allegheny County; Pennsylvania,868,204,23.50230414746544,50,8.47457627118644,22,2.5345622119815667
420034753031,Block Group 1; Census Tract 4753.03; Allegheny County; Pennsylvania,1695,548,32.33038348082596,51,7.555555555555555,44,2.5958702064896757
420034753032,Block Group 2; Census Tract 4753.03; Allegheny County; Pennsylvania,1101,262,23.79654859218892,13,2.7196652719665275,36,3.2697547683923704
420034753033,Block Group 3; Census Tract 4753.03; Allegheny County; Pennsylvania,1412,259,18.342776203966004,0,0.0,26,1.8413597733711047
420034753041,Block Group 1; Census Tract 4753.04; Allegheny County; Pennsylvania,835,206,24.67065868263473,0,0.0,18,2.155688622754491
420034753042,Block Group 2; Census Tract 4753.04; Allegheny County; Pennsylvania,2352,285,12.11734693877551,0,0.0,2,0.08576329331046312
420034753043,Block Group 3; Census Tract 4753.04; Allegheny County; Pennsylvania,931,350,37.59398496240601,49,9.36902485659656,68,7.727272727272727
420034753044,Block Group 4; Census Tract 4753.04; Allegheny County; Pennsylvania,1446,323,22.337482710926697,14,2.2617124394184165,154,10.650069156293222
420034754011,Block Group 1; Census Tract 4754.01; Allegheny County; Pennsylvania,1197,367,30.65998329156224,74,12.982456140350877,42,3.508771929824561
420034754012,Block Group 2; Census Tract 4754.01; Allegheny County; Pennsylvania,1603,446,27.822832189644416,25,3.1969309462915603,36,2.247191011235955
420034754013,Block Group 3; Census Tract 4754.01; Allegheny County; Pennsylvania,1113,380,34.14195867026056,10,1.557632398753894,111,9.973045822102426
420034754021,Block Group 1; Census Tract 4754.02; Allegheny County; Pennsylvania,1251,341,27.258193445243805,9,1.5789473684210529,41,3.277378097521982
420034754022,Block Group 2; Census Tract 4754.02; Allegheny County; Pennsylvania,1999,310,15.507753876938468,54,6.2717770034843205,114,5.702851425712856
420034761001,Block Group 1; Census Tract 4761; Allegheny County; Pennsylvania,306,127,41.50326797385621,15,9.803921568627452,0,0.0
420034761002,Block Group 2; Census Tract 4761; Allegheny County; Pennsylvania,692,174,25.14450867052023,23,9.019607843137257,154,22.254335260115607
420034761003,Block Group 3; Census Tract 4761; Allegheny County; Pennsylvania,534,164,30.711610486891384,55,13.71571072319202,130,24.344569288389515
420034761004,Block Group 4; Census Tract 4761; Allegheny County; Pennsylvania,1506,296,19.654714475431607,213,19.758812615955478,150,9.9601593625498
420034761005,Block Group 5; Census Tract 4761; Allegheny County; Pennsylvania,1923,152,7.904316172646905,17,2.711323763955343,31,1.6120644825793031
420034762001,Block Group 1; Census Tract 4762; Allegheny County; Pennsylvania,498,170,34.13654618473896,0,0.0,25,5.020080321285141
420034762002,Block Group 2; Census Tract 4762; Allegheny County; Pennsylvania,1642,229,13.94640682095006,65,8.96551724137931,41,2.496954933008526
420034762003,Block Group 3; Census Tract 4762; Allegheny County; Pennsylvania,1182,340,28.76480541455161,22,3.754266211604096,155,13.11336717428088
420034771001,Block Group 1; Census Tract 4771; Allegheny County; Pennsylvania,1488,564,37.903225806451616,26,3.3986928104575163,70,4.704301075268817
420034771002,Block Group 2; Census Tract 4771; Allegheny County; Pennsylvania,881,359,40.74914869466515,32,6.896551724137931,40,4.7225501770956315
420034771003,Block Group 3; Census Tract 4771; Allegheny County; Pennsylvania,1533,269,17.54729288975864,38,6.333333333333334,231,15.177398160315375
420034772001,Block Group 1; Census Tract 4772; Allegheny County; Pennsylvania,780,267,34.23076923076923,38,8.837209302325581,28,3.5897435897435894
420034772002,Block Group 2; Census Tract 4772; Allegheny County; Pennsylvania,595,173,29.075630252100844,24,8.51063829787234,0,0.0
420034772003,Block Group 3; Census Tract 4772; Allegheny County; Pennsylvania,1139,192,16.856892010535557,0,0.0,12,1.0535557506584723
420034772004,Block Group 4; Census Tract 4772; Allegheny County; Pennsylvania,1975,768,38.88607594936709,97,10.319148936170212,120,6.604292790313703
420034773001,Block Group 1; Census Tract 4773; Allegheny County; Pennsylvania,2201,268,12.176283507496592,302,29.235237173281703,580,26.53247941445563
420034773002,Block Group 2; Census Tract 4773; Allegheny County; Pennsylvania,344,16,4.651162790697675,38,12.17948717948718,22,6.395348837209303
420034773003,Block Group 3; Census Tract 4773; Allegheny County; Pennsylvania,999,210,21.02102102102102,13,2.564102564102564,0,0.0
420034773004,Block Group 4; Census Tract 4773; Allegheny County; Pennsylvania,923,230,24.918743228602384,0,0.0,18,1.9501625135427951
420034773005,Block Group 5; Census Tract 4773; Allegheny County; Pennsylvania,2051,327,15.943442223305704,116,12.045690550363448,169,8.239882983910288
420034781001,Block Group 1; Census Tract 4781; Allegheny County; Pennsylvania,1248,128,10.256410256410255,95,20.74235807860262,460,37.307380373073805
420034781002,Block Group 2; Census Tract 4781; Allegheny County; Pennsylvania,1022,98,9.58904109589041,36,8.21917808219178,173,16.927592954990214
420034781003,Block Group 3; Census Tract 4781; Allegheny County; Pennsylvania,1117,391,35.00447627573858,197,29.22848664688427,45,4.028648164726947
420034781004,Block Group 4; Census Tract 4781; Allegheny County; Pennsylvania,970,108,11.134020618556702,34,6.007067137809187,37,3.814432989690722
420034782001,Block Group 1; Census Tract 4782; Allegheny County; Pennsylvania,1479,364,24.61122379986477,109,15.352112676056336,57,3.8539553752535496
420034782002,Block Group 2; Census Tract 4782; Allegheny County; Pennsylvania,2196,384,17.48633879781421,0,0.0,286,13.02367941712204
420034782003,Block Group 3; Census Tract 4782; Allegheny County; Pennsylvania,1950,251,12.871794871794872,341,32.16981132075472,257,13.179487179487179
420034790001,Block Group 1; Census Tract 4790; Allegheny County; Pennsylvania,1024,201,19.62890625,18,4.063205417607223,71,6.93359375
420034790002,Block Group 2; Census Tract 4790; Allegheny County; Pennsylvania,938,187,19.936034115138597,4,0.9433962264150944,10,1.0660980810234542
420034801011,Block Group 1; Census Tract 4801.01; Allegheny County; Pennsylvania,966,144,14.906832298136646,0,0.0,0,0.0
420034801012,Block Group 2; Census Tract 4801.01; Allegheny County; Pennsylvania,757,216,28.533685601056803,61,14.252336448598127,18,2.3778071334214
420034801013,Block Group 3; Census Tract 4801.01; Allegheny County; Pennsylvania,1604,205,12.780548628428928,134,17.701453104359313,342,21.3216957605985
420034801014,Block Group 4; Census Tract 4801.01; Allegheny County; Pennsylvania,2272,376,16.549295774647888,250,21.043771043771045,425,20.009416195856875
420034801021,Block Group 1; Census Tract 4801.02; Allegheny County; Pennsylvania,1073,194,18.08014911463188,59,13.72093023255814,12,1.1183597390493942
420034801022,Block Group 2; Census Tract 4801.02; Allegheny County; Pennsylvania,1090,228,20.91743119266055,13,3.0660377358490565,29,2.6605504587155964
420034801023,Block Group 3; Census Tract 4801.02; Allegheny County; Pennsylvania,947,338,35.691657866948255,2,0.4761904761904762,61,6.441393875395987
420034802001,Block Group 1; Census Tract 4802; Allegheny County; Pennsylvania,2480,722,29.11290322580645,19,1.8147086914995223,43,1.8760907504363002
420034802002,Block Group 2; Census Tract 4802; Allegheny County; Pennsylvania,574,184,32.05574912891986,0,0.0,12,2.0905923344947737
420034802003,Block Group 3; Census Tract 4802; Allegheny County; Pennsylvania,704,194,27.556818181818183,0,0.0,70,9.943181818181818
420034803001,Block Group 1; Census Tract 4803; Allegheny County; Pennsylvania,629,131,20.82670906200318,7,2.2508038585209005,77,12.241653418124006
420034803002,Block Group 2; Census Tract 4803; Allegheny County; Pennsylvania,1546,391,25.291073738680463,14,1.9417475728155336,24,1.5523932729624839
420034803003,Block Group 3; Census Tract 4803; Allegheny County; Pennsylvania,1505,222,14.750830564784051,8,1.2307692307692308,76,5.04983388704319
420034804001,Block Group 1; Census Tract 4804; Allegheny County; Pennsylvania,1642,291,17.72228989037759,105,13.797634691195796,162,9.866017052375152
420034804002,Block Group 2; Census Tract 4804; Allegheny County; Pennsylvania,1011,239,23.63996043521266,12,2.7210884353741496,166,16.419386745796242
420034804003,Block Group 3; Census Tract 4804; Allegheny County; Pennsylvania,1576,203,12.880710659898478,21,2.5798525798525795,54,3.4263959390862944
420034804004,Block Group 4; Census Tract 4804; Allegheny County; Pennsylvania,890,324,36.40449438202247,74,19.12144702842377,3,0.3436426116838488
420034810001,Block Group 1; Census Tract 4810; Allegheny County; Pennsylvania,990,119,12.02020202020202,110,26.442307692307693,123,13.085106382978722
420034810002,Block Group 2; Census Tract 4810; Allegheny County; Pennsylvania,948,92,9.70464135021097,290,51.69340463458111,266,28.059071729957807
420034810003,Block Group 3; Census Tract 4810; Allegheny County; Pennsylvania,896,83,9.263392857142858,231,43.09701492537313,300,33.89830508474576
420034810004,Block Group 4; Census Tract 4810; Allegheny County; Pennsylvania,523,152,29.063097514340345,43,13.069908814589663,142,27.151051625239003
420034825001,Block Group 1; Census Tract 4825; Allegheny County; Pennsylvania,1747,370,21.17916428162564,55,5.971769815418024,144,8.24270177447052
420034838001,Block Group 1; Census Tract 4838; Allegheny County; Pennsylvania,883,126,14.269535673839185,60,16.216216216216218,333,37.712344280860705
420034838002,Block Group 2; Census Tract 4838; Allegheny County; Pennsylvania,1219,391,32.075471698113205,300,40.76086956521739,282,23.133716160787532
420034838003,Block Group 3; Census Tract 4838; Allegheny County; Pennsylvania,803,250,31.133250311332507,109,19.429590017825312,164,20.423412204234122
420034843001,Block Group 1; Census Tract 4843; Allegheny County; Pennsylvania,985,94,9.543147208121828,143,28.48605577689243,0,0.0
420034843002,Block Group 2; Census Tract 4843; Allegheny County; Pennsylvania,1531,179,11.691704768125408,58,8.936825885978427,121,7.90333115610712
420034843003,Block Group 3; Census Tract 4843; Allegheny County; Pennsylvania,1007,187,18.570009930486595,235,38.27361563517916,115,11.420059582919563
420034845001,Block Group 1; Census Tract 4845; Allegheny County; Pennsylvania,1882,500,26.56748140276301,193,22.626025791324736,147,7.810839532412326
420034845002,Block Group 2; Census Tract 4845; Allegheny County; Pennsylvania,940,232,24.680851063829788,101,16.974789915966387,14,1.4893617021276597
420034845003,Block Group 3; Census Tract 4845; Allegheny County; Pennsylvania,886,151,17.042889390519186,44,7.8711985688729875,267,30.135440180586908
420034845004,Block Group 4; Census Tract 4845; Allegheny County; Pennsylvania,1692,397,23.46335697399527,35,3.783783783783784,427,25.236406619385342
420034846001,Block Group 1; Census Tract 4846; Allegheny County; Pennsylvania,814,343,42.13759213759214,182,28.34890965732087,227,27.88697788697789
420034846002,Block Group 2; Census Tract 4846; Allegheny County; Pennsylvania,1001,218,21.77822177822178,113,22.7364185110664,100,10.438413361169102
420034850001,Block Group 1; Census Tract 4850; Allegheny County; Pennsylvania,1232,186,15.0974025974026,83,12.868217054263567,324,26.2987012987013
420034867001,Block Group 1; Census Tract 4867; Allegheny County; Pennsylvania,1010,288,28.51485148514851,250,33.692722371967655,120,11.881188118811881
420034867002,Block Group 2; Census Tract 4867; Allegheny County; Pennsylvania,1136,84,7.394366197183098,249,46.9811320754717,194,17.10758377425044
420034868001,Block Group 1; Census Tract 4868; Allegheny County; Pennsylvania,657,100,15.220700152207002,49,11.36890951276102,335,51.0670731707317
420034868002,Block Group 2; Census Tract 4868; Allegheny County; Pennsylvania,849,55,6.478209658421672,57,15.07936507936508,111,13.074204946996467
420034869001,Block Group 1; Census Tract 4869; Allegheny County; Pennsylvania,961,90,9.365244536940686,87,22.894736842105264,432,44.9531737773153
420034869002,Block Group 2; Census Tract 4869; Allegheny County; Pennsylvania,628,150,23.88535031847134,24,5.985037406483791,161,25.636942675159236
420034870001,Block Group 1; Census Tract 4870; Allegheny County; Pennsylvania,780,194,24.871794871794872,0,0.0,34,4.358974358974359
420034870002,Block Group 2; Census Tract 4870; Allegheny County; Pennsylvania,834,211,25.29976019184652,82,13.464696223316912,184,22.062350119904075
420034881001,Block Group 1; Census Tract 4881; Allegheny County; Pennsylvania,1037,190,18.322082931533267,44,8.208955223880597,74,7.135969141755062
420034881002,Block Group 2; Census Tract 4881; Allegheny County; Pennsylvania,964,203,21.058091286307054,39,8.944954128440367,87,9.024896265560166
420034882001,Block Group 1; Census Tract 4882; Allegheny County; Pennsylvania,1869,163,8.721241305510969,114,17.194570135746606,841,44.99732477260567
420034882002,Block Group 2; Census Tract 4882; Allegheny County; Pennsylvania,597,139,23.28308207705193,25,9.652509652509652,20,3.350083752093802
420034882003,Block Group 3; Census Tract 4882; Allegheny County; Pennsylvania,989,267,26.99696663296259,23,4.52755905511811,77,9.080188679245282
420034883001,Block Group 1; Census Tract 4883; Allegheny County; Pennsylvania,980,294,30.0,38,7.818930041152264,58,5.918367346938775
420034883002,Block Group 2; Census Tract 4883; Allegheny County; Pennsylvania,999,268,26.826826826826828,27,5.613305613305614,129,12.912912912912914
420034884001,Block Group 1; Census Tract 4884; Allegheny County; Pennsylvania,966,240,24.84472049689441,29,5.253623188405797,152,15.734989648033126
420034884002,Block Group 2; Census Tract 4884; Allegheny County; Pennsylvania,1216,121,9.950657894736842,15,3.579952267303103,56,4.605263157894736
420034884003,Block Group 3; Census Tract 4884; Allegheny County; Pennsylvania,736,176,23.91304347826087,114,27.014218009478675,83,11.277173913043478
420034884004,Block Group 4; Census Tract 4884; Allegheny County; Pennsylvania,1315,268,20.380228136882128,49,6.67574931880109,219,16.65399239543726
420034885001,Block Group 1; Census Tract 4885; Allegheny County; Pennsylvania,1478,198,13.396481732070365,65,11.690647482014388,8,0.5460750853242321
420034885002,Block Group 2; Census Tract 4885; Allegheny County; Pennsylvania,953,172,18.048268625393494,31,6.090373280943026,65,6.8205666316894025
420034885003,Block Group 3; Census Tract 4885; Allegheny County; Pennsylvania,366,61,16.666666666666664,0,0.0,24,6.557377049180328
420034886001,Block Group 1; Census Tract 4886; Allegheny County; Pennsylvania,676,104,15.384615384615383,0,0.0,198,29.289940828402365
420034886002,Block Group 2; Census Tract 4886; Allegheny County; Pennsylvania,1327,76,5.727204220045215,99,16.045380875202593,293,22.07987942727958
420034886003,Block Group 3; Census Tract 4886; Allegheny County; Pennsylvania,1124,376,33.45195729537366,15,3.171247357293869,4,0.3558718861209964
420034886004,Block Group 4; Census Tract 4886; Allegheny County; Pennsylvania,1914,382,19.958202716823408,29,3.352601156069364,183,9.566126502875065
420034890011,Block Group 1; Census Tract 4890.01; Allegheny County; Pennsylvania,923,99,10.725893824485372,0,0.0,0,0.0
420034890012,Block Group 2; Census Tract 4890.01; Allegheny County; Pennsylvania,1382,487,35.23878437047757,40,5.167958656330749,63,4.960629921259843
420034890013,Block Group 3; Census Tract 4890.01; Allegheny County; Pennsylvania,2531,544,21.49348083761359,43,3.9741219963031424,128,5.057289608850256
420034890021,Block Group 1; Census Tract 4890.02; Allegheny County; Pennsylvania,809,94,11.61928306551298,10,2.680965147453083,54,6.6749072929542645
420034890022,Block Group 2; Census Tract 4890.02; Allegheny County; Pennsylvania,1094,318,29.06764168190128,49,8.90909090909091,47,4.296160877513711
420034890023,Block Group 3; Census Tract 4890.02; Allegheny County; Pennsylvania,918,308,33.551198257080614,0,0.0,48,5.228758169934641
420034890024,Block Group 4; Census Tract 4890.02; Allegheny County; Pennsylvania,799,141,17.647058823529413,77,21.75141242937853,10,1.2515644555694618
420034900021,Block Group 1; Census Tract 4900.02; Allegheny County; Pennsylvania,763,161,21.100917431192663,0,0.0,0,0.0
420034900022,Block Group 2; Census Tract 4900.02; Allegheny County; Pennsylvania,994,355,35.714285714285715,1,0.2164502164502164,0,0.0
420034900023,Block Group 3; Census Tract 4900.02; Allegheny County; Pennsylvania,1581,418,26.43896268184693,34,4.121212121212121,79,5.019059720457434
420034900024,Block Group 4; Census Tract 4900.02; Allegheny County; Pennsylvania,1075,72,6.697674418604652,0,0.0,73,6.790697674418604
420034900025,Block Group 5; Census Tract 4900.02; Allegheny County; Pennsylvania,614,111,18.078175895765472,0,0.0,17,2.768729641693811
420034900031,Block Group 1; Census Tract 4900.03; Allegheny County; Pennsylvania,927,190,20.496224379719525,18,5.202312138728324,10,1.0787486515641855
420034900032,Block Group 2; Census Tract 4900.03; Allegheny County; Pennsylvania,1268,203,16.009463722397477,0,0.0,88,6.940063091482649
420034900033,Block Group 3; Census Tract 4900.03; Allegheny County; Pennsylvania,1580,322,20.37974683544304,26,3.92156862745098,153,9.683544303797468
420034900041,Block Group 1; Census Tract 4900.04; Allegheny County; Pennsylvania,1868,439,23.501070663811564,64,7.646356033452808,132,7.066381156316917
420034900042,Block Group 2; Census Tract 4900.04; Allegheny County; Pennsylvania,2380,314,13.19327731092437,7,0.9138381201044388,0,0.0
420034900043,Block Group 3; Census Tract 4900.04; Allegheny County; Pennsylvania,652,115,17.63803680981595,10,3.257328990228013,28,4.294478527607362
420034911011,Block Group 1; Census Tract 4911.01; Allegheny County; Pennsylvania,3948,985,24.94934143870314,81,5.24951393389501,5,0.1272264631043257
420034911012,Block Group 2; Census Tract 4911.01; Allegheny County; Pennsylvania,1098,263,23.95264116575592,27,6.382978723404255,55,5.555555555555555
420034911013,Block Group 3; Census Tract 4911.01; Allegheny County; Pennsylvania,2429,655,26.965829559489503,0,0.0,54,2.2231370934540964
420034912001,Block Group 1; Census Tract 4912; Allegheny County; Pennsylvania,2198,576,26.2056414922657,68,6.261510128913445,46,2.2062350119904077
420034927001,Block Group 1; Census Tract 4927; Allegheny County; Pennsylvania,1034,295,28.52998065764023,99,16.666666666666664,106,10.251450676982591
420034927002,Block Group 2; Census Tract 4927; Allegheny County; Pennsylvania,963,68,7.061266874350987,47,8.918406072106261,368,38.21391484942887
420034928001,Block Group 1; Census Tract 4928; Allegheny County; Pennsylvania,1575,274,17.396825396825395,34,4.941860465116279,482,30.603174603174605
420034928002,Block Group 2; Census Tract 4928; Allegheny County; Pennsylvania,854,336,39.34426229508197,112,18.573797678275287,19,2.224824355971897
420034929001,Block Group 1; Census Tract 4929; Allegheny County; Pennsylvania,1110,215,19.36936936936937,37,5.623100303951368,228,20.54054054054054
420034929002,Block Group 2; Census Tract 4929; Allegheny County; Pennsylvania,646,201,31.11455108359133,132,20.985691573926868,217,34.77564102564102
420034940001,Block Group 1; Census Tract 4940; Allegheny County; Pennsylvania,1433,250,17.445917655268666,91,14.021571648690292,282,19.678995115143056
420034950001,Block Group 1; Census Tract 4950; Allegheny County; Pennsylvania,1947,380,19.517205957883924,33,3.864168618266979,71,3.6466358500256804
420034950002,Block Group 2; Census Tract 4950; Allegheny County; Pennsylvania,1119,389,34.763181411974976,41,6.902356902356903,39,3.485254691689008
420034961011,Block Group 1; Census Tract 4961.01; Allegheny County; Pennsylvania,1458,346,23.73113854595336,16,2.6101141924959217,27,1.8518518518518516
420034961012,Block Group 2; Census Tract 4961.01; Allegheny County; Pennsylvania,1470,407,27.687074829931973,7,1.0071942446043165,109,7.414965986394558
420034961021,Block Group 1; Census Tract 4961.02; Allegheny County; Pennsylvania,1601,353,22.048719550281078,20,3.355704697986577,94,5.871330418488445
420034961022,Block Group 2; Census Tract 4961.02; Allegheny County; Pennsylvania,1452,497,34.22865013774105,106,13.333333333333334,202,13.911845730027547
420034961023,Block Group 3; Census Tract 4961.02; Allegheny County; Pennsylvania,1260,245,19.444444444444446,22,4.4,21,1.6666666666666667
420034962001,Block Group 1; Census Tract 4962; Allegheny County; Pennsylvania,1229,286,23.270951993490645,0,0.0,44,3.580146460537022
420034962002,Block Group 2; Census Tract 4962; Allegheny County; Pennsylvania,1071,293,27.35760971055089,57,10.654205607476635,28,2.6143790849673203
420034962003,Block Group 3; Census Tract 4962; Allegheny County; Pennsylvania,2164,308,14.23290203327172,21,2.9494382022471908,112,5.240992044922789
420034962004,Block Group 4; Census Tract 4962; Allegheny County; Pennsylvania,1203,210,17.45635910224439,0,0.0,18,1.4962593516209477
420034970001,Block Group 1; Census Tract 4970; Allegheny County; Pennsylvania,998,232,23.246492985971944,24,5.34521158129176,41,4.116465863453815
420034980001,Block Group 1; Census Tract 4980; Allegheny County; Pennsylvania,1023,234,22.87390029325513,4,0.7677543186180422,35,3.4213098729227758
420034980002,Block Group 2; Census Tract 4980; Allegheny County; Pennsylvania,1171,253,21.60546541417592,38,6.070287539936102,38,3.2618025751072963
420034993001,Block Group 1; Census Tract 4993; Allegheny County; Pennsylvania,627,143,22.807017543859647,41,15.018315018315018,46,7.336523125996811
420034993002,Block Group 2; Census Tract 4993; Allegheny County; Pennsylvania,968,132,13.636363636363637,51,10.408163265306122,108,11.15702479338843
420034994001,Block Group 1; Census Tract 4994; Allegheny County; Pennsylvania,805,215,26.70807453416149,11,2.669902912621359,196,24.347826086956523
420034994002,Block Group 2; Census Tract 4994; Allegheny County; Pennsylvania,671,87,12.965722801788376,34,7.780320366132723,73,10.879284649776453
420034994003,Block Group 3; Census Tract 4994; Allegheny County; Pennsylvania,1368,75,5.482456140350877,0,0.0,124,9.253731343283581
420035003001,Block Group 1; Census Tract 5003; Allegheny County; Pennsylvania,1214,292,24.052718286655683,0,0.0,100,8.237232289950576
420035003002,Block Group 2; Census Tract 5003; Allegheny County; Pennsylvania,539,140,25.97402597402597,17,5.483870967741936,17,3.153988868274583
420035003003,Block Group 3; Census Tract 5003; Allegheny County; Pennsylvania,572,36,6.293706293706294,16,6.349206349206349,112,19.58041958041958
420035003004,Block Group 4; Census Tract 5003; Allegheny County; Pennsylvania,1348,232,17.210682492581604,26,4.770642201834862,84,6.231454005934718
420035010001,Block Group 1; Census Tract 5010; Allegheny County; Pennsylvania,1620,343,21.17283950617284,121,13.988439306358384,331,20.432098765432098
420035030021,Block Group 1; Census Tract 5030.02; Allegheny County; Pennsylvania,1026,239,23.294346978557503,15,2.8790786948176583,57,5.555555555555555
420035030022,Block Group 2; Census Tract 5030.02; Allegheny County; Pennsylvania,1277,201,15.740015661707126,0,0.0,80,6.920415224913495
420035030023,Block Group 3; Census Tract 5030.02; Allegheny County; Pennsylvania,887,398,44.87034949267193,30,4.746835443037975,121,13.641488162344984
420035030024,Block Group 4; Census Tract 5030.02; Allegheny County; Pennsylvania,1171,317,27.070879590093934,33,6.297709923664121,110,9.393680614859095
420035030025,Block Group 5; Census Tract 5030.02; Allegheny County; Pennsylvania,1410,573,40.63829787234042,38,4.884318766066838,230,16.312056737588655
420035041001,Block Group 1; Census Tract 5041; Allegheny County; Pennsylvania,808,316,39.10891089108911,146,21.037463976945244,183,22.64851485148515
420035041002,Block Group 2; Census Tract 5041; Allegheny County; Pennsylvania,1157,132,11.408815903197926,121,18.059701492537314,260,23.25581395348837
420035041003,Block Group 3; Census Tract 5041; Allegheny County; Pennsylvania,789,195,24.714828897338403,0,0.0,39,4.942965779467681
420035041004,Block Group 4; Census Tract 5041; Allegheny County; Pennsylvania,1035,189,18.26086956521739,105,23.12775330396476,286,27.632850241545892
420035041005,Block Group 5; Census Tract 5041; Allegheny County; Pennsylvania,1071,303,28.291316526610643,49,10.47008547008547,374,34.92063492063492
420035070001,Block Group 1; Census Tract 5070; Allegheny County; Pennsylvania,944,196,20.76271186440678,48,10.85972850678733,6,0.6355932203389831
420035070002,Block Group 2; Census Tract 5070; Allegheny County; Pennsylvania,1130,317,28.053097345132745,92,13.960546282245827,102,9.026548672566372
420035080001,Block Group 1; Census Tract 5080; Allegheny County; Pennsylvania,609,49,8.045977011494253,41,9.339407744874716,120,19.704433497536947
420035080002,Block Group 2; Census Tract 5080; Allegheny County; Pennsylvania,1225,209,17.06122448979592,201,27.916666666666668,392,32.0
420035094001,Block Group 1; Census Tract 5094; Allegheny County; Pennsylvania,1396,453,32.44985673352436,104,18.055555555555557,352,27.73837667454689
420035094002,Block Group 2; Census Tract 5094; Allegheny County; Pennsylvania,832,186,22.355769230769237,75,19.329896907216497,268,32.21153846153847
420035094003,Block Group 3; Census Tract 5094; Allegheny County; Pennsylvania,550,0,0.0,6,1.5037593984962403,94,17.09090909090909
420035094004,Block Group 4; Census Tract 5094; Allegheny County; Pennsylvania,1103,163,14.777878513145964,156,34.437086092715234,155,14.052583862194016
420035094005,Block Group 5; Census Tract 5094; Allegheny County; Pennsylvania,1206,491,40.71310116086235,86,12.874251497005988,513,42.53731343283582
420035100001,Block Group 1; Census Tract 5100; Allegheny County; Pennsylvania,1087,69,6.347746090156393,213,37.4340949033392,251,23.091076356945724
420035100002,Block Group 2; Census Tract 5100; Allegheny County; Pennsylvania,779,150,19.25545571245186,63,13.152400835073069,336,43.63636363636363
420035120001,Block Group 1; Census Tract 5120; Allegheny County; Pennsylvania,840,141,16.785714285714285,51,15.59633027522936,140,16.666666666666664
420035120002,Block Group 2; Census Tract 5120; Allegheny County; Pennsylvania,1237,407,32.90218270008084,92,10.290827740492167,200,16.168148746968473
420035130001,Block Group 1; Census Tract 5130; Allegheny County; Pennsylvania,1463,233,15.92617908407382,291,31.768558951965066,569,38.892686261107315
420035130002,Block Group 2; Census Tract 5130; Allegheny County; Pennsylvania,780,183,23.46153846153846,217,38.47517730496454,151,19.35897435897436
420035138001,Block Group 1; Census Tract 5138; Allegheny County; Pennsylvania,1059,150,14.1643059490085,105,24.418604651162788,282,26.628895184135974
420035138002,Block Group 2; Census Tract 5138; Allegheny County; Pennsylvania,755,212,28.079470198675494,200,32.62642740619902,253,37.704918032786885
420035140001,Block Group 1; Census Tract 5140; Allegheny County; Pennsylvania,550,53,9.636363636363637,147,38.48167539267016,191,34.72727272727273
420035140002,Block Group 2; Census Tract 5140; Allegheny County; Pennsylvania,1287,188,14.607614607614607,157,27.447552447552447,462,35.8974358974359
420035151001,Block Group 1; Census Tract 5151; Allegheny County; Pennsylvania,843,138,16.370106761565836,13,3.316326530612245,66,7.829181494661921
420035151002,Block Group 2; Census Tract 5151; Allegheny County; Pennsylvania,1266,298,23.53870458135861,287,35.432098765432094,461,36.413902053712484
420035151003,Block Group 3; Census Tract 5151; Allegheny County; Pennsylvania,802,37,4.613466334164588,145,33.56481481481482,106,13.216957605985039
420035152001,Block Group 1; Census Tract 5152; Allegheny County; Pennsylvania,740,147,19.864864864864863,55,11.506276150627617,14,1.891891891891892
420035152002,Block Group 2; Census Tract 5152; Allegheny County; Pennsylvania,1278,205,16.040688575899846,46,7.32484076433121,105,8.215962441314554
420035153001,Block Group 1; Census Tract 5153; Allegheny County; Pennsylvania,674,184,27.299703264094955,104,17.56756756756757,288,42.72997032640949
420035153002,Block Group 2; Census Tract 5153; Allegheny County; Pennsylvania,814,189,23.21867321867322,94,17.870722433460077,202,25.281602002503128
420035154011,Block Group 1; Census Tract 5154.01; Allegheny County; Pennsylvania,959,127,13.2429614181439,15,2.895752895752896,66,6.882168925964546
420035154012,Block Group 2; Census Tract 5154.01; Allegheny County; Pennsylvania,449,9,2.0044543429844097,7,3.167420814479638,25,5.56792873051225
420035154013,Block Group 3; Census Tract 5154.01; Allegheny County; Pennsylvania,763,111,14.547837483617302,17,5.120481927710843,42,5.5045871559633035
420035161001,Block Group 1; Census Tract 5161; Allegheny County; Pennsylvania,1416,222,15.677966101694915,21,2.7851458885941645,90,6.3559322033898304
420035162001,Block Group 1; Census Tract 5162; Allegheny County; Pennsylvania,863,142,16.45422943221321,21,5.511811023622047,32,3.7602820211515864
420035162002,Block Group 2; Census Tract 5162; Allegheny County; Pennsylvania,825,57,6.909090909090909,38,7.707910750507099,38,4.6060606060606055
420035170001,Block Group 1; Census Tract 5170; Allegheny County; Pennsylvania,613,131,21.37030995106036,32,8.938547486033519,52,8.482871125611746
420035170002,Block Group 2; Census Tract 5170; Allegheny County; Pennsylvania,1012,271,26.77865612648221,255,42.00988467874794,234,23.122529644268774
420035180011,Block Group 1; Census Tract 5180.01; Allegheny County; Pennsylvania,1099,321,29.20837124658781,0,0.0,29,2.6387625113739763
420035180012,Block Group 2; Census Tract 5180.01; Allegheny County; Pennsylvania,1196,446,37.29096989966555,70,9.628610729023384,63,5.2675585284280935
420035180013,Block Group 3; Census Tract 5180.01; Allegheny County; Pennsylvania,834,177,21.22302158273381,60,12.526096033402922,9,1.079136690647482
420035190001,Block Group 1; Census Tract 5190; Allegheny County; Pennsylvania,992,360,36.29032258064516,0,0.0,57,6.326304106548279
420035190002,Block Group 2; Census Tract 5190; Allegheny County; Pennsylvania,994,369,37.12273641851107,7,1.4613778705636742,16,1.6096579476861168
420035190003,Block Group 3; Census Tract 5190; Allegheny County; Pennsylvania,1141,153,13.409290096406664,0,0.0,27,2.366345311130587
420035200011,Block Group 1; Census Tract 5200.01; Allegheny County; Pennsylvania,1309,643,49.12146676852559,137,16.585956416464892,207,15.813598166539345
420035200012,Block Group 2; Census Tract 5200.01; Allegheny County; Pennsylvania,1798,373,20.745272525027808,0,0.0,107,5.951056729699666
420035200021,Block Group 1; Census Tract 5200.02; Allegheny County; Pennsylvania,923,185,20.043336944745395,31,5.927342256214149,4,0.43336944745395445
420035200022,Block Group 2; Census Tract 5200.02; Allegheny County; Pennsylvania,1325,337,25.433962264150946,27,3.4394904458598727,122,9.20754716981132
420035200023,Block Group 3; Census Tract 5200.02; Allegheny County; Pennsylvania,948,221,23.312236286919838,0,0.0,61,6.434599156118144
420035211001,Block Group 1; Census Tract 5211; Allegheny County; Pennsylvania,805,212,26.335403726708076,0,0.0,4,0.4968944099378882
420035211002,Block Group 2; Census Tract 5211; Allegheny County; Pennsylvania,1348,322,23.887240356083087,9,1.4240506329113924,95,7.235338918507235
420035211003,Block Group 3; Census Tract 5211; Allegheny County; Pennsylvania,2267,399,17.600352889280988,0,0.0,165,7.2783414203793555
420035212001,Block Group 1; Census Tract 5212; Allegheny County; Pennsylvania,2420,406,16.776859504132233,118,8.682855040470933,257,10.978214438274241
420035212002,Block Group 2; Census Tract 5212; Allegheny County; Pennsylvania,586,208,35.49488054607509,20,6.134969325153374,50,8.532423208191126
420035212003,Block Group 3; Census Tract 5212; Allegheny County; Pennsylvania,1188,313,26.346801346801342,19,2.8189910979228485,0,0.0
420035213011,Block Group 1; Census Tract 5213.01; Allegheny County; Pennsylvania,536,199,37.12686567164179,60,15.306122448979592,37,6.902985074626866
420035213012,Block Group 2; Census Tract 5213.01; Allegheny County; Pennsylvania,1343,334,24.869694713328368,115,16.69085631349782,377,30.926989335520922
420035213013,Block Group 3; Census Tract 5213.01; Allegheny County; Pennsylvania,1136,83,7.306338028169014,31,7.928388746803069,356,32.04320432043205
420035213014,Block Group 4; Census Tract 5213.01; Allegheny County; Pennsylvania,1296,167,12.885802469135802,0,0.0,18,1.3888888888888888
420035213021,Block Group 1; Census Tract 5213.02; Allegheny County; Pennsylvania,1647,241,14.632665452337584,41,4.601571268237935,134,8.885941644562333
420035213022,Block Group 2; Census Tract 5213.02; Allegheny County; Pennsylvania,751,92,12.250332889480692,83,16.767676767676768,68,9.054593874833555
420035213023,Block Group 3; Census Tract 5213.02; Allegheny County; Pennsylvania,943,244,25.87486744432661,0,0.0,51,5.408271474019088
420035213024,Block Group 4; Census Tract 5213.02; Allegheny County; Pennsylvania,869,209,24.050632911392405,18,4.522613065326634,68,7.825086306098965
420035214011,Block Group 1; Census Tract 5214.01; Allegheny County; Pennsylvania,2315,603,26.047516198704106,12,1.2195121951219512,117,5.524079320113314
420035214012,Block Group 2; Census Tract 5214.01; Allegheny County; Pennsylvania,915,166,18.14207650273224,0,0.0,16,1.7486338797814207
420035214021,Block Group 1; Census Tract 5214.02; Allegheny County; Pennsylvania,1525,237,15.540983606557376,33,6.333973128598848,39,2.5573770491803276
420035214022,Block Group 2; Census Tract 5214.02; Allegheny County; Pennsylvania,1172,222,18.941979522184297,0,0.0,45,3.839590443686007
420035214023,Block Group 3; Census Tract 5214.02; Allegheny County; Pennsylvania,1311,390,29.74828375286041,17,3.183520599250937,66,5.034324942791762
420035215001,Block Group 1; Census Tract 5215; Allegheny County; Pennsylvania,1300,412,31.692307692307693,61,9.45736434108527,64,4.923076923076923
420035215002,Block Group 2; Census Tract 5215; Allegheny County; Pennsylvania,1831,397,21.68214090660841,53,6.206088992974239,172,9.513274336283185
420035215003,Block Group 3; Census Tract 5215; Allegheny County; Pennsylvania,1026,298,29.0448343079922,10,2.0080321285140563,60,5.847953216374268
420035220001,Block Group 1; Census Tract 5220; Allegheny County; Pennsylvania,499,54,10.821643286573146,5,2.1739130434782608,62,12.424849699398797
420035220002,Block Group 2; Census Tract 5220; Allegheny County; Pennsylvania,1623,331,20.394331484904495,180,17.82178217821782,493,30.3758471965496
420035220003,Block Group 3; Census Tract 5220; Allegheny County; Pennsylvania,962,136,14.137214137214135,48,11.707317073170731,35,3.6382536382536386
420035231001,Block Group 1; Census Tract 5231; Allegheny County; Pennsylvania,1304,262,20.0920245398773,8,1.2139605462822458,93,7.142857142857142
420035231002,Block Group 2; Census Tract 5231; Allegheny County; Pennsylvania,1569,351,22.37093690248566,68,10.60842433697348,252,16.061185468451242
420035231003,Block Group 3; Census Tract 5231; Allegheny County; Pennsylvania,447,92,20.581655480984335,36,13.138686131386862,124,27.740492170022375
420035231004,Block Group 4; Census Tract 5231; Allegheny County; Pennsylvania,509,116,22.789783889980352,58,30.851063829787236,91,17.87819253438114
420035232001,Block Group 1; Census Tract 5232; Allegheny County; Pennsylvania,1076,226,21.00371747211896,9,1.5332197614991483,638,59.29368029739776
420035232002,Block Group 2; Census Tract 5232; Allegheny County; Pennsylvania,1047,105,10.028653295128938,21,3.9399624765478425,210,20.057306590257877
420035232003,Block Group 3; Census Tract 5232; Allegheny County; Pennsylvania,1116,227,20.340501792114697,55,10.396975425330812,77,6.899641577060931
420035232004,Block Group 4; Census Tract 5232; Allegheny County; Pennsylvania,801,168,20.973782771535586,179,42.92565947242206,255,31.835205992509362
420035233001,Block Group 1; Census Tract 5233; Allegheny County; Pennsylvania,1076,110,10.223048327137546,8,1.839080459770115,29,2.8019323671497585
420035233002,Block Group 2; Census Tract 5233; Allegheny County; Pennsylvania,1134,155,13.668430335097002,63,9.67741935483871,28,2.4691358024691357
420035233003,Block Group 3; Census Tract 5233; Allegheny County; Pennsylvania,711,161,22.644163150492265,29,10.13986013986014,28,3.938115330520394
420035233004,Block Group 4; Census Tract 5233; Allegheny County; Pennsylvania,1005,217,21.592039800995025,33,6.918238993710692,92,9.154228855721392
420035234001,Block Group 1; Census Tract 5234; Allegheny County; Pennsylvania,990,194,19.5959595959596,0,0.0,379,38.282828282828284
420035234002,Block Group 2; Census Tract 5234; Allegheny County; Pennsylvania,244,0,0.0,0,0.0,31,12.704918032786885
420035234003,Block Group 3; Census Tract 5234; Allegheny County; Pennsylvania,995,41,4.1206030150753765,0,0.0,136,13.668341708542714
420035234004,Block Group 4; Census Tract 5234; Allegheny County; Pennsylvania,1713,387,22.59194395796848,18,2.4725274725274726,0,0.0
420035234005,Block Group 5; Census Tract 5234; Allegheny County; Pennsylvania,630,324,51.42857142857142,210,42.51012145748988,83,13.174603174603176
420035234006,Block Group 6; Census Tract 5234; Allegheny County; Pennsylvania,444,114,25.675675675675677,0,0.0,61,13.73873873873874
420035235011,Block Group 1; Census Tract 5235.01; Allegheny County; Pennsylvania,1577,331,20.989220038046923,0,0.0,304,19.27710843373494
420035235012,Block Group 2; Census Tract 5235.01; Allegheny County; Pennsylvania,1235,311,25.182186234817816,11,1.6591251885369531,44,3.562753036437247
420035235013,Block Group 3; Census Tract 5235.01; Allegheny County; Pennsylvania,1278,234,18.30985915492958,50,7.849293563579278,130,10.172143974960877
420035235021,Block Group 1; Census Tract 5235.02; Allegheny County; Pennsylvania,1446,496,34.3015214384509,105,13.174404015056462,96,6.639004149377594
420035236001,Block Group 1; Census Tract 5236; Allegheny County; Pennsylvania,1553,462,29.74887314874437,0,0.0,238,15.325177076625884
420035236002,Block Group 2; Census Tract 5236; Allegheny County; Pennsylvania,1351,145,10.73279052553664,111,17.289719626168225,58,4.293116210214656
420035236003,Block Group 3; Census Tract 5236; Allegheny County; Pennsylvania,2008,537,26.74302788844621,63,7.38569753810082,103,5.129482071713148
420035237011,Block Group 1; Census Tract 5237.01; Allegheny County; Pennsylvania,879,159,18.088737201365188,47,15.98639455782313,177,20.13651877133106
420035237012,Block Group 2; Census Tract 5237.01; Allegheny County; Pennsylvania,1049,308,29.361296472831267,0,0.0,129,12.297426120114395
420035237013,Block Group 3; Census Tract 5237.01; Allegheny County; Pennsylvania,656,225,34.29878048780488,12,3.278688524590164,19,2.8963414634146343
420035237014,Block Group 4; Census Tract 5237.01; Allegheny County; Pennsylvania,1228,349,28.420195439739416,90,13.86748844375963,105,8.550488599348533
420035237021,Block Group 1; Census Tract 5237.02; Allegheny County; Pennsylvania,2054,463,22.541382667964942,51,4.683195592286501,166,8.081791626095423
420035237022,Block Group 2; Census Tract 5237.02; Allegheny County; Pennsylvania,1358,361,26.58321060382916,242,29.36893203883495,238,17.525773195876287
420035237023,Block Group 3; Census Tract 5237.02; Allegheny County; Pennsylvania,1224,272,22.22222222222222,226,33.33333333333333,180,14.705882352941178
420035237024,Block Group 4; Census Tract 5237.02; Allegheny County; Pennsylvania,562,90,16.014234875444842,0,0.0,0,0.0
420035238001,Block Group 1; Census Tract 5238; Allegheny County; Pennsylvania,1239,150,12.106537530266344,0,0.0,420,33.89830508474576
420035238002,Block Group 2; Census Tract 5238; Allegheny County; Pennsylvania,605,282,46.61157024793389,66,17.599999999999998,158,26.115702479338843
420035238003,Block Group 3; Census Tract 5238; Allegheny County; Pennsylvania,1066,367,34.427767354596625,208,34.15435139573071,76,8.269858541893363
420035238004,Block Group 4; Census Tract 5238; Allegheny County; Pennsylvania,1694,525,30.991735537190085,30,3.79746835443038,109,6.438275251033668
420035240001,Block Group 1; Census Tract 5240; Allegheny County; Pennsylvania,572,42,7.3426573426573425,43,15.467625899280575,31,5.419580419580419
420035240002,Block Group 2; Census Tract 5240; Allegheny County; Pennsylvania,1209,285,23.573200992555837,170,25.411061285500747,146,12.076095947063688
420035240003,Block Group 3; Census Tract 5240; Allegheny County; Pennsylvania,848,194,22.87735849056604,28,7.82122905027933,70,8.254716981132075
420035251001,Block Group 1; Census Tract 5251; Allegheny County; Pennsylvania,1977,482,24.38037430450177,44,4.251207729468599,66,3.353658536585366
420035252001,Block Group 1; Census Tract 5252; Allegheny County; Pennsylvania,1189,198,16.65264928511354,72,10.698365527488855,0,0.0
420035252002,Block Group 2; Census Tract 5252; Allegheny County; Pennsylvania,1376,478,34.73837209302326,92,11.044417767106845,73,5.766192733017378
420035253001,Block Group 1; Census Tract 5253; Allegheny County; Pennsylvania,468,136,29.059829059829063,4,1.2944983818770228,17,4.12621359223301
420035253002,Block Group 2; Census Tract 5253; Allegheny County; Pennsylvania,1724,379,21.98375870069605,6,0.7228915662650602,104,6.0324825986078885
420035261011,Block Group 1; Census Tract 5261.01; Allegheny County; Pennsylvania,482,105,21.78423236514523,31,16.577540106951872,3,0.6224066390041494
420035261012,Block Group 2; Census Tract 5261.01; Allegheny County; Pennsylvania,3312,214,6.461352657004831,0,0.0,102,3.0797101449275366
420035261013,Block Group 3; Census Tract 5261.01; Allegheny County; Pennsylvania,2667,253,9.48631421072366,0,0.0,33,1.2373453318335208
420035261014,Block Group 4; Census Tract 5261.01; Allegheny County; Pennsylvania,1086,646,59.48434622467772,248,31.038798498122656,162,15.866797257590598
420035261021,Block Group 1; Census Tract 5261.02; Allegheny County; Pennsylvania,2433,453,18.618988902589397,27,2.7777777777777777,118,4.87603305785124
420035262011,Block Group 1; Census Tract 5262.01; Allegheny County; Pennsylvania,1499,350,23.34889926617745,14,2.5878003696857674,36,2.401601067378252
420035262012,Block Group 2; Census Tract 5262.01; Allegheny County; Pennsylvania,2134,464,21.743205248359885,60,6.564551422319474,48,2.2492970946579196
420035262021,Block Group 1; Census Tract 5262.02; Allegheny County; Pennsylvania,1683,244,14.49792038027332,9,1.475409836065574,135,8.02139037433155
420035262022,Block Group 2; Census Tract 5262.02; Allegheny County; Pennsylvania,1778,446,25.084364454443197,58,6.929510155316606,24,1.362088535754824
420035262023,Block Group 3; Census Tract 5262.02; Allegheny County; Pennsylvania,1130,104,9.20353982300885,55,12.941176470588236,36,3.185840707964602
420035263011,Block Group 1; Census Tract 5263.01; Allegheny County; Pennsylvania,1700,679,39.94117647058823,16,2.0202020202020203,67,3.9411764705882355
420035263012,Block Group 2; Census Tract 5263.01; Allegheny County; Pennsylvania,2139,550,25.71294997662459,9,1.0011123470522802,14,0.6545114539504442
420035263021,Block Group 1; Census Tract 5263.02; Allegheny County; Pennsylvania,2185,507,23.20366132723112,52,5.922551252847381,36,1.6475972540045767
420035263022,Block Group 2; Census Tract 5263.02; Allegheny County; Pennsylvania,879,205,23.321956769055745,21,5.753424657534247,0,0.0
420035263023,Block Group 3; Census Tract 5263.02; Allegheny County; Pennsylvania,1039,165,15.88065447545717,43,8.8659793814433,23,2.213666987487969
420035263024,Block Group 4; Census Tract 5263.02; Allegheny County; Pennsylvania,886,198,22.34762979683973,0,0.0,22,2.4830699774266365
420035509001,Block Group 1; Census Tract 5509; Allegheny County; Pennsylvania,882,81,9.183673469387756,117,28.125,341,40.16489988221437
420035509002,Block Group 2; Census Tract 5509; Allegheny County; Pennsylvania,925,296,32.0,182,31.59722222222222,135,15.185601799775029
420035512001,Block Group 1; Census Tract 5512; Allegheny County; Pennsylvania,1141,146,12.795793163891322,312,48.75,663,60.05434782608695
420035512002,Block Group 2; Census Tract 5512; Allegheny County; Pennsylvania,1082,235,21.719038817005547,41,6.634304207119741,53,5.408163265306123
420035512003,Block Group 3; Census Tract 5512; Allegheny County; Pennsylvania,949,159,16.754478398314017,75,11.485451761102604,78,8.21917808219178
420035513001,Block Group 1; Census Tract 5513; Allegheny County; Pennsylvania,594,223,37.54208754208754,55,12.910798122065728,77,12.962962962962962
420035513002,Block Group 2; Census Tract 5513; Allegheny County; Pennsylvania,1709,362,21.18197776477472,50,6.657789613848203,40,2.3419203747072603
420035519001,Block Group 1; Census Tract 5519; Allegheny County; Pennsylvania,1395,229,16.415770609318997,445,49.49944382647386,700,52.199850857568975
420035520001,Block Group 1; Census Tract 5520; Allegheny County; Pennsylvania,551,59,10.707803992740471,107,36.39455782312925,0,0.0
420035520002,Block Group 2; Census Tract 5520; Allegheny County; Pennsylvania,238,63,26.47058823529412,71,31.41592920353982,59,24.789915966386555
420035520003,Block Group 3; Census Tract 5520; Allegheny County; Pennsylvania,397,229,57.68261964735516,86,27.741935483870968,66,16.624685138539043
420035520004,Block Group 4; Census Tract 5520; Allegheny County; Pennsylvania,615,60,9.75609756097561,115,27.380952380952383,258,41.951219512195124
420035521001,Block Group 1; Census Tract 5521; Allegheny County; Pennsylvania,685,173,25.255474452554743,99,29.72972972972973,227,40.608228980322004
420035521002,Block Group 2; Census Tract 5521; Allegheny County; Pennsylvania,698,299,42.83667621776504,156,77.61194029850746,343,83.65853658536585
420035522001,Block Group 1; Census Tract 5522; Allegheny County; Pennsylvania,890,193,21.685393258426966,22,4.059040590405904,216,24.269662921348313
420035523001,Block Group 1; Census Tract 5523; Allegheny County; Pennsylvania,270,76,28.14814814814815,45,16.18705035971223,115,42.592592592592595
420035523002,Block Group 2; Census Tract 5523; Allegheny County; Pennsylvania,835,146,17.485029940119762,103,19.109461966604822,248,29.700598802395213
420035523003,Block Group 3; Census Tract 5523; Allegheny County; Pennsylvania,481,41,8.523908523908524,159,49.53271028037384,225,46.77754677754678
420035524001,Block Group 1; Census Tract 5524; Allegheny County; Pennsylvania,871,97,11.136624569460391,32,10.596026490066226,481,55.223880597014926
420035524002,Block Group 2; Census Tract 5524; Allegheny County; Pennsylvania,1096,204,18.613138686131386,34,6.137184115523466,350,31.934306569343068
420035524003,Block Group 3; Census Tract 5524; Allegheny County; Pennsylvania,1445,292,20.207612456747405,43,5.939226519337017,256,17.716262975778545
420035604001,Block Group 1; Census Tract 5604; Allegheny County; Pennsylvania,745,97,13.02013422818792,82,18.98148148148148,105,15.625
420035604002,Block Group 2; Census Tract 5604; Allegheny County; Pennsylvania,809,141,17.428924598269468,203,38.59315589353612,232,28.999999999999996
420035605001,Block Group 1; Census Tract 5605; Allegheny County; Pennsylvania,973,79,8.119218910585817,83,10.519645120405578,209,21.479958890030833
420035605002,Block Group 2; Census Tract 5605; Allegheny County; Pennsylvania,1239,160,12.913640032284098,11,1.610541727672035,50,4.035512510088781
420035614001,Block Group 1; Census Tract 5614; Allegheny County; Pennsylvania,543,168,30.939226519337016,0,0.0,34,6.261510128913445
420035614002,Block Group 2; Census Tract 5614; Allegheny County; Pennsylvania,404,269,66.58415841584159,34,9.714285714285714,34,8.415841584158416
420035614003,Block Group 3; Census Tract 5614; Allegheny County; Pennsylvania,1347,462,34.29844097995546,668,63.43779677113011,345,25.612472160356347
420035614004,Block Group 4; Census Tract 5614; Allegheny County; Pennsylvania,1272,283,22.248427672955977,150,18.007202881152462,63,4.952830188679245
420035615001,Block Group 1; Census Tract 5615; Allegheny County; Pennsylvania,1347,571,42.39049740163326,135,15.083798882681563,128,9.502598366740905
420035615002,Block Group 2; Census Tract 5615; Allegheny County; Pennsylvania,942,203,21.549893842887474,80,10.973936899862826,325,34.50106157112526
420035615003,Block Group 3; Census Tract 5615; Allegheny County; Pennsylvania,448,46,10.267857142857142,91,29.83606557377049,344,76.78571428571429
420035619001,Block Group 1; Census Tract 5619; Allegheny County; Pennsylvania,572,241,42.13286713286713,78,21.60664819944598,93,16.258741258741257
420035619002,Block Group 2; Census Tract 5619; Allegheny County; Pennsylvania,1435,238,16.585365853658537,176,23.59249329758713,662,46.13240418118467
420035620001,Block Group 1; Census Tract 5620; Allegheny County; Pennsylvania,970,152,15.670103092783505,328,40.34440344403444,397,41.92185850052798
420035620002,Block Group 2; Census Tract 5620; Allegheny County; Pennsylvania,982,40,4.073319755600815,270,33.66583541147132,458,46.63951120162933
420035620003,Block Group 3; Census Tract 5620; Allegheny County; Pennsylvania,700,257,36.71428571428572,259,54.41176470588235,256,39.20367534456356
420035623001,Block Group 1; Census Tract 5623; Allegheny County; Pennsylvania,1096,448,40.87591240875913,208,43.88185654008439,400,44.79283314669653
420035623002,Block Group 2; Census Tract 5623; Allegheny County; Pennsylvania,0,0,0.0,0,0.0,0,0.0
420035623003,Block Group 3; Census Tract 5623; Allegheny County; Pennsylvania,1870,426,22.780748663101605,323,27.18855218855219,673,35.98930481283422
420035624001,Block Group 1; Census Tract 5624; Allegheny County; Pennsylvania,1348,169,12.537091988130564,0,0.0,0,0.0
420035624002,Block Group 2; Census Tract 5624; Allegheny County; Pennsylvania,564,105,18.617021276595743,99,33.22147651006711,243,43.08510638297872
420035624003,Block Group 3; Census Tract 5624; Allegheny County; Pennsylvania,1043,92,8.820709491850431,101,22.004357298474943,685,65.67593480345158
420035625001,Block Group 1; Census Tract 5625; Allegheny County; Pennsylvania,713,80,11.220196353436185,77,22.71386430678466,410,57.503506311360454
420035625002,Block Group 2; Census Tract 5625; Allegheny County; Pennsylvania,950,121,12.736842105263158,151,34.63302752293578,90,9.473684210526317
420035625003,Block Group 3; Census Tract 5625; Allegheny County; Pennsylvania,1111,83,7.470747074707471,106,21.2,178,16.021602160216023
420035626001,Block Group 1; Census Tract 5626; Allegheny County; Pennsylvania,1429,131,9.167249825052483,75,10.416666666666668,231,16.165150454863543
420035626002,Block Group 2; Census Tract 5626; Allegheny County; Pennsylvania,1283,112,8.729540140296182,126,15.76971214017522,255,20.19002375296912
420035627001,Block Group 1; Census Tract 5627; Allegheny County; Pennsylvania,460,69,15.0,26,7.975460122699387,46,10.0
420035627002,Block Group 2; Census Tract 5627; Allegheny County; Pennsylvania,1407,159,11.300639658848617,258,24.760076775431862,264,18.89763779527559
420035628001,Block Group 1; Census Tract 5628; Allegheny County; Pennsylvania,498,43,8.634538152610443,22,9.523809523809524,84,18.064516129032256
420035628002,Block Group 2; Census Tract 5628; Allegheny County; Pennsylvania,1062,272,25.6120527306968,96,15.660685154975528,103,9.698681732580038
420035629011,Block Group 1; Census Tract 5629.01; Allegheny County; Pennsylvania,356,25,7.02247191011236,13,6.372549019607843,122,34.26966292134831
420035629012,Block Group 2; Census Tract 5629.01; Allegheny County; Pennsylvania,1152,187,16.23263888888889,33,5.518394648829431,204,17.708333333333336
420035630001,Block Group 1; Census Tract 5630; Allegheny County; Pennsylvania,1144,23,2.0104895104895104,23,5.275229357798166,248,21.678321678321677
420035630002,Block Group 2; Census Tract 5630; Allegheny County; Pennsylvania,626,174,27.79552715654952,12,4.6875,102,16.293929712460063
420035630003,Block Group 3; Census Tract 5630; Allegheny County; Pennsylvania,1591,300,18.85606536769328,91,12.889518413597736,116,7.291011942174733
420035631001,Block Group 1; Census Tract 5631; Allegheny County; Pennsylvania,1215,151,12.427983539094653,34,5.329153605015674,31,2.551440329218107
420035631002,Block Group 2; Census Tract 5631; Allegheny County; Pennsylvania,2276,390,17.135325131810195,22,2.016498625114574,162,7.117750439367311
420035632011,Block Group 1; Census Tract 5632.01; Allegheny County; Pennsylvania,266,32,12.030075187969924,6,2.2988505747126435,5,1.8796992481203008
420035632021,Block Group 1; Census Tract 5632.02; Allegheny County; Pennsylvania,964,184,19.08713692946058,420,54.40414507772021,320,33.19502074688796
420035632022,Block Group 2; Census Tract 5632.02; Allegheny County; Pennsylvania,960,87,9.0625,193,23.739237392373923,177,18.4375
420035633001,Block Group 1; Census Tract 5633; Allegheny County; Pennsylvania,697,209,29.98565279770445,14,4.98220640569395,10,1.4347202295552368
420035633002,Block Group 2; Census Tract 5633; Allegheny County; Pennsylvania,762,165,21.65354330708661,0,0.0,17,2.272727272727273
420035638001,Block Group 1; Census Tract 5638; Allegheny County; Pennsylvania,784,199,25.38265306122449,2,0.6666666666666667,19,2.423469387755102
420035638002,Block Group 2; Census Tract 5638; Allegheny County; Pennsylvania,1925,1175,61.03896103896104,254,23.007246376811597,63,3.7701974865350087
420035638003,Block Group 3; Census Tract 5638; Allegheny County; Pennsylvania,224,35,15.625,1,0.9174311926605504,13,5.803571428571429
420035638004,Block Group 4; Census Tract 5638; Allegheny County; Pennsylvania,124,34,27.41935483870968,0,0.0,2,1.6129032258064515
420035638005,Block Group 5; Census Tract 5638; Allegheny County; Pennsylvania,444,102,22.972972972972972,9,4.66321243523316,13,2.9748283752860414
420035638006,Block Group 6; Census Tract 5638; Allegheny County; Pennsylvania,312,46,14.743589743589745,2,1.851851851851852,3,0.9615384615384616
420035639001,Block Group 1; Census Tract 5639; Allegheny County; Pennsylvania,649,122,18.798151001540838,9,2.050113895216401,46,7.0878274268104775
420035639002,Block Group 2; Census Tract 5639; Allegheny County; Pennsylvania,1224,187,15.27777777777778,59,8.071135430916552,66,5.392156862745098
420035639003,Block Group 3; Census Tract 5639; Allegheny County; Pennsylvania,1204,173,14.3687707641196,66,10.855263157894738,47,3.9036544850498336
420035639004,Block Group 4; Census Tract 5639; Allegheny County; Pennsylvania,840,160,19.047619047619047,0,0.0,20,2.380952380952381
420035640001,Block Group 1; Census Tract 5640; Allegheny County; Pennsylvania,3791,214,5.644948562384595,0,0.0,0,0.0
420035640002,Block Group 2; Census Tract 5640; Allegheny County; Pennsylvania,1805,341,18.89196675900277,0,0.0,16,0.886426592797784
420035640003,Block Group 3; Census Tract 5640; Allegheny County; Pennsylvania,569,108,18.98066783831283,4,1.3793103448275863,49,8.611599297012303
420035640004,Block Group 4; Census Tract 5640; Allegheny County; Pennsylvania,1127,214,18.98846495119787,17,2.8380634390651087,22,1.9520851818988465
420035641001,Block Group 1; Census Tract 5641; Allegheny County; Pennsylvania,515,187,36.310679611650485,2,0.7874015748031495,5,0.9708737864077669
420035641002,Block Group 2; Census Tract 5641; Allegheny County; Pennsylvania,454,101,22.24669603524229,0,0.0,16,3.524229074889868
420035642001,Block Group 1; Census Tract 5642; Allegheny County; Pennsylvania,357,107,29.971988795518207,11,6.790123456790123,15,4.201680672268908
420035642002,Block Group 2; Census Tract 5642; Allegheny County; Pennsylvania,1104,226,20.47101449275362,20,3.9292730844793713,47,4.497607655502392
420035642003,Block Group 3; Census Tract 5642; Allegheny County; Pennsylvania,710,239,33.66197183098591,22,6.432748538011696,13,1.8413597733711047
420035644001,Block Group 1; Census Tract 5644; Allegheny County; Pennsylvania,1313,400,30.464584920030465,10,1.3966480446927374,12,0.913937547600914
420035644002,Block Group 2; Census Tract 5644; Allegheny County; Pennsylvania,1308,320,24.464831804281346,0,0.0,74,5.709876543209877
420035644003,Block Group 3; Census Tract 5644; Allegheny County; Pennsylvania,610,301,49.34426229508197,60,14.634146341463412,71,11.639344262295081
420035644004,Block Group 4; Census Tract 5644; Allegheny County; Pennsylvania,1539,583,37.88174139051332,251,32.387096774193544,140,9.096816114359974
420035644005,Block Group 5; Census Tract 5644; Allegheny County; Pennsylvania,380,14,3.684210526315789,0,0.0,19,5.121293800539084
420035644006,Block Group 6; Census Tract 5644; Allegheny County; Pennsylvania,526,47,8.935361216730039,17,5.120481927710843,177,33.65019011406844
420035644007,Block Group 7; Census Tract 5644; Allegheny County; Pennsylvania,18,0,0.0,0,0.0,0,0.0
420035645001,Block Group 1; Census Tract 5645; Allegheny County; Pennsylvania,1843,290,15.735214324470972,14,2.0319303338171264,99,5.371676614215952
420035645002,Block Group 2; Census Tract 5645; Allegheny County; Pennsylvania,780,154,19.743589743589745,40,8.73362445414847,98,12.564102564102564
420035645003,Block Group 3; Census Tract 5645; Allegheny County; Pennsylvania,456,55,12.06140350877193,8,3.940886699507389,70,15.765765765765765
420035647001,Block Group 1; Census Tract 5647; Allegheny County; Pennsylvania,502,16,3.187250996015936,151,33.856502242152466,117,23.975409836065573
420035647002,Block Group 2; Census Tract 5647; Allegheny County; Pennsylvania,550,126,22.90909090909091,73,21.47058823529412,136,24.727272727272727
420035647003,Block Group 3; Census Tract 5647; Allegheny County; Pennsylvania,1268,147,11.593059936908515,306,33.08108108108108,486,40.065952184666116
420035648001,Block Group 1; Census Tract 5648; Allegheny County; Pennsylvania,919,96,10.44613710554951,154,32.421052631578945,298,32.4265505984766
420035648002,Block Group 2; Census Tract 5648; Allegheny County; Pennsylvania,1032,305,29.554263565891475,143,19.350473612990527,353,34.20542635658915
420035651001,Block Group 1; Census Tract 5651; Allegheny County; Pennsylvania,2953,423,14.324415848289876,463,25.34209085933224,857,29.139748384903097
420035652001,Block Group 1; Census Tract 5652; Allegheny County; Pennsylvania,1555,170,10.932475884244374,263,25.55879494655005,308,19.807073954983924
420035652002,Block Group 2; Census Tract 5652; Allegheny County; Pennsylvania,695,144,20.719424460431654,92,26.82215743440233,47,6.762589928057554
420035652003,Block Group 3; Census Tract 5652; Allegheny County; Pennsylvania,761,54,7.095926412614981,263,61.59250585480094,132,17.391304347826086
420035653001,Block Group 1; Census Tract 5653; Allegheny County; Pennsylvania,1223,329,26.901062959934585,49,8.94160583941606,335,27.391659852820933
420039800001,Block Group 1; Census Tract 9800; Allegheny County; Pennsylvania,0,0,0.0,0,0.0,0,0.0
420039801001,Block Group 1; Census Tract 9801; Allegheny County; Pennsylvania,0,0,0.0,0,0.0,0,0.0
420039803001,Block Group 1; Census Tract 9803; Allegheny County; Pennsylvania,0,0,0.0,0,0.0,0,0.0
420039804001,Block Group 1; Census Tract 9804; Allegheny County; Pennsylvania,0,0,0.0,0,0.0,0,0.0
420039805001,Block Group 1; Census Tract 9805; Allegheny County; Pennsylvania,19,9,47.368421052631575,0,0.0,5,26.31578947368421
420039806001,Block Group 1; Census Tract 9806; Allegheny County; Pennsylvania,12,0,0.0,8,100.0,4,33.33333333333333
420039807001,Block Group 1; Census Tract 9807; Allegheny County; Pennsylvania,47,0,0.0,0,0.0,0,0.0
420039808001,Block Group 1; Census Tract 9808; Allegheny County; Pennsylvania,0,0,0.0,0,0.0,0,0.0
420039809001,Block Group 1; Census Tract 9809; Allegheny County; Pennsylvania,55,10,18.181818181818183,0,0.0,0,0.0
420039810001,Block Group 1; Census Tract 9810; Allegheny County; Pennsylvania,0,0,0.0,0,0.0,0,0.0
420039811001,Block Group 1; Census Tract 9811; Allegheny County; Pennsylvania,0,0,0.0,0,0.0,0,0.0
420039811002,Block Group 2; Census Tract 9811; Allegheny County; Pennsylvania,0,0,0.0,0,0.0,0,0.0
420039812001,Block Group 1; Census Tract 9812; Allegheny County; Pennsylvania,0,0,0.0,0,0.0,0,0.0
420039818001,Block Group 1; Census Tract 9818; Allegheny County; Pennsylvania,385,220,57.14285714285714,0,0.0,41,71.9298245614035
420039822001,Block Group 1; Census Tract 9822; Allegheny County; Pennsylvania,5498,9,0.1636958894143325,0,0.0,9,39.130434782608695
