{
"type": "FeatureCollection",
"name": "facilities",
"crs": { "type": "name", "properties": { "name": "urn:ogc:def:crs:OGC:1.3:CRS84" } },
"features": [
{ "type": "Feature", "properties": { "_id": 1, "id": "650726265", "parcel_id": "120-J-300", "inactive": "False", "name": "57th Street Park Building", "rentable": false, "type": "Storage", "primary_user": "Department of Public Works", "address_number": "NA", "street": "57TH ST", "zip": null, "image": "https://tools.wprdc.org/images/pittsburgh/facilities/57th_Street_Park_Building.jpg", "neighborhood": "Upper Lawrenceville", "council_district": "7", "ward": "10", "tract": "42003101100", "public_works_division": "2", "pli_division": "10", "police_zone": "2", "fire_zone": "3-5", "latitude": 40.48566604, "longitude": -79.94644957 }, "geometry": { "type": "Point", "coordinates": [ -79.94644957, 40.48566604 ] } },
{ "type": "Feature", "properties": { "_id": 2, "id": "783044037", "parcel_id": "2-H-284", "inactive": "False", "name": "Albert Turk Graham Park Shelter", "rentable": false, "type": "Shelter", "primary_user": "Department of Public Works", "address_number": "39", "street": "VINE ST", "zip": null, "image": "https://tools.wprdc.org/images/pittsburgh/facilities/Albert_Turk_Graham_Park_Shelter.jpg", "neighborhood": "Crawford-Roberts", "council_district": "6", "ward": "3", "tract": "42003030500", "public_works_division": "3", "pli_division": "3", "police_zone": "2", "fire_zone": "2-1", "latitude": 40.44045824, "longitude": -79.98410437 }, "geometry": { "type": "Point", "coordinates": [ -79.98410437, 40.44045824 ] } },
{ "type": "Feature", "properties": { "_id": 3, "id": "1997158435", "parcel_id": "23-R-157", "inactive": "False", "name": "Allegheny Northside Senior Center and Hazlett Theater", "rentable": true, "type": "Senior", "primary_user": "CitiParks", "address_number": "5", "street": "ALLEGHENY SQ E", "zip": "15212", "image": "https://tools.wprdc.org/images/pittsburgh/facilities/Allegheny_Northside_Senior_Center_and_Hazlett_Theater.jpg", "neighborhood": "Allegheny Center", "council_district": "1", "ward": "22", "tract": "42003562700", "public_works_division": "1", "pli_division": "22", "police_zone": "1", "fire_zone": "1-6", "latitude": 40.45309924, "longitude": -80.00534252 }, "geometry": { "type": "Point", "coordinates": [ -80.00534252, 40.45309924 ] } },
{ "type": "Feature", "properties": { "_id": 4, "id": "204824684", "parcel_id": "10-F-198", "inactive": "False", "name": "Ammon Recreation Center", "rentable": false, "type": "Pool", "primary_user": "CitiParks", "address_number": "2217", "street": "BEDFORD AVE", "zip": "15219", "image": "https://tools.wprdc.org/images/pittsburgh/facilities/Ammon_Recreation_Center.jpg", "neighborhood": "Bedford Dwellings", "council_district": "6", "ward": "5", "tract": "42003050900", "public_works_division": "3", "pli_division": "5", "police_zone": "2", "fire_zone": "2-5", "latitude": 40.44873494, "longitude": -79.97785631000001 }, "geometry": { "type": "Point", "coordinates": [ -79.97785631, 40.44873494 ] } },
{ "type": "Feature", "properties": { "_id": 5, "id": "472140955", "parcel_id": "013-K-314", "inactive": "False", "name": "Arlington Field Lights Building", "rentable": false, "type": "Utility", "primary_user": "CitiParks", "address_number": "0", "street": "STERLING ST", "zip": "15210", "image": "https://tools.wprdc.org/images/pittsburgh/facilities/Arlington_Field_Lights_Building.jpg", "neighborhood": "South Side Slopes", "council_district": "3", "ward": "16", "tract": "42003160800", "public_works_division": "3", "pli_division": "16", "police_zone": "3", "fire_zone": "4-22", "latitude": 40.41815234, "longitude": -79.9744707 }, "geometry": { "type": "Point", "coordinates": [ -79.9744707, 40.41815234 ] } },
{ "type": "Feature", "properties": { "_id": 6, "id": "984285720", "parcel_id": "13-F-217", "inactive": "False", "name": "Arlington Recreation Center", "rentable": true, "type": "Activity", "primary_user": "CitiParks", "address_number": "2201", "street": "SALISBURY ST", "zip": "15210", "image": null, "neighborhood": "South Side Slopes", "council_district": "3", "ward": "16", "tract": "42003160800", "public_works_division": "3", "pli_division": "16", "police_zone": "3", "fire_zone": "4-22", "latitude": 40.41926903, "longitude": -79.97521477 }, "geometry": { "type": "Point", "coordinates": [ -79.97521477, 40.41926903 ] } },
{ "type": "Feature", "properties": { "_id": 7, "id": "2110346447", "parcel_id": "13-K-314", "inactive": "False", "name": "Arlington Pool Restrooms", "rentable": false, "type": "Pool", "primary_user": "CitiParks", "address_number": "1630", "street": "STERLING ST", "zip": "15210", "image": "https://tools.wprdc.org/images/pittsburgh/facilities/Arlington_Pool_Restrooms.jpg", "neighborhood": "South Side Slopes", "council_district": "3", "ward": "16", "tract": "42003160800", "public_works_division": "3", "pli_division": "16", "police_zone": "3", "fire_zone": "4-22", "latitude": 40.41775268, "longitude": -79.97468811 }, "geometry": { "type": "Point", "coordinates": [ -79.97468811, 40.41775268 ] } },
{ "type": "Feature", "properties": { "_id": 8, "id": "263802473", "parcel_id": "3-M-404", "inactive": "False", "name": "Armstrong Field Building", "rentable": false, "type": "Restrooms", "primary_user": "CitiParks", "address_number": "1201", "street": "SARAH ST", "zip": "15203", "image": "https://tools.wprdc.org/images/pittsburgh/facilities/Armstrong_Field_Building.jpg", "neighborhood": "South Side Flats", "council_district": "3", "ward": "17", "tract": "42003170200", "public_works_division": "3", "pli_division": "17", "police_zone": "3", "fire_zone": "4-24", "latitude": 40.42831759, "longitude": -79.98616564 }, "geometry": { "type": "Point", "coordinates": [ -79.98616564, 40.42831759 ] } },
{ "type": "Feature", "properties": { "_id": 9, "id": "271629667", "parcel_id": "49-K-61", "inactive": "False", "name": "Arsenal Park Building", "rentable": false, "type": "Restrooms", "primary_user": "CitiParks", "address_number": "3900", "street": "BUTLER ST", "zip": "15201", "image": "https://tools.wprdc.org/images/pittsburgh/facilities/Arsenal_Park_Building.jpg", "neighborhood": "Lower Lawrenceville", "council_district": "7", "ward": "6", "tract": "42003060300", "public_works_division": "2", "pli_division": "6", "police_zone": "2", "fire_zone": "3-3", "latitude": 40.46675277, "longitude": -79.96034365 }, "geometry": { "type": "Point", "coordinates": [ -79.96034365, 40.46675277 ] } },
{ "type": "Feature", "properties": { "_id": 10, "id": "436558867", "parcel_id": null, "inactive": "False", "name": "Asphalt Plant Equipment Shelter", "rentable": false, "type": "Service", "primary_user": "Department of Public Works", "address_number": "NA", "street": "LOCKWAY EAST", "zip": null, "image": "https://tools.wprdc.org/images/pittsburgh/facilities/Asphalt_Plant_Equipment_Shelter.jpg", "neighborhood": "Highland Park", "council_district": "9", "ward": "12", "tract": "42003980100", "public_works_division": "2", "pli_division": "12", "police_zone": "5", "fire_zone": "3-15", "latitude": 40.48491042, "longitude": -79.90636962000001 }, "geometry": { "type": "Point", "coordinates": [ -79.90636962, 40.48491042 ] } },
{ "type": "Feature", "properties": { "_id": 11, "id": "1534014655", "parcel_id": "122-L-50", "inactive": "False", "name": "Asphalt Plant Garage 2", "rentable": false, "type": "Storage", "primary_user": "Department of Public Works", "address_number": "7777", "street": "LOCKWAY EAST", "zip": null, "image": "https://tools.wprdc.org/images/pittsburgh/facilities/Asphalt_Plant_Garage_2.jpg", "neighborhood": "Highland Park", "council_district": "9", "ward": "12", "tract": "42003980100", "public_works_division": "2", "pli_division": "12", "police_zone": "5", "fire_zone": "3-15", "latitude": 40.48510172, "longitude": -79.90614578 }, "geometry": { "type": "Point", "coordinates": [ -79.90614578, 40.48510172 ] } },
{ "type": "Feature", "properties": { "_id": 12, "id": "287640271", "parcel_id": "122-L-50", "inactive": "False", "name": "Asphalt Plant Testing Lab Building", "rentable": false, "type": "Service", "primary_user": "Department of Public Works", "address_number": "7777", "street": "LOCKWAY EAST", "zip": null, "image": "https://tools.wprdc.org/images/pittsburgh/facilities/Asphalt_Plant_Testing_Lab_Building.jpg", "neighborhood": "Highland Park", "council_district": "9", "ward": "12", "tract": "42003980100", "public_works_division": "2", "pli_division": "12", "police_zone": "5", "fire_zone": "3-15", "latitude": 40.48495285, "longitude": -79.90682476000001 }, "geometry": { "type": "Point", "coordinates": [ -79.90682476, 40.48495285 ] } },
{ "type": "Feature", "properties": { "_id": 13, "id": "970468255", "parcel_id": "36-L-81", "inactive": "False", "name": "Banksville Concession Stand", "rentable": false, "type": "Concession", "primary_user": "Department of Public Works", "address_number": "NA", "street": "CARNAHAN RD", "zip": null, "image": "https://tools.wprdc.org/images/pittsburgh/facilities/Banksville_Concession_Stand.jpg", "neighborhood": "Banksville", "council_district": "2", "ward": "20", "tract": "42003202300", "public_works_division": "5", "pli_division": "20", "police_zone": "6", "fire_zone": "4-9", "latitude": 40.40732827, "longitude": -80.03796832 }, "geometry": { "type": "Point", "coordinates": [ -80.03796832, 40.40732827 ] } },
{ "type": "Feature", "properties": { "_id": 14, "id": "2105474885", "parcel_id": "17-R-120", "inactive": "False", "name": "Banksville Concession Stand and Restrooms", "rentable": false, "type": "Concession", "primary_user": "Department of Public Works", "address_number": "1461", "street": "CRANE AVE", "zip": "15220", "image": "https://tools.wprdc.org/images/pittsburgh/facilities/Banksville_Concession_Stand_and_Restrooms.jpg", "neighborhood": "Banksville", "council_district": "2", "ward": "20", "tract": "42003202300", "public_works_division": "5", "pli_division": "20", "police_zone": "6", "fire_zone": "4-9", "latitude": 40.41441581, "longitude": -80.03955152 }, "geometry": { "type": "Point", "coordinates": [ -80.03955152, 40.41441581 ] } },
{ "type": "Feature", "properties": { "_id": 15, "id": "1042325852", "parcel_id": "17-R-120", "inactive": "False", "name": "Banksville Deck Hockey Benches", "rentable": false, "type": "Dugout", "primary_user": "Department of Public Works", "address_number": "NA", "street": "CRANE AVE", "zip": null, "image": "https://tools.wprdc.org/images/pittsburgh/facilities/Banksville_Deck_Hockey_Benches.jpg", "neighborhood": "Banksville", "council_district": "2", "ward": "20", "tract": "42003202300", "public_works_division": "5", "pli_division": "20", "police_zone": "6", "fire_zone": "4-9", "latitude": 40.41432722, "longitude": -80.03892049 }, "geometry": { "type": "Point", "coordinates": [ -80.03892049, 40.41432722 ] } },
{ "type": "Feature", "properties": { "_id": 16, "id": "635191366", "parcel_id": "17-R-120", "inactive": "False", "name": "Banksville Park Gazebo", "rentable": false, "type": "Shelter", "primary_user": "Department of Public Works", "address_number": "NA", "street": "CRANE AVE", "zip": null, "image": "https://tools.wprdc.org/images/pittsburgh/facilities/Banksville_Park_Gazebo.jpg", "neighborhood": "Banksville", "council_district": "2", "ward": "20", "tract": "42003202300", "public_works_division": "5", "pli_division": "20", "police_zone": "6", "fire_zone": "4-9", "latitude": 40.41465323, "longitude": -80.03928593000001 }, "geometry": { "type": "Point", "coordinates": [ -80.03928593, 40.41465323 ] } },
{ "type": "Feature", "properties": { "_id": 17, "id": "940841117", "parcel_id": "17-R-120", "inactive": "False", "name": "Banksville Pool Building and Shelter", "rentable": true, "type": "Pool", "primary_user": "CitiParks", "address_number": "1461", "street": "CRANE AVE", "zip": "15216", "image": "https://tools.wprdc.org/images/pittsburgh/facilities/Banksville_Pool_Building_and_Shelter.jpg", "neighborhood": "Banksville", "council_district": "2", "ward": "20", "tract": "42003202300", "public_works_division": "5", "pli_division": "20", "police_zone": "6", "fire_zone": "4-9", "latitude": 40.41478443, "longitude": -80.04017572 }, "geometry": { "type": "Point", "coordinates": [ -80.04017572, 40.41478443 ] } },
{ "type": "Feature", "properties": { "_id": 18, "id": "1890556433", "parcel_id": "35-G-26", "inactive": "False", "name": "Beechview Senior and Community Center", "rentable": false, "type": "Senior", "primary_user": "CitiParks", "address_number": "1555", "street": "BROADWAY AVE", "zip": null, "image": "https://tools.wprdc.org/images/pittsburgh/facilities/Beechview_Senior_and_Community_Center.jpg", "neighborhood": "Beechview", "council_district": "4", "ward": "19", "tract": "42003191600", "public_works_division": "5", "pli_division": "19", "police_zone": "6", "fire_zone": "4-28", "latitude": 40.4107409, "longitude": -80.02436259 }, "geometry": { "type": "Point", "coordinates": [ -80.02436259, 40.4107409 ] } },
{ "type": "Feature", "properties": { "_id": 19, "id": "160770425", "parcel_id": "26-D-11", "inactive": "False", "name": "Bloomfield Deck Hockey Benches", "rentable": false, "type": "Dugout", "primary_user": "Department of Public Works", "address_number": "NA", "street": null, "zip": null, "image": "https://tools.wprdc.org/images/pittsburgh/facilities/Bloomfield_Deck_Hockey_Benches.jpg", "neighborhood": "Bloomfield", "council_district": "7", "ward": "8", "tract": "42003080200", "public_works_division": "2", "pli_division": "8", "police_zone": "5", "fire_zone": "3-6", "latitude": 40.46261771, "longitude": -79.95366624 }, "geometry": { "type": "Point", "coordinates": [ -79.95366624, 40.46261771 ] } },
{ "type": "Feature", "properties": { "_id": 20, "id": "836558540", "parcel_id": "26-D-11", "inactive": "False", "name": "Bloomfield Pool and Recreation Center", "rentable": false, "type": "Pool/Rec", "primary_user": "CitiParks", "address_number": "408", "street": "ELLA ST", "zip": null, "image": "https://tools.wprdc.org/images/pittsburgh/facilities/Bloomfield_Pool_and_Recreation_Center.jpg", "neighborhood": "Bloomfield", "council_district": "7", "ward": "8", "tract": "42003080200", "public_works_division": "2", "pli_division": "8", "police_zone": "5", "fire_zone": "3-1", "latitude": 40.46213307, "longitude": -79.95358858 }, "geometry": { "type": "Point", "coordinates": [ -79.95358858, 40.46213307 ] } },
{ "type": "Feature", "properties": { "_id": 21, "id": "1944325023", "parcel_id": "26-D-11", "inactive": "False", "name": "Bloomfield Pool Concession Stand", "rentable": false, "type": "Concession", "primary_user": "CitiParks", "address_number": "408", "street": "ELLA ST", "zip": "15224", "image": "https://tools.wprdc.org/images/pittsburgh/facilities/Bloomfield_Pool_Concession_Stand.jpg", "neighborhood": "Bloomfield", "council_district": "7", "ward": "8", "tract": "42003080200", "public_works_division": "2", "pli_division": "8", "police_zone": "5", "fire_zone": "3-1", "latitude": 40.462187, "longitude": -79.95333871 }, "geometry": { "type": "Point", "coordinates": [ -79.95333871, 40.462187 ] } },
{ "type": "Feature", "properties": { "_id": 22, "id": "239855066", "parcel_id": "34-M-131", "inactive": "False", "name": "Bon Air Shelter", "rentable": false, "type": "Shelter", "primary_user": "Department of Public Works", "address_number": "306", "street": "CONNISTON AVE", "zip": null, "image": "https://tools.wprdc.org/images/pittsburgh/facilities/Bon_Air_Shelter.jpg", "neighborhood": "Bon Air", "council_district": "4", "ward": "18", "tract": "42003562400", "public_works_division": "5", "pli_division": "18", "police_zone": "3", "fire_zone": "4-7", "latitude": 40.40746405, "longitude": -79.99952641 }, "geometry": { "type": "Point", "coordinates": [ -79.99952641, 40.40746405 ] } },
{ "type": "Feature", "properties": { "_id": 23, "id": "1524561463", "parcel_id": "115-J-118", "inactive": "False", "name": "Brighton Heights Concession Stand", "rentable": false, "type": "Concession", "primary_user": "CitiParks", "address_number": "NA", "street": "WEITZ WAY", "zip": "15212", "image": "https://tools.wprdc.org/images/pittsburgh/facilities/Brighton_Heights_Concession_Stand.jpg", "neighborhood": "Brighton Heights", "council_district": "1", "ward": "27", "tract": "42003270800", "public_works_division": "1", "pli_division": "27", "police_zone": "1", "fire_zone": "1-14", "latitude": 40.48812634, "longitude": -80.03329689 }, "geometry": { "type": "Point", "coordinates": [ -80.03329689, 40.48812634 ] } },
{ "type": "Feature", "properties": { "_id": 24, "id": "947584426", "parcel_id": "115-E-40", "inactive": "False", "name": "Brighton Heights Field 6 First Base Dugout", "rentable": false, "type": "Dugout", "primary_user": "Department of Public Works", "address_number": "NA", "street": null, "zip": null, "image": "https://tools.wprdc.org/images/pittsburgh/facilities/Brighton_Heights_Field_6_First_Base_Dugout.jpg", "neighborhood": "Brighton Heights", "council_district": "1", "ward": "27", "tract": "42003270800", "public_works_division": "1", "pli_division": "27", "police_zone": "1", "fire_zone": "1-14", "latitude": 40.48620539, "longitude": -80.02989169 }, "geometry": { "type": "Point", "coordinates": [ -80.02989169, 40.48620539 ] } },
{ "type": "Feature", "properties": { "_id": 25, "id": "877291770", "parcel_id": "115-E-40", "inactive": "False", "name": "Brighton Heights Field 6 Third Base Dugout", "rentable": false, "type": "Dugout", "primary_user": "Department of Public Works", "address_number": "NA", "street": null, "zip": null, "image": "https://tools.wprdc.org/images/pittsburgh/facilities/Brighton_Heights_Field_6_Third_Base_Dugout.jpg", "neighborhood": "Brighton Heights", "council_district": "1", "ward": "27", "tract": "42003270800", "public_works_division": "1", "pli_division": "27", "police_zone": "1", "fire_zone": "1-14", "latitude": 40.48624883, "longitude": -80.03008701 }, "geometry": { "type": "Point", "coordinates": [ -80.03008701, 40.48624883 ] } },
{ "type": "Feature", "properties": { "_id": 26, "id": "1096526197", "parcel_id": "115-E-40", "inactive": "False", "name": "Brighton Heights Park First Base Dugout", "rentable": false, "type": "Dugout", "primary_user": "Department of Public Works", "address_number": "NA", "street": "BRIGHTON WOODS RD", "zip": null, "image": "https://tools.wprdc.org/images/pittsburgh/facilities/Brighton_Heights_Park_First_Base_Dugout.jpg", "neighborhood": "Brighton Heights", "council_district": "1", "ward": "27", "tract": "42003270800", "public_works_division": "1", "pli_division": "27", "police_zone": "1", "fire_zone": "1-14", "latitude": 40.48670987, "longitude": -80.03141484 }, "geometry": { "type": "Point", "coordinates": [ -80.03141484, 40.48670987 ] } },
{ "type": "Feature", "properties": { "_id": 27, "id": "1944072896", "parcel_id": "115-E-40", "inactive": "False", "name": "Brighton Heights Park Shelter", "rentable": true, "type": "Shelter", "primary_user": "Department of Public Works", "address_number": "NA", "street": "BRIGHTON WOODS RD", "zip": null, "image": "https://tools.wprdc.org/images/pittsburgh/facilities/Brighton_Heights_Park_Shelter.jpg", "neighborhood": "Brighton Heights", "council_district": "1", "ward": "27", "tract": "42003270800", "public_works_division": "1", "pli_division": "27", "police_zone": "1", "fire_zone": "1-14", "latitude": 40.48679864, "longitude": -80.03213208 }, "geometry": { "type": "Point", "coordinates": [ -80.03213208, 40.48679864 ] } },
{ "type": "Feature", "properties": { "_id": 28, "id": "1687857237", "parcel_id": "115-E-40", "inactive": "False", "name": "Brighton Heights Park Storage Building", "rentable": false, "type": "Storage", "primary_user": "Department of Public Works", "address_number": "NA", "street": "BRIGHTON WOODS RD", "zip": null, "image": "https://tools.wprdc.org/images/pittsburgh/facilities/Brighton_Heights_Park_Storage_Building.jpg", "neighborhood": "Brighton Heights", "council_district": "1", "ward": "27", "tract": "42003270800", "public_works_division": "1", "pli_division": "27", "police_zone": "1", "fire_zone": "1-14", "latitude": 40.48751669, "longitude": -80.0321686 }, "geometry": { "type": "Point", "coordinates": [ -80.0321686, 40.48751669 ] } },
{ "type": "Feature", "properties": { "_id": 29, "id": "1320225488", "parcel_id": "115-E-40", "inactive": "False", "name": "Brighton Heights Park Third Base Dugout", "rentable": false, "type": "Dugout", "primary_user": "Department of Public Works", "address_number": "NA", "street": "BRIGHTON WOODS RD", "zip": null, "image": "https://tools.wprdc.org/images/pittsburgh/facilities/Brighton_Heights_Park_Third_Base_Dugout.jpg", "neighborhood": "Brighton Heights", "council_district": "1", "ward": "27", "tract": "42003270800", "public_works_division": "1", "pli_division": "27", "police_zone": "1", "fire_zone": "1-14", "latitude": 40.48675426, "longitude": -80.03120805 }, "geometry": { "type": "Point", "coordinates": [ -80.03120805, 40.48675426 ] } },
{ "type": "Feature", "properties": { "_id": 30, "id": "661241282", "parcel_id": "115-E-40", "inactive": "False", "name": "Brighton Heights Pool Building", "rentable": false, "type": "Pool", "primary_user": "CitiParks", "address_number": "600", "street": "BRIGHTON WOODS RD", "zip": "15212", "image": "https://tools.wprdc.org/images/pittsburgh/facilities/Brighton_Heights_Pool_Building.jpg", "neighborhood": "Brighton Heights", "council_district": "1", "ward": "27", "tract": "42003270800", "public_works_division": "1", "pli_division": "27", "police_zone": "1", "fire_zone": "1-14", "latitude": 40.48685655, "longitude": -80.03099689 }, "geometry": { "type": "Point", "coordinates": [ -80.03099689, 40.48685655 ] } },
{ "type": "Feature", "properties": { "_id": 31, "id": "1169749189", "parcel_id": "115-E-40", "inactive": "False", "name": "Brighton Heights Pool Guard Room", "rentable": false, "type": "Pool", "primary_user": "CitiParks", "address_number": "600", "street": "BRIGHTON WOODS RD", "zip": "15212", "image": "https://tools.wprdc.org/images/pittsburgh/facilities/Brighton_Heights_Pool_Guard_Room.jpg", "neighborhood": "Brighton Heights", "council_district": "1", "ward": "27", "tract": "42003270800", "public_works_division": "1", "pli_division": "27", "police_zone": "1", "fire_zone": "1-14", "latitude": 40.48697619, "longitude": -80.03101242 }, "geometry": { "type": "Point", "coordinates": [ -80.03101242, 40.48697619 ] } },
{ "type": "Feature", "properties": { "_id": 32, "id": "1701661171", "parcel_id": "75-H-12", "inactive": "False", "name": "Brighton Heights Senior Center", "rentable": true, "type": "Senior", "primary_user": "CitiParks", "address_number": "3515", "street": "MCCLURE AVE", "zip": "15212", "image": "https://tools.wprdc.org/images/pittsburgh/facilities/Brighton_Heights_Senior_Center.jpg", "neighborhood": "Brighton Heights", "council_district": "1", "ward": "27", "tract": "42003270300", "public_works_division": "1", "pli_division": "27", "police_zone": "1", "fire_zone": "1-14", "latitude": 40.47927288, "longitude": -80.03583098 }, "geometry": { "type": "Point", "coordinates": [ -80.03583098, 40.47927288 ] } },
{ "type": "Feature", "properties": { "_id": 33, "id": "1752278519", "parcel_id": "96-G-1", "inactive": "False", "name": "Brookline Concession Stand", "rentable": false, "type": "Concession", "primary_user": "Department of Public Works", "address_number": "1400", "street": "OAKRIDGE ST", "zip": "15226", "image": "https://tools.wprdc.org/images/pittsburgh/facilities/Brookline_Concession_Stand.jpg", "neighborhood": "Brookline", "council_district": "4", "ward": "32", "tract": "42003320600", "public_works_division": "5", "pli_division": "32", "police_zone": "6", "fire_zone": "4-26", "latitude": 40.3917463, "longitude": -80.00780192000001 }, "geometry": { "type": "Point", "coordinates": [ -80.00780192, 40.3917463 ] } },
{ "type": "Feature", "properties": { "_id": 34, "id": "271989940", "parcel_id": "96-G-1", "inactive": "False", "name": "Brookline Deck Hockey Benches", "rentable": false, "type": "Dugout", "primary_user": "Department of Public Works", "address_number": "1400", "street": "OAKRIDGE ST", "zip": null, "image": "https://tools.wprdc.org/images/pittsburgh/facilities/Brookline_Deck_Hockey_Benches.jpg", "neighborhood": "Brookline", "council_district": "4", "ward": "32", "tract": "42003320600", "public_works_division": "5", "pli_division": "32", "police_zone": "6", "fire_zone": "4-26", "latitude": 40.3908619, "longitude": -80.00755562000001 }, "geometry": { "type": "Point", "coordinates": [ -80.00755562, 40.3908619 ] } },
{ "type": "Feature", "properties": { "_id": 35, "id": "214500166", "parcel_id": "96-G-1", "inactive": "False", "name": "Brookline Lower Concession Stand and Womens Restroom", "rentable": false, "type": "Concession", "primary_user": "Department of Public Works", "address_number": "1400", "street": "OAKRIDGE ST", "zip": null, "image": "https://tools.wprdc.org/images/pittsburgh/facilities/Brookline_Lower_Concession_Stand_and_Womens_Restroom.jpg", "neighborhood": "Brookline", "council_district": "4", "ward": "32", "tract": "42003320600", "public_works_division": "5", "pli_division": "32", "police_zone": "6", "fire_zone": "4-25", "latitude": 40.390118, "longitude": -80.00736469 }, "geometry": { "type": "Point", "coordinates": [ -80.00736469, 40.390118 ] } },
{ "type": "Feature", "properties": { "_id": 36, "id": "372308265", "parcel_id": "96-G-1", "inactive": "False", "name": "Brookline Lower Shelter", "rentable": false, "type": "Shelter", "primary_user": "Department of Public Works", "address_number": "1400", "street": "OAKRIDGE ST", "zip": null, "image": "https://tools.wprdc.org/images/pittsburgh/facilities/Brookline_Lower_Shelter.jpg", "neighborhood": "Brookline", "council_district": "4", "ward": "32", "tract": "42003320600", "public_works_division": "5", "pli_division": "32", "police_zone": "6", "fire_zone": "4-25", "latitude": 40.39019379, "longitude": -80.00714247000001 }, "geometry": { "type": "Point", "coordinates": [ -80.00714247, 40.39019379 ] } },
{ "type": "Feature", "properties": { "_id": 37, "id": "293014538", "parcel_id": "96-G-1", "inactive": "False", "name": "Brookline Lower Storage and Mens Restroom", "rentable": false, "type": "Storage", "primary_user": "Department of Public Works", "address_number": "1400", "street": "OAKRIDGE ST", "zip": null, "image": "https://tools.wprdc.org/images/pittsburgh/facilities/Brookline_Lower_Storage_and_Mens_Restroom.jpg", "neighborhood": "Brookline", "council_district": "4", "ward": "32", "tract": "42003320600", "public_works_division": "5", "pli_division": "32", "police_zone": "6", "fire_zone": "4-25", "latitude": 40.3900115, "longitude": -80.00743144 }, "geometry": { "type": "Point", "coordinates": [ -80.00743144, 40.3900115 ] } },
{ "type": "Feature", "properties": { "_id": 38, "id": "990362243", "parcel_id": "96-G-1", "inactive": "False", "name": "Brookline Memorial Park Lower Concession Stand", "rentable": false, "type": "Concession", "primary_user": "Department of Public Works", "address_number": "1400", "street": "OAKRIDGE ST", "zip": "16226", "image": "https://tools.wprdc.org/images/pittsburgh/facilities/Brookline_Memorial_Park_Lower_Concession_Stand.jpg", "neighborhood": "Brookline", "council_district": "4", "ward": "32", "tract": "42003320600", "public_works_division": "5", "pli_division": "32", "police_zone": "6", "fire_zone": "4-25", "latitude": 40.38959239, "longitude": -80.00677909 }, "geometry": { "type": "Point", "coordinates": [ -80.00677909, 40.38959239 ] } },
{ "type": "Feature", "properties": { "_id": 39, "id": "258430566", "parcel_id": "96-G-1", "inactive": "False", "name": "Brookline Memorial Park Shelter", "rentable": true, "type": "Shelter", "primary_user": "Department of Public Works", "address_number": "1400", "street": "OAKRIDGE ST", "zip": null, "image": "https://tools.wprdc.org/images/pittsburgh/facilities/Brookline_Memorial_Park_Shelter.jpg", "neighborhood": "Brookline", "council_district": "4", "ward": "32", "tract": "42003320600", "public_works_division": "5", "pli_division": "32", "police_zone": "6", "fire_zone": "4-26", "latitude": 40.39145558, "longitude": -80.00798104 }, "geometry": { "type": "Point", "coordinates": [ -80.00798104, 40.39145558 ] } },
{ "type": "Feature", "properties": { "_id": 40, "id": "187565508", "parcel_id": "96-G-1", "inactive": "False", "name": "Brookline Pool Building", "rentable": false, "type": "Pool", "primary_user": "CitiParks", "address_number": "1400", "street": "OAKRIDGE ST", "zip": "15226", "image": "https://tools.wprdc.org/images/pittsburgh/facilities/Brookline_Pool_Building.jpg", "neighborhood": "Brookline", "council_district": "4", "ward": "32", "tract": "42003320600", "public_works_division": "5", "pli_division": "32", "police_zone": "6", "fire_zone": "4-26", "latitude": 40.39065072, "longitude": -80.00749196 }, "geometry": { "type": "Point", "coordinates": [ -80.00749196, 40.39065072 ] } },
{ "type": "Feature", "properties": { "_id": 41, "id": "73475635", "parcel_id": "96-G-1", "inactive": "False", "name": "Brookline Pool Guard Room", "rentable": false, "type": "Pool", "primary_user": "CitiParks", "address_number": "1400", "street": "OAKRIDGE ST", "zip": "15226", "image": "https://tools.wprdc.org/images/pittsburgh/facilities/Brookline_Pool_Guard_Room.jpg", "neighborhood": "Brookline", "council_district": "4", "ward": "32", "tract": "42003320600", "public_works_division": "5", "pli_division": "32", "police_zone": "6", "fire_zone": "4-26", "latitude": 40.39074934, "longitude": -80.00754814 }, "geometry": { "type": "Point", "coordinates": [ -80.00754814, 40.39074934 ] } },
{ "type": "Feature", "properties": { "_id": 42, "id": "2070467175", "parcel_id": "96-G-1", "inactive": "False", "name": "Brookline Recreation Center", "rentable": true, "type": "Rec Center", "primary_user": "CitiParks", "address_number": "1400", "street": "OAKRIDGE ST", "zip": "15226", "image": "https://tools.wprdc.org/images/pittsburgh/facilities/Brookline_Recreation_Center.jpg", "neighborhood": "Brookline", "council_district": "4", "ward": "32", "tract": "42003320600", "public_works_division": "5", "pli_division": "32", "police_zone": "6", "fire_zone": "4-26", "latitude": 40.39124963, "longitude": -80.00837267 }, "geometry": { "type": "Point", "coordinates": [ -80.00837267, 40.39124963 ] } },
{ "type": "Feature", "properties": { "_id": 43, "id": "947031172", "parcel_id": "55-E-220", "inactive": "False", "name": "Bud Hammer Concession Stand", "rentable": false, "type": "Concession", "primary_user": "CitiParks", "address_number": "NA", "street": "BIGELOW ST", "zip": "15219", "image": "https://tools.wprdc.org/images/pittsburgh/facilities/Bud_Hammer_Concession_Stand.jpg", "neighborhood": "Hazelwood", "council_district": "5", "ward": "15", "tract": "42003562900", "public_works_division": "3", "pli_division": "15", "police_zone": "4", "fire_zone": "2-12", "latitude": 40.42075092, "longitude": -79.94627388000001 }, "geometry": { "type": "Point", "coordinates": [ -79.94627388, 40.42075092 ] } },
{ "type": "Feature", "properties": { "_id": 44, "id": "1572090078", "parcel_id": "55-E-220", "inactive": "False", "name": "Bud Hammer Field Third Base Dugout", "rentable": false, "type": "Dugout", "primary_user": "Department of Public Works", "address_number": "NA", "street": null, "zip": null, "image": "https://tools.wprdc.org/images/pittsburgh/facilities/Bud_Hammer_Field_Third_Base_Dugout.jpg", "neighborhood": "Hazelwood", "council_district": "5", "ward": "15", "tract": "42003562900", "public_works_division": "3", "pli_division": "15", "police_zone": "4", "fire_zone": "2-12", "latitude": 40.42067683, "longitude": -79.94632291000001 }, "geometry": { "type": "Point", "coordinates": [ -79.94632291, 40.42067683 ] } },
{ "type": "Feature", "properties": { "_id": 45, "id": "536715455", "parcel_id": "55-E-220", "inactive": "False", "name": "Bud Hammer Field Third Base Shelter", "rentable": false, "type": "Shelter", "primary_user": "Department of Public Works", "address_number": "NA", "street": "TASSO ST", "zip": null, "image": "https://tools.wprdc.org/images/pittsburgh/facilities/Bud_Hammer_Field_Third_Base_Shelter.jpg", "neighborhood": "Hazelwood", "council_district": "5", "ward": "15", "tract": "42003562900", "public_works_division": "3", "pli_division": "15", "police_zone": "4", "fire_zone": "2-12", "latitude": 40.42059806, "longitude": -79.94627742 }, "geometry": { "type": "Point", "coordinates": [ -79.94627742, 40.42059806 ] } },
{ "type": "Feature", "properties": { "_id": 46, "id": "1260214098", "parcel_id": "55-E-220", "inactive": "False", "name": "Bud Hammer First Base Shelter", "rentable": false, "type": "Shelter", "primary_user": "Department of Public Works", "address_number": "NA", "street": "TASSO ST", "zip": null, "image": "https://tools.wprdc.org/images/pittsburgh/facilities/Bud_Hammer_First_Base_Shelter.jpg", "neighborhood": "Hazelwood", "council_district": "5", "ward": "15", "tract": "42003562900", "public_works_division": "3", "pli_division": "15", "police_zone": "4", "fire_zone": "2-12", "latitude": 40.42072909, "longitude": -79.94669711 }, "geometry": { "type": "Point", "coordinates": [ -79.94669711, 40.42072909 ] } },
{ "type": "Feature", "properties": { "_id": 47, "id": "393229342", "parcel_id": "55-E-220", "inactive": "False", "name": "Bud Hammer Field First Base Dugout", "rentable": false, "type": "Dugout", "primary_user": "Department of Public Works", "address_number": "NA", "street": "TASSO ST", "zip": null, "image": "https://tools.wprdc.org/images/pittsburgh/facilities/Bud_Hammer_Field_First_Base_Dugout.jpg", "neighborhood": "Hazelwood", "council_district": "5", "ward": "15", "tract": "42003562900", "public_works_division": "3", "pli_division": "15", "police_zone": "4", "fire_zone": "2-12", "latitude": 40.42076239, "longitude": -79.94659288 }, "geometry": { "type": "Point", "coordinates": [ -79.94659288, 40.42076239 ] } },
{ "type": "Feature", "properties": { "_id": 48, "id": "1325653077", "parcel_id": "56-R-170", "inactive": "False", "name": "Burgwin Pool Building", "rentable": false, "type": "Pool", "primary_user": "CitiParks", "address_number": "328", "street": "MANSION ST", "zip": "15207", "image": "https://tools.wprdc.org/images/pittsburgh/facilities/Burgwin_Pool_Building.jpg", "neighborhood": "Hazelwood", "council_district": "5", "ward": "15", "tract": "42003562300", "public_works_division": "3", "pli_division": "15", "police_zone": "4", "fire_zone": "2-13", "latitude": 40.40499997, "longitude": -79.93715454 }, "geometry": { "type": "Point", "coordinates": [ -79.93715454, 40.40499997 ] } },
{ "type": "Feature", "properties": { "_id": 49, "id": "636403604", "parcel_id": "173-K-209", "inactive": "False", "name": "Chadwick Concession Stand", "rentable": false, "type": "Concession", "primary_user": "CitiParks", "address_number": "NA", "street": "OBERLIN ST", "zip": null, "image": "https://tools.wprdc.org/images/pittsburgh/facilities/Chadwick_Concession_Stand.jpg", "neighborhood": "Lincoln-Lemington-Belmar", "council_district": "9", "ward": "12", "tract": "42003561900", "public_works_division": "2", "pli_division": "12", "police_zone": "5", "fire_zone": "3-18", "latitude": 40.46502795, "longitude": -79.89121441 }, "geometry": { "type": "Point", "coordinates": [ -79.89121441, 40.46502795 ] } },
{ "type": "Feature", "properties": { "_id": 50, "id": "455152834", "parcel_id": "173-L-161", "inactive": "False", "name": "Chadwick Maintenance Building", "rentable": false, "type": "Utility", "primary_user": "Department of Public Works", "address_number": "NA", "street": "OBERLIN ST", "zip": "15206", "image": "https://tools.wprdc.org/images/pittsburgh/facilities/Chadwick_Maintenance_Building.jpg", "neighborhood": "Lincoln-Lemington-Belmar", "council_district": "9", "ward": "12", "tract": "42003561900", "public_works_division": "2", "pli_division": "12", "police_zone": "5", "fire_zone": "3-18", "latitude": 40.46529828, "longitude": -79.89066156 }, "geometry": { "type": "Point", "coordinates": [ -79.89066156, 40.46529828 ] } },
{ "type": "Feature", "properties": { "_id": 51, "id": "269075", "parcel_id": "173-L-039,040,163", "inactive": "False", "name": "Chadwick Recreation Center", "rentable": false, "type": "Rec Center", "primary_user": "CitiParks", "address_number": "1462", "street": "OBERLIN ST", "zip": "15206", "image": "https://tools.wprdc.org/images/pittsburgh/facilities/Chadwick_Recreation_Center.jpg", "neighborhood": "Lincoln-Lemington-Belmar", "council_district": "9", "ward": "12", "tract": "42003561900", "public_works_division": "2", "pli_division": "12", "police_zone": "5", "fire_zone": "3-18", "latitude": 40.46500104, "longitude": -79.89082012 }, "geometry": { "type": "Point", "coordinates": [ -79.89082012, 40.46500104 ] } },
{ "type": "Feature", "properties": { "_id": 52, "id": "1564010484", "parcel_id": "71-K-145", "inactive": "False", "name": "Chartiers Concession Stand", "rentable": false, "type": "Concession", "primary_user": "Department of Public Works", "address_number": "NA", "street": "CHARTIERS AVE", "zip": null, "image": "https://tools.wprdc.org/images/pittsburgh/facilities/Chartiers_Concession_Stand.jpg", "neighborhood": "Windgap", "council_district": "2", "ward": "28", "tract": "42003563000", "public_works_division": "5", "pli_division": "28", "police_zone": "6", "fire_zone": "1-16", "latitude": 40.45717163, "longitude": -80.07480734000001 }, "geometry": { "type": "Point", "coordinates": [ -80.07480734, 40.45717163 ] } },
{ "type": "Feature", "properties": { "_id": 53, "id": "1018428003", "parcel_id": "71-K-145", "inactive": "False", "name": "Chartiers Field Lights Building", "rentable": false, "type": "Utility", "primary_user": "CitiParks", "address_number": "NA", "street": "CHARTIERS AVE", "zip": "15204", "image": "https://tools.wprdc.org/images/pittsburgh/facilities/Chartiers_Field_Lights_Building.jpg", "neighborhood": "Windgap", "council_district": "2", "ward": "28", "tract": "42003563000", "public_works_division": "5", "pli_division": "28", "police_zone": "6", "fire_zone": "1-16", "latitude": 40.45651325, "longitude": -80.07421527 }, "geometry": { "type": "Point", "coordinates": [ -80.07421527, 40.45651325 ] } },
{ "type": "Feature", "properties": { "_id": 54, "id": "566707298", "parcel_id": "71-K-145", "inactive": "False", "name": "Chartiers Field Picnic Shelter", "rentable": true, "type": "Shelter", "primary_user": "CitiParks", "address_number": "NA", "street": "CHARTIERS AVE", "zip": "15204", "image": "https://tools.wprdc.org/images/pittsburgh/facilities/Chartiers_Field_Picnic_Shelter.jpg", "neighborhood": "Windgap", "council_district": "2", "ward": "28", "tract": "42003563000", "public_works_division": "5", "pli_division": "28", "police_zone": "6", "fire_zone": "1-16", "latitude": 40.4574025, "longitude": -80.07504452000001 }, "geometry": { "type": "Point", "coordinates": [ -80.07504452, 40.4574025 ] } },
{ "type": "Feature", "properties": { "_id": 55, "id": "1775779008", "parcel_id": "2-J-2", "inactive": "False", "name": "City-County Building", "rentable": false, "type": "Office", "primary_user": "Department of Finance", "address_number": "414", "street": "GRANT ST", "zip": "15219", "image": "https://tools.wprdc.org/images/pittsburgh/facilities/City-County_Building.png", "neighborhood": "Central Business District", "council_district": "6", "ward": "1", "tract": "42003020100", "public_works_division": "6", "pli_division": "1", "police_zone": "2", "fire_zone": "1-4", "latitude": 40.43812527, "longitude": -79.99690237 }, "geometry": { "type": "Point", "coordinates": [ -79.99690237, 40.43812527 ] } },
{ "type": "Feature", "properties": { "_id": 56, "id": "941295981", "parcel_id": "2-J-164-0-2", "inactive": "False", "name": "Civic Building", "rentable": false, "type": "Office", "primary_user": "Department of Finance", "address_number": "200", "street": "ROSS ST", "zip": "15219", "image": "https://tools.wprdc.org/images/pittsburgh/facilities/Civic_Building.jpg", "neighborhood": "Central Business District", "council_district": "6", "ward": "1", "tract": "42003020100", "public_works_division": "6", "pli_division": "1", "police_zone": "2", "fire_zone": "1-4", "latitude": 40.43674132, "longitude": -79.99677791000001 }, "geometry": { "type": "Point", "coordinates": [ -79.99677791, 40.43674132 ] } },
{ "type": "Feature", "properties": { "_id": 57, "id": "1667916423", "parcel_id": "24-G-270", "inactive": "False", "name": "Cowley Concession Stand", "rentable": false, "type": "Concession", "primary_user": "CitiParks", "address_number": "NA", "street": "GOETTMANN ST", "zip": "15212", "image": "https://tools.wprdc.org/images/pittsburgh/facilities/Cowley_Concession_Stand.jpg", "neighborhood": "Troy Hill", "council_district": "1", "ward": "24", "tract": "42003240600", "public_works_division": "1", "pli_division": "24", "police_zone": "1", "fire_zone": "1-2", "latitude": 40.45827322, "longitude": -79.98853205 }, "geometry": { "type": "Point", "coordinates": [ -79.98853205, 40.45827322 ] } },
{ "type": "Feature", "properties": { "_id": 58, "id": "2006688044", "parcel_id": "24-G-270", "inactive": "False", "name": "Cowley Recreation Center", "rentable": false, "type": "Rec Center", "primary_user": "CitiParks", "address_number": "1268", "street": "GOETTMANN ST", "zip": null, "image": "https://tools.wprdc.org/images/pittsburgh/facilities/Cowley_Recreation_Center.jpg", "neighborhood": "Troy Hill", "council_district": "1", "ward": "24", "tract": "42003240600", "public_works_division": "1", "pli_division": "24", "police_zone": "1", "fire_zone": "1-2", "latitude": 40.45839933, "longitude": -79.98818203 }, "geometry": { "type": "Point", "coordinates": [ -79.98818203, 40.45839933 ] } },
{ "type": "Feature", "properties": { "_id": 59, "id": "1228939524", "parcel_id": "96-G-1", "inactive": "False", "name": "Danny McGibbeny Memorial Field First Base Dugout", "rentable": false, "type": "Dugout", "primary_user": "Department of Public Works", "address_number": "1400", "street": "OAKRIDGE ST", "zip": null, "image": "https://tools.wprdc.org/images/pittsburgh/facilities/Danny_McGibbeny_Memorial_Field_First_Base_Dugout.jpg", "neighborhood": "Brookline", "council_district": "4", "ward": "32", "tract": "42003320600", "public_works_division": "5", "pli_division": "32", "police_zone": "6", "fire_zone": "4-26", "latitude": 40.39133496, "longitude": -80.00741752 }, "geometry": { "type": "Point", "coordinates": [ -80.00741752, 40.39133496 ] } },
{ "type": "Feature", "properties": { "_id": 60, "id": "1429971545", "parcel_id": "96-G-1", "inactive": "False", "name": "Danny McGibbeny Memorial Field Third Base Dugout", "rentable": false, "type": "Dugout", "primary_user": "Department of Public Works", "address_number": "1400", "street": "OAKRIDGE ST", "zip": null, "image": "https://tools.wprdc.org/images/pittsburgh/facilities/Danny_McGibbeny_Memorial_Field_Third_Base_Dugout.jpg", "neighborhood": "Brookline", "council_district": "4", "ward": "32", "tract": "42003320600", "public_works_division": "5", "pli_division": "32", "police_zone": "6", "fire_zone": "4-26", "latitude": 40.39142669, "longitude": -80.00755082000001 }, "geometry": { "type": "Point", "coordinates": [ -80.00755082, 40.39142669 ] } },
{ "type": "Feature", "properties": { "_id": 61, "id": "165543904", "parcel_id": "40-H-118", "inactive": "False", "name": "Dunbar Fieldhouse", "rentable": false, "type": "Restrooms", "primary_user": "CitiParks", "address_number": "170", "street": "CLAIRHAVEN ST", "zip": "15205", "image": "https://tools.wprdc.org/images/pittsburgh/facilities/Dunbar_Fieldhouse.jpg", "neighborhood": "Crafton Heights", "council_district": "2", "ward": "28", "tract": "42003281500", "public_works_division": "5", "pli_division": "28", "police_zone": "6", "fire_zone": "1-18", "latitude": 40.43940188, "longitude": -80.05223353 }, "geometry": { "type": "Point", "coordinates": [ -80.05223353, 40.43940188 ] } },
{ "type": "Feature", "properties": { "_id": 62, "id": "1799804238", "parcel_id": "231-S-600", "inactive": "False", "name": "East Hills Maintenance Building", "rentable": false, "type": "Utility", "primary_user": "CitiParks", "address_number": "NA", "street": "WILNER DR", "zip": "15221", "image": "https://tools.wprdc.org/images/pittsburgh/facilities/East_Hills_Maintenance_Building.jpg", "neighborhood": "East Hills", "council_district": "9", "ward": "13", "tract": "42003130600", "public_works_division": "2", "pli_division": "13", "police_zone": "5", "fire_zone": "3-19", "latitude": 40.45365568, "longitude": -79.87070939 }, "geometry": { "type": "Point", "coordinates": [ -79.87070939, 40.45365568 ] } },
{ "type": "Feature", "properties": { "_id": 63, "id": "1601378513", "parcel_id": "231-S-600", "inactive": "False", "name": "East Hills Pool Building", "rentable": false, "type": "Pool", "primary_user": "CitiParks", "address_number": "NA", "street": "WILNER DR", "zip": "15221", "image": "https://tools.wprdc.org/images/pittsburgh/facilities/East_Hills_Pool_Building.jpg", "neighborhood": "East Hills", "council_district": "9", "ward": "13", "tract": "42003130600", "public_works_division": "2", "pli_division": "13", "police_zone": "5", "fire_zone": "3-19", "latitude": 40.45349658, "longitude": -79.87099826 }, "geometry": { "type": "Point", "coordinates": [ -79.87099826, 40.45349658 ] } },
{ "type": "Feature", "properties": { "_id": 64, "id": "1732962621", "parcel_id": "83-N-125", "inactive": "False", "name": "Enright Park Building", "rentable": false, "type": "Utility", "primary_user": "Department of Public Works", "address_number": "221", "street": "AMBER ST", "zip": null, "image": "https://tools.wprdc.org/images/pittsburgh/facilities/Enright_Park_Building.jpg", "neighborhood": "East Liberty", "council_district": "9", "ward": "8", "tract": "42003111500", "public_works_division": "2", "pli_division": "8", "police_zone": "5", "fire_zone": "3-23", "latitude": 40.46189761, "longitude": -79.92995856 }, "geometry": { "type": "Point", "coordinates": [ -79.92995856, 40.46189761 ] } },
{ "type": "Feature", "properties": { "_id": 65, "id": "603256980", "parcel_id": "70-E-55", "inactive": "False", "name": "Fairywood Pool Building", "rentable": false, "type": "Pool Closed", "primary_user": "CitiParks", "address_number": "1883", "street": "BROADHEAD FORDING RD", "zip": "15205", "image": "https://tools.wprdc.org/images/pittsburgh/facilities/Fairywood_Pool_Building.jpg", "neighborhood": "Fairywood", "council_district": "2", "ward": "28", "tract": "42003563000", "public_works_division": "5", "pli_division": "28", "police_zone": "6", "fire_zone": "1-16", "latitude": 40.44925858, "longitude": -80.08084917 }, "geometry": { "type": "Point", "coordinates": [ -80.08084917, 40.44925858 ] } },
{ "type": "Feature", "properties": { "_id": 66, "id": "316710945", "parcel_id": "25-B-15", "inactive": "False", "name": "Finance General Services Compressor Building", "rentable": false, "type": "Service", "primary_user": "Department of Finance", "address_number": "10", "street": "29TH ST", "zip": "15222", "image": "https://tools.wprdc.org/images/pittsburgh/facilities/Finance_General_Services_Compressor_Building.jpg", "neighborhood": "Strip District", "council_district": "7", "ward": "6", "tract": "42003020300", "public_works_division": "6", "pli_division": "6", "police_zone": "2", "fire_zone": "3-2", "latitude": 40.45971113, "longitude": -79.97618945000001 }, "geometry": { "type": "Point", "coordinates": [ -79.97618945, 40.45971113 ] } },
{ "type": "Feature", "properties": { "_id": 67, "id": "1921260447", "parcel_id": "25-F-89-0-2", "inactive": "False", "name": "Finance General Services Facility 1", "rentable": false, "type": "Service", "primary_user": "Department of Finance", "address_number": "10", "street": "EAZOR SQ", "zip": "15222", "image": "https://tools.wprdc.org/images/pittsburgh/facilities/Finance_General_Services_Facility_1.jpg", "neighborhood": "Strip District", "council_district": "7", "ward": "6", "tract": "42003020300", "public_works_division": "6", "pli_division": "6", "police_zone": "2", "fire_zone": "3-2", "latitude": 40.45970962, "longitude": -79.97559119 }, "geometry": { "type": "Point", "coordinates": [ -79.97559119, 40.45970962 ] } },
{ "type": "Feature", "properties": { "_id": 68, "id": "1657365128", "parcel_id": "25-B-15", "inactive": "False", "name": "Finance General Services Facility 2", "rentable": false, "type": "Service", "primary_user": "Department of Finance", "address_number": "35", "street": "EAZOR SQ", "zip": "15222", "image": "https://tools.wprdc.org/images/pittsburgh/facilities/Finance_General_Services_Facility_2.jpg", "neighborhood": "Strip District", "council_district": "7", "ward": "6", "tract": "42003020300", "public_works_division": "6", "pli_division": "6", "police_zone": "2", "fire_zone": "3-2", "latitude": 40.46102675, "longitude": -79.97525732 }, "geometry": { "type": "Point", "coordinates": [ -79.97525732, 40.46102675 ] } },
{ "type": "Feature", "properties": { "_id": 69, "id": "2049853197", "parcel_id": "2-P-120", "inactive": "False", "name": "Finance Motorpool Building", "rentable": false, "type": "Office", "primary_user": "Department of Finance", "address_number": "700", "street": "SECOND AVE", "zip": "15219", "image": "https://tools.wprdc.org/images/pittsburgh/facilities/Finance_Motorpool_Building.jpg", "neighborhood": "Bluff", "council_district": "6", "ward": "1", "tract": "42003010300", "public_works_division": "6", "pli_division": "1", "police_zone": "2", "fire_zone": "2-4", "latitude": 40.43521013, "longitude": -79.99445511 }, "geometry": { "type": "Point", "coordinates": [ -79.99445511, 40.43521013 ] } },
{ "type": "Feature", "properties": { "_id": 70, "id": "499158725", "parcel_id": "23-C-246", "inactive": "False", "name": "Fineview Park Shelter", "rentable": false, "type": "Shelter", "primary_user": "Department of Public Works", "address_number": "NA", "street": "FINEVIEW AVE", "zip": null, "image": "https://tools.wprdc.org/images/pittsburgh/facilities/Fineview_Park_Shelter.jpg", "neighborhood": "Fineview", "council_district": "1", "ward": "25", "tract": "42003250900", "public_works_division": "1", "pli_division": "25", "police_zone": "1", "fire_zone": "1-10", "latitude": 40.46182039, "longitude": -80.00385177 }, "geometry": { "type": "Point", "coordinates": [ -80.00385177, 40.46182039 ] } },
{ "type": "Feature", "properties": { "_id": 71, "id": "820862174", "parcel_id": "9-L-43", "inactive": "False", "name": "Firehouse 03", "rentable": false, "type": "Firehouse", "primary_user": "Department of Public Safety", "address_number": "1401", "street": "PENN AVE", "zip": "15222", "image": "https://tools.wprdc.org/images/pittsburgh/facilities/Firehouse_03.jpg", "neighborhood": "Strip District", "council_district": "7", "ward": "2", "tract": "42003020300", "public_works_division": "6", "pli_division": "2", "police_zone": "2", "fire_zone": "2-3", "latitude": 40.44769281, "longitude": -79.98979957 }, "geometry": { "type": "Point", "coordinates": [ -79.98979957, 40.44769281 ] } },
{ "type": "Feature", "properties": { "_id": 72, "id": "133419833", "parcel_id": "2-L-121", "inactive": "False", "name": "Firehouse 04", "rentable": false, "type": "Firehouse", "primary_user": "Department of Public Safety", "address_number": "1324", "street": "FORBES AVE", "zip": "15219", "image": "https://tools.wprdc.org/images/pittsburgh/facilities/Firehouse_04.jpg", "neighborhood": "Bluff", "council_district": "6", "ward": "1", "tract": "42003010300", "public_works_division": "3", "pli_division": "1", "police_zone": "2", "fire_zone": "2-4", "latitude": 40.43747049, "longitude": -79.98718114 }, "geometry": { "type": "Point", "coordinates": [ -79.98718114, 40.43747049 ] } },
{ "type": "Feature", "properties": { "_id": 73, "id": "554864026", "parcel_id": "49-P-13", "inactive": "False", "name": "Firehouse 06", "rentable": false, "type": "Firehouse", "primary_user": "Department of Public Safety", "address_number": "3958", "street": "PENN AVE", "zip": "15201", "image": "https://tools.wprdc.org/images/pittsburgh/facilities/Firehouse_06.jpg", "neighborhood": "Lower Lawrenceville", "council_district": "7", "ward": "6", "tract": "42003060300", "public_works_division": "2", "pli_division": "6", "police_zone": "2", "fire_zone": "3-6", "latitude": 40.46489423, "longitude": -79.95814415 }, "geometry": { "type": "Point", "coordinates": [ -79.95814415, 40.46489423 ] } },
{ "type": "Feature", "properties": { "_id": 74, "id": "1107974781", "parcel_id": "81-C-16", "inactive": "False", "name": "Firehouse 07 FIU", "rentable": false, "type": "Firehouse", "primary_user": "Department of Public Safety", "address_number": "4603", "street": "STANTON AVE", "zip": "15201", "image": null, "neighborhood": "Stanton Heights", "council_district": "7", "ward": "10", "tract": "42003101800", "public_works_division": "2", "pli_division": "10", "police_zone": "5", "fire_zone": "3-7", "latitude": 40.48147102, "longitude": -79.93726093 }, "geometry": { "type": "Point", "coordinates": [ -79.93726093, 40.48147102 ] } },
{ "type": "Feature", "properties": { "_id": 75, "id": "1450386882", "parcel_id": "83-P-290", "inactive": "False", "name": "Firehouse 08", "rentable": false, "type": "Firehouse", "primary_user": "Department of Public Safety", "address_number": "161", "street": "N EUCLID AVE", "zip": "15206", "image": "https://tools.wprdc.org/images/pittsburgh/facilities/Firehouse_08.jpg", "neighborhood": "East Liberty", "council_district": "9", "ward": "11", "tract": "42003111500", "public_works_division": "2", "pli_division": "11", "police_zone": "5", "fire_zone": "3-8", "latitude": 40.46332775, "longitude": -79.9276744 }, "geometry": { "type": "Point", "coordinates": [ -79.9276744, 40.46332775 ] } },
{ "type": "Feature", "properties": { "_id": 76, "id": "284991702", "parcel_id": "11-D-51", "inactive": "False", "name": "Firehouse 10 Medic 5", "rentable": false, "type": "Firehouse", "primary_user": "Department of Public Safety", "address_number": "2500", "street": "ALLEQUIPPA ST", "zip": "15213", "image": "https://tools.wprdc.org/images/pittsburgh/facilities/Firehouse_10_Medic_5.jpg", "neighborhood": "West Oakland", "council_district": "6", "ward": "4", "tract": "42003040200", "public_works_division": "3", "pli_division": "4", "police_zone": "4", "fire_zone": "2-10", "latitude": 40.4410701, "longitude": -79.96769806 }, "geometry": { "type": "Point", "coordinates": [ -79.96769806, 40.4410701 ] } },
{ "type": "Feature", "properties": { "_id": 77, "id": "231182295", "parcel_id": "55-C-108", "inactive": "False", "name": "Firehouse 12 Medic 7", "rentable": false, "type": "Firehouse", "primary_user": "Department of Public Safety", "address_number": "4156", "street": "WINTERBURN AVE", "zip": "15207", "image": "https://tools.wprdc.org/images/pittsburgh/facilities/Firehouse_12_Medic_7.jpg", "neighborhood": "Greenfield", "council_district": "5", "ward": "15", "tract": "42003151600", "public_works_division": "3", "pli_division": "15", "police_zone": "4", "fire_zone": "2-12", "latitude": 40.42344659, "longitude": -79.94011291 }, "geometry": { "type": "Point", "coordinates": [ -79.94011291, 40.42344659 ] } },
{ "type": "Feature", "properties": { "_id": 78, "id": "422274891", "parcel_id": "56-F-238", "inactive": "False", "name": "Firehouse 13", "rentable": false, "type": "Firehouse", "primary_user": "Department of Public Safety", "address_number": "200", "street": "FLOWERS AVE", "zip": "15207", "image": "https://tools.wprdc.org/images/pittsburgh/facilities/Firehouse_13.jpg", "neighborhood": "Hazelwood", "council_district": "5", "ward": "15", "tract": "42003562300", "public_works_division": "3", "pli_division": "15", "police_zone": "4", "fire_zone": "2-13", "latitude": 40.41012451, "longitude": -79.94229724 }, "geometry": { "type": "Point", "coordinates": [ -79.94229724, 40.41012451 ] } },
{ "type": "Feature", "properties": { "_id": 79, "id": "1862825862", "parcel_id": "28-G-25", "inactive": "False", "name": "Firehouse 14", "rentable": false, "type": "Firehouse", "primary_user": "Department of Public Safety", "address_number": "259", "street": "MCKEE PL", "zip": "15213", "image": "https://tools.wprdc.org/images/pittsburgh/facilities/Firehouse_14.jpg", "neighborhood": "Central Oakland", "council_district": "3", "ward": "4", "tract": "42003040500", "public_works_division": "3", "pli_division": "4", "police_zone": "4", "fire_zone": "2-14", "latitude": 40.43878646, "longitude": -79.95756145 }, "geometry": { "type": "Point", "coordinates": [ -79.95756145, 40.43878646 ] } },
{ "type": "Feature", "properties": { "_id": 80, "id": "253193315", "parcel_id": "173-A-247", "inactive": "False", "name": "Firehouse 15", "rentable": false, "type": "Firehouse", "primary_user": "Department of Public Safety", "address_number": "7024", "street": "LEMINGTON AVE", "zip": "15206", "image": "https://tools.wprdc.org/images/pittsburgh/facilities/Firehouse_15.jpg", "neighborhood": "Lincoln-Lemington-Belmar", "council_district": "9", "ward": "12", "tract": "42003120300", "public_works_division": "2", "pli_division": "12", "police_zone": "5", "fire_zone": "3-18", "latitude": 40.47058346, "longitude": -79.89788938 }, "geometry": { "type": "Point", "coordinates": [ -79.89788938, 40.47058346 ] } },
{ "type": "Feature", "properties": { "_id": 81, "id": "22890853", "parcel_id": "174-R-143", "inactive": "False", "name": "Firehouse 17", "rentable": false, "type": "Firehouse", "primary_user": "Department of Public Safety", "address_number": "7601", "street": "HAMILTON AVE", "zip": "15208", "image": "https://tools.wprdc.org/images/pittsburgh/facilities/Firehouse_17.jpg", "neighborhood": "Homewood South", "council_district": "9", "ward": "13", "tract": "42003130400", "public_works_division": "2", "pli_division": "13", "police_zone": "5", "fire_zone": "3-17", "latitude": 40.4533734, "longitude": -79.89079325 }, "geometry": { "type": "Point", "coordinates": [ -79.89079325, 40.4533734 ] } },
{ "type": "Feature", "properties": { "_id": 82, "id": "1405979302", "parcel_id": "129-H-246", "inactive": "False", "name": "Firehouse 19", "rentable": false, "type": "Firehouse", "primary_user": "Department of Public Safety", "address_number": "159", "street": "HOMESTEAD ST", "zip": "15218", "image": "https://tools.wprdc.org/images/pittsburgh/facilities/Firehouse_19.jpg", "neighborhood": "Swisshelm Park", "council_district": "5", "ward": "14", "tract": "42003141100", "public_works_division": "3", "pli_division": "14", "police_zone": "4", "fire_zone": "2-19", "latitude": 40.42082667, "longitude": -79.89983778 }, "geometry": { "type": "Point", "coordinates": [ -79.89983778, 40.42082667 ] } },
{ "type": "Feature", "properties": { "_id": 83, "id": "1861276356", "parcel_id": "92-S-20", "inactive": "False", "name": "Firehouse 20 Medic 12", "rentable": false, "type": "Firehouse", "primary_user": "Department of Public Safety", "address_number": "514", "street": "BALDWIN RD", "zip": "15207", "image": "https://tools.wprdc.org/images/pittsburgh/facilities/Firehouse_20_Medic_12.jpg", "neighborhood": "Hays", "council_district": "5", "ward": "31", "tract": "42003562900", "public_works_division": "3", "pli_division": "31", "police_zone": "4", "fire_zone": "4-20", "latitude": 40.38578139, "longitude": -79.93301277 }, "geometry": { "type": "Point", "coordinates": [ -79.93301277, 40.38578139 ] } },
{ "type": "Feature", "properties": { "_id": 84, "id": "923362577", "parcel_id": "13-J-6", "inactive": "False", "name": "Firehouse 22", "rentable": false, "type": "Firehouse", "primary_user": "Department of Public Safety", "address_number": "1945", "street": "ARLINGTON AVE", "zip": "15210", "image": "https://tools.wprdc.org/images/pittsburgh/facilities/Firehouse_22.jpg", "neighborhood": "South Side Slopes", "council_district": "3", "ward": "16", "tract": "42003170600", "public_works_division": "3", "pli_division": "16", "police_zone": "3", "fire_zone": "4-22", "latitude": 40.41820301, "longitude": -79.9789486 }, "geometry": { "type": "Point", "coordinates": [ -79.9789486, 40.41820301 ] } },
{ "type": "Feature", "properties": { "_id": 85, "id": "898050888", "parcel_id": "60-L-212", "inactive": "False", "name": "Firehouse 23", "rentable": false, "type": "Firehouse", "primary_user": "Department of Public Safety", "address_number": "1704", "street": "BROWNSVILLE RD", "zip": "15210", "image": "https://tools.wprdc.org/images/pittsburgh/facilities/Firehouse_23.jpg", "neighborhood": "Carrick", "council_district": "4", "ward": "29", "tract": "42003290100", "public_works_division": "3", "pli_division": "29", "police_zone": "3", "fire_zone": "4-12", "latitude": 40.39826606, "longitude": -79.98893727 }, "geometry": { "type": "Point", "coordinates": [ -79.98893727, 40.39826606 ] } },
{ "type": "Feature", "properties": { "_id": 86, "id": "86586333", "parcel_id": "12-J-222", "inactive": "False", "name": "Firehouse 24", "rentable": false, "type": "Firehouse", "primary_user": "Department of Public Safety", "address_number": "1729", "street": "MARY ST", "zip": "15203", "image": "https://tools.wprdc.org/images/pittsburgh/facilities/Firehouse_24.jpg", "neighborhood": "South Side Flats", "council_district": "3", "ward": "17", "tract": "42003170200", "public_works_division": "3", "pli_division": "17", "police_zone": "3", "fire_zone": "4-24", "latitude": 40.42635367, "longitude": -79.981299 }, "geometry": { "type": "Point", "coordinates": [ -79.981299, 40.42635367 ] } },
{ "type": "Feature", "properties": { "_id": 87, "id": "2114849487", "parcel_id": "62-R-110", "inactive": "False", "name": "Firehouse 26", "rentable": false, "type": "Firehouse", "primary_user": "Department of Public Safety", "address_number": "630", "street": "BROOKLINE BLVD", "zip": "15226", "image": "https://tools.wprdc.org/images/pittsburgh/facilities/Firehouse_26.png", "neighborhood": "Brookline", "council_district": "4", "ward": "19", "tract": "42003191800", "public_works_division": "5", "pli_division": "19", "police_zone": "6", "fire_zone": "4-26", "latitude": 40.39479612, "longitude": -80.02185529 }, "geometry": { "type": "Point", "coordinates": [ -80.02185529, 40.39479612 ] } },
{ "type": "Feature", "properties": { "_id": 88, "id": "1664984514", "parcel_id": "4-G-74", "inactive": "False", "name": "Firehouse 27", "rentable": false, "type": "Firehouse", "primary_user": "Department of Public Safety", "address_number": "96", "street": "VIRGINIA AVE", "zip": "15211", "image": "https://tools.wprdc.org/images/pittsburgh/facilities/Firehouse_27.jpg", "neighborhood": "Mount Washington", "council_district": "2", "ward": "19", "tract": "42003191400", "public_works_division": "5", "pli_division": "19", "police_zone": "3", "fire_zone": "4-27", "latitude": 40.42951996, "longitude": -80.00704603 }, "geometry": { "type": "Point", "coordinates": [ -80.00704603, 40.42951996 ] } },
{ "type": "Feature", "properties": { "_id": 89, "id": "1324672513", "parcel_id": "35-B-234", "inactive": "False", "name": "Firehouse 28", "rentable": false, "type": "Firehouse", "primary_user": "Department of Public Safety", "address_number": "1428", "street": "BEECHVIEW AVE", "zip": "15216", "image": "https://tools.wprdc.org/images/pittsburgh/facilities/Firehouse_28.jpg", "neighborhood": "Beechview", "council_district": "4", "ward": "19", "tract": "42003191600", "public_works_division": "5", "pli_division": "19", "police_zone": "6", "fire_zone": "4-28", "latitude": 40.4131302, "longitude": -80.02517729 }, "geometry": { "type": "Point", "coordinates": [ -80.02517729, 40.4131302 ] } },
{ "type": "Feature", "properties": { "_id": 90, "id": "688483759", "parcel_id": "39-D-324", "inactive": "False", "name": "Firehouse 29", "rentable": false, "type": "Firehouse", "primary_user": "Department of Public Safety", "address_number": "2100", "street": "NOBLESTOWN RD", "zip": "15205", "image": "https://tools.wprdc.org/images/pittsburgh/facilities/Firehouse_29.jpg", "neighborhood": "Westwood", "council_district": "2", "ward": "28", "tract": "42003563100", "public_works_division": "5", "pli_division": "28", "police_zone": "6", "fire_zone": "1-18", "latitude": 40.43149294, "longitude": -80.05357085 }, "geometry": { "type": "Point", "coordinates": [ -80.05357085, 40.43149294 ] } },
{ "type": "Feature", "properties": { "_id": 91, "id": "421707902", "parcel_id": "19-B-29", "inactive": "False", "name": "Firehouse 30", "rentable": false, "type": "Firehouse", "primary_user": "Department of Public Safety", "address_number": "916", "street": "STEUBEN ST", "zip": "15220", "image": "https://tools.wprdc.org/images/pittsburgh/facilities/Firehouse_30.jpg", "neighborhood": "Elliott", "council_district": "2", "ward": "20", "tract": "42003562600", "public_works_division": "5", "pli_division": "20", "police_zone": "6", "fire_zone": "1-17", "latitude": 40.44285311, "longitude": -80.04215638 }, "geometry": { "type": "Point", "coordinates": [ -80.04215638, 40.44285311 ] } },
{ "type": "Feature", "properties": { "_id": 92, "id": "1028498395", "parcel_id": "42-P-159", "inactive": "False", "name": "Firehouse 31", "rentable": false, "type": "Firehouse", "primary_user": "Department of Public Safety", "address_number": "3000", "street": "CHARTIERS AVE", "zip": "15204", "image": "https://tools.wprdc.org/images/pittsburgh/facilities/Firehouse_31.jpg", "neighborhood": "Sheraden", "council_district": "2", "ward": "20", "tract": "42003562500", "public_works_division": "5", "pli_division": "20", "police_zone": "6", "fire_zone": "1-16", "latitude": 40.4545718, "longitude": -80.05853675 }, "geometry": { "type": "Point", "coordinates": [ -80.05853675, 40.4545718 ] } },
{ "type": "Feature", "properties": { "_id": 93, "id": "1659870759", "parcel_id": "24-F-30", "inactive": "False", "name": "Firehouse 32", "rentable": false, "type": "Firehouse", "primary_user": "Department of Public Safety", "address_number": "900", "street": "SPRING GARDEN AVE", "zip": "15212", "image": "https://tools.wprdc.org/images/pittsburgh/facilities/Firehouse_32.jpg", "neighborhood": "East Allegheny", "council_district": "1", "ward": "23", "tract": "42003563200", "public_works_division": "1", "pli_division": "23", "police_zone": "1", "fire_zone": "1-5", "latitude": 40.45801237, "longitude": -79.99512978 }, "geometry": { "type": "Point", "coordinates": [ -79.99512978, 40.45801237 ] } },
{ "type": "Feature", "properties": { "_id": 94, "id": "1209638372", "parcel_id": "115-D-187", "inactive": "False", "name": "Firehouse 34", "rentable": false, "type": "Firehouse", "primary_user": "Department of Public Safety", "address_number": "3914", "street": "PERRYSVILLE AVE", "zip": "15212", "image": "https://tools.wprdc.org/images/pittsburgh/facilities/Firehouse_34.jpg", "neighborhood": "Perry North", "council_district": "1", "ward": "26", "tract": "42003260200", "public_works_division": "1", "pli_division": "26", "police_zone": "1", "fire_zone": "1-15", "latitude": 40.49007011, "longitude": -80.0181688 }, "geometry": { "type": "Point", "coordinates": [ -80.0181688, 40.49007011 ] } },
{ "type": "Feature", "properties": { "_id": 95, "id": "1442073329", "parcel_id": "76-J-88", "inactive": "False", "name": "Firehouse 33 Truck", "rentable": false, "type": "Firehouse", "primary_user": "Department of Public Safety", "address_number": "3284", "street": "CENTRAL AVE", "zip": "15212", "image": "https://tools.wprdc.org/images/pittsburgh/facilities/Firehouse_33_Truck.jpg", "neighborhood": "Marshall-Shadeland", "council_district": "1", "ward": "27", "tract": "42003271500", "public_works_division": "1", "pli_division": "27", "police_zone": "1", "fire_zone": "1-14", "latitude": 40.47664762, "longitude": -80.02969284 }, "geometry": { "type": "Point", "coordinates": [ -80.02969284, 40.47664762 ] } },
{ "type": "Feature", "properties": { "_id": 96, "id": "845750479", "parcel_id": "75-C-161", "inactive": "False", "name": "Firehouse 35", "rentable": false, "type": "Firehouse", "primary_user": "Department of Public Safety", "address_number": "1519", "street": "ORCHLEE ST", "zip": "15212", "image": "https://tools.wprdc.org/images/pittsburgh/facilities/Firehouse_35.jpg", "neighborhood": "Brighton Heights", "council_district": "1", "ward": "27", "tract": "42003270100", "public_works_division": "1", "pli_division": "27", "police_zone": "1", "fire_zone": "1-14", "latitude": 40.48173847, "longitude": -80.03897879 }, "geometry": { "type": "Point", "coordinates": [ -80.03897879, 40.48173847 ] } },
{ "type": "Feature", "properties": { "_id": 97, "id": "411190832", "parcel_id": "22-R-276", "inactive": "False", "name": "Firehouse 37", "rentable": false, "type": "Firehouse", "primary_user": "Department of Public Safety", "address_number": "1124", "street": "W NORTH AVE", "zip": "15233", "image": "https://tools.wprdc.org/images/pittsburgh/facilities/Firehouse_37.jpg", "neighborhood": "Manchester", "council_district": "6", "ward": "21", "tract": "42003210700", "public_works_division": "1", "pli_division": "21", "police_zone": "1", "fire_zone": "1-8", "latitude": 40.45325445, "longitude": -80.02183586 }, "geometry": { "type": "Point", "coordinates": [ -80.02183586, 40.45325445 ] } },
{ "type": "Feature", "properties": { "_id": 98, "id": "2007951235", "parcel_id": "77-S-37", "inactive": "False", "name": "Firehouse 38", "rentable": false, "type": "Firehouse", "primary_user": "Department of Public Safety", "address_number": "198", "street": "ESSEN ST", "zip": "15235", "image": "https://tools.wprdc.org/images/pittsburgh/facilities/Firehouse_38.jpg", "neighborhood": "Spring Hill-City View", "council_district": "1", "ward": "26", "tract": "42003260900", "public_works_division": "1", "pli_division": "26", "police_zone": "1", "fire_zone": "1-13", "latitude": 40.47297762, "longitude": -80.00292098 }, "geometry": { "type": "Point", "coordinates": [ -80.00292098, 40.47297762 ] } },
{ "type": "Feature", "properties": { "_id": 99, "id": "381762852", "parcel_id": "27-S-150-0-1", "inactive": "False", "name": "Flagstaff Hill Gazebo", "rentable": false, "type": "Shelter", "primary_user": "Department of Public Works", "address_number": "NA", "street": "FREW AVE", "zip": null, "image": "https://tools.wprdc.org/images/pittsburgh/facilities/Flagstaff_Hill_Gazebo.jpg", "neighborhood": "Squirrel Hill South", "council_district": "5", "ward": "14", "tract": "42003980500", "public_works_division": "3", "pli_division": "14", "police_zone": "4", "fire_zone": "2-8", "latitude": 40.44089345, "longitude": -79.94778139 }, "geometry": { "type": "Point", "coordinates": [ -79.94778139, 40.44089345 ] } },
{ "type": "Feature", "properties": { "_id": 100, "id": "1468127440", "parcel_id": "50-F-260", "inactive": "False", "name": "Fort Pitt Concession Stand", "rentable": false, "type": "Concession", "primary_user": "CitiParks", "address_number": "NA", "street": "HILLCREST ST", "zip": "15224", "image": "https://tools.wprdc.org/images/pittsburgh/facilities/Fort_Pitt_Concession_Stand.jpg", "neighborhood": "Garfield", "council_district": "9", "ward": "10", "tract": "42003101700", "public_works_division": "2", "pli_division": "10", "police_zone": "5", "fire_zone": "3-4", "latitude": 40.46888998, "longitude": -79.9423697 }, "geometry": { "type": "Point", "coordinates": [ -79.9423697, 40.46888998 ] } },
{ "type": "Feature", "properties": { "_id": 101, "id": "1010723544", "parcel_id": "50-F-260", "inactive": "False", "name": "Fort Pitt Park Announcers Booth", "rentable": false, "type": "Activity", "primary_user": "Department of Public Works", "address_number": "NA", "street": "HILLCREST ST", "zip": null, "image": "https://tools.wprdc.org/images/pittsburgh/facilities/Fort_Pitt_Park_Announcers_Booth.jpg", "neighborhood": "Garfield", "council_district": "9", "ward": "10", "tract": "42003101700", "public_works_division": "2", "pli_division": "10", "police_zone": "5", "fire_zone": "3-4", "latitude": 40.46904087, "longitude": -79.94296901 }, "geometry": { "type": "Point", "coordinates": [ -79.94296901, 40.46904087 ] } },
{ "type": "Feature", "properties": { "_id": 102, "id": "2043378739", "parcel_id": "50-F-260", "inactive": "False", "name": "Fort Pitt Park Lights Building", "rentable": false, "type": "Utility", "primary_user": "Department of Public Works", "address_number": "NA", "street": "HILLCREST ST", "zip": null, "image": "https://tools.wprdc.org/images/pittsburgh/facilities/Fort_Pitt_Park_Lights_Building.jpg", "neighborhood": "Garfield", "council_district": "9", "ward": "10", "tract": "42003101700", "public_works_division": "2", "pli_division": "10", "police_zone": "5", "fire_zone": "3-4", "latitude": 40.46892769, "longitude": -79.94251792 }, "geometry": { "type": "Point", "coordinates": [ -79.94251792, 40.46892769 ] } },
{ "type": "Feature", "properties": { "_id": 103, "id": "728670745", "parcel_id": "46-B-290", "inactive": "False", "name": "Fowler Field Lights Building", "rentable": false, "type": "Utility", "primary_user": "Department of Public Works", "address_number": "NA", "street": "N CHARLES ST", "zip": null, "image": "https://tools.wprdc.org/images/pittsburgh/facilities/Fowler_Field_Lights_Building.jpg", "neighborhood": "Perry South", "council_district": "6", "ward": "26", "tract": "42003261400", "public_works_division": "1", "pli_division": "26", "police_zone": "1", "fire_zone": "1-23", "latitude": 40.47049546, "longitude": -80.0100602 }, "geometry": { "type": "Point", "coordinates": [ -80.0100602, 40.47049546 ] } },
{ "type": "Feature", "properties": { "_id": 104, "id": "1635303938", "parcel_id": "29-G-38", "inactive": "False", "name": "Frazier Fieldhouse", "rentable": false, "type": "Activity", "primary_user": "CitiParks", "address_number": "NA", "street": "FRAZIER ST", "zip": "15213", "image": "https://tools.wprdc.org/images/pittsburgh/facilities/Frazier_Fieldhouse.jpg", "neighborhood": "South Oakland", "council_district": "3", "ward": "4", "tract": "42003040900", "public_works_division": "3", "pli_division": "4", "police_zone": "4", "fire_zone": "2-11", "latitude": 40.42974618, "longitude": -79.95440002 }, "geometry": { "type": "Point", "coordinates": [ -79.95440002, 40.42974618 ] } },
{ "type": "Feature", "properties": { "_id": 105, "id": "944074260", "parcel_id": "127-H-100-0-1", "inactive": "False", "name": "Frick Park Biddle Building", "rentable": false, "type": "Office", "primary_user": "Department of Public Safety", "address_number": "800", "street": "S BRADDOCK AVE", "zip": "15221", "image": "https://tools.wprdc.org/images/pittsburgh/facilities/Frick_Park_Biddle_Building.jpg", "neighborhood": "Regent Square", "council_district": "5", "ward": "14", "tract": "42003141000", "public_works_division": "3", "pli_division": "14", "police_zone": "4", "fire_zone": "2-16", "latitude": 40.43659163, "longitude": -79.89659796 }, "geometry": { "type": "Point", "coordinates": [ -79.89659796, 40.43659163 ] } },
{ "type": "Feature", "properties": { "_id": 106, "id": "280573423", "parcel_id": "127-H-100-0-1", "inactive": "False", "name": "Frick Park Blue Slide Park Concession Stand", "rentable": false, "type": "Concession", "primary_user": "Department of Public Works", "address_number": "NA", "street": "ENGLISH LN", "zip": null, "image": "https://tools.wprdc.org/images/pittsburgh/facilities/Frick_Park_Blue_Slide_Park_Concession_Stand.jpg", "neighborhood": "Squirrel Hill South", "council_district": "5", "ward": "14", "tract": "42003980300", "public_works_division": "3", "pli_division": "14", "police_zone": "4", "fire_zone": "2-21", "latitude": 40.42951341, "longitude": -79.91379272 }, "geometry": { "type": "Point", "coordinates": [ -79.91379272, 40.42951341 ] } },
{ "type": "Feature", "properties": { "_id": 107, "id": "1220088240", "parcel_id": "127-H-100-0-1", "inactive": "False", "name": "Frick Park Blue Slide Park Restrooms", "rentable": false, "type": "Restrooms", "primary_user": "Department of Public Works", "address_number": "NA", "street": "ENGLISH LN", "zip": null, "image": "https://tools.wprdc.org/images/pittsburgh/facilities/Frick_Park_Blue_Slide_Park_Restrooms.jpg", "neighborhood": "Squirrel Hill South", "council_district": "5", "ward": "14", "tract": "42003980300", "public_works_division": "3", "pli_division": "14", "police_zone": "4", "fire_zone": "2-21", "latitude": 40.42948117, "longitude": -79.91372454 }, "geometry": { "type": "Point", "coordinates": [ -79.91372454, 40.42948117 ] } },
{ "type": "Feature", "properties": { "_id": 108, "id": "1418496458", "parcel_id": "127-H-100-0-1", "inactive": "False", "name": "Frick Park Blue Slide Park Shelter", "rentable": false, "type": "Shelter", "primary_user": "Department of Public Works", "address_number": "NA", "street": "BEECHWOOD BLVD", "zip": null, "image": "https://tools.wprdc.org/images/pittsburgh/facilities/Frick_Park_Blue_Slide_Park_Shelter.jpg", "neighborhood": "Squirrel Hill South", "council_district": "5", "ward": "14", "tract": "42003980300", "public_works_division": "3", "pli_division": "14", "police_zone": "4", "fire_zone": "2-21", "latitude": 40.43017007, "longitude": -79.91496997 }, "geometry": { "type": "Point", "coordinates": [ -79.91496997, 40.43017007 ] } },
{ "type": "Feature", "properties": { "_id": 109, "id": "1139965717", "parcel_id": "127-H-100-01", "inactive": "False", "name": "Frick Park Bowling Greens Building", "rentable": false, "type": "Storage", "primary_user": "Department of Public Works", "address_number": "NA", "street": "REYNOLDS ST", "zip": null, "image": "https://tools.wprdc.org/images/pittsburgh/facilities/Frick_Park_Bowling_Greens_Building.jpg", "neighborhood": "Point Breeze", "council_district": "9", "ward": "14", "tract": "42003981100", "public_works_division": "3", "pli_division": "14", "police_zone": "4", "fire_zone": "3-14", "latitude": 40.44480089, "longitude": -79.90090237 }, "geometry": { "type": "Point", "coordinates": [ -79.90090237, 40.44480089 ] } },
{ "type": "Feature", "properties": { "_id": 110, "id": "225011312", "parcel_id": "127-H-100-0-1", "inactive": "False", "name": "Frick Park Bowling Greens Garage", "rentable": false, "type": "Activity", "primary_user": "CitiParks", "address_number": "NA", "street": "REYNOLDS ST", "zip": "15217", "image": "https://tools.wprdc.org/images/pittsburgh/facilities/Frick_Park_Bowling_Greens_Garage.jpg", "neighborhood": "Point Breeze", "council_district": "9", "ward": "14", "tract": "42003981100", "public_works_division": "3", "pli_division": "14", "police_zone": "4", "fire_zone": "3-14", "latitude": 40.44474293, "longitude": -79.90079018 }, "geometry": { "type": "Point", "coordinates": [ -79.90079018, 40.44474293 ] } },
{ "type": "Feature", "properties": { "_id": 111, "id": "1314604727", "parcel_id": "127-H-100-0-1", "inactive": "False", "name": "Frick Park Bowling Greens Shelter", "rentable": false, "type": "Shelter", "primary_user": "Department of Public Works", "address_number": "NA", "street": "REYNOLDS ST", "zip": null, "image": "https://tools.wprdc.org/images/pittsburgh/facilities/Frick_Park_Bowling_Greens_Shelter.jpg", "neighborhood": "Point Breeze", "council_district": "9", "ward": "14", "tract": "42003981100", "public_works_division": "3", "pli_division": "14", "police_zone": "4", "fire_zone": "3-14", "latitude": 40.44487697, "longitude": -79.90107976 }, "geometry": { "type": "Point", "coordinates": [ -79.90107976, 40.44487697 ] } },
{ "type": "Feature", "properties": { "_id": 112, "id": "1649042168", "parcel_id": "127-H-100-0-1", "inactive": "False", "name": "Frick Park Concession Stand", "rentable": false, "type": "Concession", "primary_user": "Department of Public Works", "address_number": "NA", "street": "BRADDOCK AVE", "zip": null, "image": "https://tools.wprdc.org/images/pittsburgh/facilities/Frick_Park_Concession_Stand.jpg", "neighborhood": "Regent Square", "council_district": "5", "ward": "14", "tract": "42003141000", "public_works_division": "3", "pli_division": "14", "police_zone": "4", "fire_zone": "2-16", "latitude": 40.4375842, "longitude": -79.89786204000001 }, "geometry": { "type": "Point", "coordinates": [ -79.89786204, 40.4375842 ] } },
{ "type": "Feature", "properties": { "_id": 113, "id": "1655062579", "parcel_id": null, "inactive": "False", "name": "Frick Park Duffy Cabin", "rentable": false, "type": "Storage", "primary_user": "Department of Public Works", "address_number": "NA", "street": null, "zip": null, "image": "https://tools.wprdc.org/images/pittsburgh/facilities/Frick_Park_Duffy_Cabin.jpg", "neighborhood": "Squirrel Hill South", "council_district": "5", "ward": "14", "tract": "42003980300", "public_works_division": "3", "pli_division": "14", "police_zone": "4", "fire_zone": "2-21", "latitude": 40.43704242, "longitude": -79.9069528 }, "geometry": { "type": "Point", "coordinates": [ -79.9069528, 40.43704242 ] } },
{ "type": "Feature", "properties": { "_id": 114, "id": "990625521", "parcel_id": "127-H-100-0-1", "inactive": "False", "name": "Frick Park Entrance Gate", "rentable": false, "type": "Service", "primary_user": "CitiParks", "address_number": "NA", "street": "S HOMEWOOD AVE", "zip": null, "image": "https://tools.wprdc.org/images/pittsburgh/facilities/Frick_Park_Entrance_Gate.jpg", "neighborhood": "Point Breeze", "council_district": "9", "ward": "14", "tract": "42003981100", "public_works_division": "3", "pli_division": "14", "police_zone": "4", "fire_zone": "3-14", "latitude": 40.44620146, "longitude": -79.90320409 }, "geometry": { "type": "Point", "coordinates": [ -79.90320409, 40.44620146 ] } },
{ "type": "Feature", "properties": { "_id": 115, "id": "1057443201", "parcel_id": "127-H-100-0-1", "inactive": "False", "name": "Frick Park Forbes and Braddock Shelter", "rentable": true, "type": "Shelter", "primary_user": "Department of Public Works", "address_number": "NA", "street": "BRADDOCK AVE", "zip": null, "image": "https://tools.wprdc.org/images/pittsburgh/facilities/Frick_Park_Forbes_and_Braddock_Shelter.jpg", "neighborhood": "Regent Square", "council_district": "5", "ward": "14", "tract": "42003141000", "public_works_division": "3", "pli_division": "14", "police_zone": "4", "fire_zone": "2-16", "latitude": 40.43889795, "longitude": -79.89856562 }, "geometry": { "type": "Point", "coordinates": [ -79.89856562, 40.43889795 ] } },
{ "type": "Feature", "properties": { "_id": 116, "id": "1725446176", "parcel_id": "127-H-100-0-1", "inactive": "False", "name": "Frick Park Gatehouse 1", "rentable": false, "type": "Office", "primary_user": "Department of Public Works", "address_number": "2005", "street": "BEECHWOOD BLVD", "zip": null, "image": "https://tools.wprdc.org/images/pittsburgh/facilities/Frick_Park_Gatehouse_1.jpg", "neighborhood": "Squirrel Hill South", "council_district": "5", "ward": "14", "tract": "42003980300", "public_works_division": "3", "pli_division": "14", "police_zone": "4", "fire_zone": "2-21", "latitude": 40.43694386, "longitude": -79.90815907 }, "geometry": { "type": "Point", "coordinates": [ -79.90815907, 40.43694386 ] } },
{ "type": "Feature", "properties": { "_id": 117, "id": "1643526179", "parcel_id": "127-H-100-0-1", "inactive": "False", "name": "Frick Park Gatehouse 2", "rentable": false, "type": "Office", "primary_user": "Department of Public Works", "address_number": "2005", "street": "BEECHWOOD BLVD", "zip": null, "image": "https://tools.wprdc.org/images/pittsburgh/facilities/Frick_Park_Gatehouse_2.jpg", "neighborhood": "Squirrel Hill South", "council_district": "5", "ward": "14", "tract": "42003980300", "public_works_division": "3", "pli_division": "14", "police_zone": "4", "fire_zone": "2-21", "latitude": 40.43674621, "longitude": -79.90821932 }, "geometry": { "type": "Point", "coordinates": [ -79.90821932, 40.43674621 ] } },
{ "type": "Feature", "properties": { "_id": 118, "id": "1442555506", "parcel_id": "127-H-100-0-1", "inactive": "False", "name": "Frick Park Gatehouse 3", "rentable": false, "type": "Office", "primary_user": "Department of Public Works", "address_number": "NA", "street": "FORBES AVE", "zip": null, "image": "https://tools.wprdc.org/images/pittsburgh/facilities/Frick_Park_Gatehouse_3.jpg", "neighborhood": "Squirrel Hill South", "council_district": "5", "ward": "14", "tract": "42003981100", "public_works_division": "3", "pli_division": "14", "police_zone": "4", "fire_zone": "3-14", "latitude": 40.43934697, "longitude": -79.90112063 }, "geometry": { "type": "Point", "coordinates": [ -79.90112063, 40.43934697 ] } },
{ "type": "Feature", "properties": { "_id": 119, "id": "1984401881", "parcel_id": "127-H-100-0-1", "inactive": "False", "name": "Frick Park Hollow Lower Restrooms", "rentable": false, "type": "Restrooms", "primary_user": "Department of Public Works", "address_number": "NA", "street": "FRICK PARK ACCESS RD E", "zip": null, "image": "https://tools.wprdc.org/images/pittsburgh/facilities/Frick_Park_Hollow_Lower_Restrooms.jpg", "neighborhood": "Squirrel Hill South", "council_district": "5", "ward": "14", "tract": "42003980300", "public_works_division": "3", "pli_division": "14", "police_zone": "4", "fire_zone": "2-16", "latitude": 40.43307498, "longitude": -79.90012969 }, "geometry": { "type": "Point", "coordinates": [ -79.90012969, 40.43307498 ] } },
{ "type": "Feature", "properties": { "_id": 120, "id": "1921228275", "parcel_id": "127-H-100-0-1", "inactive": "False", "name": "Frick Park Lower Shelter 1", "rentable": false, "type": "Shelter", "primary_user": "Department of Public Works", "address_number": "NA", "street": "FRICK PARK ACCESS RD E", "zip": null, "image": "https://tools.wprdc.org/images/pittsburgh/facilities/Frick_Park_Lower_Shelter_1.jpg", "neighborhood": "Squirrel Hill South", "council_district": "5", "ward": "14", "tract": "42003980300", "public_works_division": "3", "pli_division": "14", "police_zone": "4", "fire_zone": "2-16", "latitude": 40.43313267, "longitude": -79.90032172 }, "geometry": { "type": "Point", "coordinates": [ -79.90032172, 40.43313267 ] } },
{ "type": "Feature", "properties": { "_id": 121, "id": "212858599", "parcel_id": "127-H-100-0-1", "inactive": "False", "name": "Frick Park Environmental Center", "rentable": false, "type": "Activity", "primary_user": "CitiParks", "address_number": "2005", "street": "BEECHWOOD BLVD", "zip": null, "image": "https://tools.wprdc.org/images/pittsburgh/facilities/Frick_Park_Environmental_Center.jpg", "neighborhood": "Squirrel Hill South", "council_district": "5", "ward": "14", "tract": "42003980300", "public_works_division": "3", "pli_division": "14", "police_zone": "4", "fire_zone": "2-21", "latitude": 40.43648648, "longitude": -79.90759449 }, "geometry": { "type": "Point", "coordinates": [ -79.90759449, 40.43648648 ] } },
{ "type": "Feature", "properties": { "_id": 122, "id": "1976589660", "parcel_id": "127-H-100-0-1", "inactive": "False", "name": "Frick Park Restrooms", "rentable": false, "type": "Restrooms", "primary_user": "CitiParks", "address_number": "NA", "street": "S BRADDOCK AVE", "zip": "15217", "image": "https://tools.wprdc.org/images/pittsburgh/facilities/Frick_Park_Restrooms.jpg", "neighborhood": "Regent Square", "council_district": "5", "ward": "14", "tract": "42003141000", "public_works_division": "3", "pli_division": "14", "police_zone": "4", "fire_zone": "2-16", "latitude": 40.43758067, "longitude": -79.89813568 }, "geometry": { "type": "Point", "coordinates": [ -79.89813568, 40.43758067 ] } },
{ "type": "Feature", "properties": { "_id": 123, "id": "588366786", "parcel_id": "83-P-292", "inactive": "False", "name": "Garland Park Spray Building", "rentable": false, "type": "Utility", "primary_user": "CitiParks", "address_number": "NA", "street": "N EUCLID AVE", "zip": "15206", "image": "https://tools.wprdc.org/images/pittsburgh/facilities/Garland_Park_Spray_Building.jpg", "neighborhood": "East Liberty", "council_district": "9", "ward": "11", "tract": "42003111500", "public_works_division": "2", "pli_division": "11", "police_zone": "5", "fire_zone": "3-8", "latitude": 40.46353729, "longitude": -79.92776544 }, "geometry": { "type": "Point", "coordinates": [ -79.92776544, 40.46353729 ] } },
{ "type": "Feature", "properties": { "_id": 124, "id": "524638089", "parcel_id": "162-S-80", "inactive": "False", "name": "Garvin Park Concession Stand", "rentable": false, "type": "Concession", "primary_user": "Department of Public Works", "address_number": "60", "street": "GARVIN ST", "zip": null, "image": "https://tools.wprdc.org/images/pittsburgh/facilities/Garvin_Park_Concession_Stand.jpg", "neighborhood": "Perry North", "council_district": "1", "ward": "26", "tract": "42003260200", "public_works_division": "1", "pli_division": "26", "police_zone": "1", "fire_zone": "1-15", "latitude": 40.49229502, "longitude": -80.01811191 }, "geometry": { "type": "Point", "coordinates": [ -80.01811191, 40.49229502 ] } },
{ "type": "Feature", "properties": { "_id": 125, "id": "1904073058", "parcel_id": "162-S-88", "inactive": "False", "name": "Garvin Park Fieldhouse", "rentable": false, "type": "Storage", "primary_user": "Department of Public Works", "address_number": "44", "street": "GARVIN ST", "zip": null, "image": "https://tools.wprdc.org/images/pittsburgh/facilities/Garvin_Park_Fieldhouse.jpg", "neighborhood": "Perry North", "council_district": "1", "ward": "26", "tract": "42003260200", "public_works_division": "1", "pli_division": "26", "police_zone": "1", "fire_zone": "1-15", "latitude": 40.49260191, "longitude": -80.01894919 }, "geometry": { "type": "Point", "coordinates": [ -80.01894919, 40.49260191 ] } },
{ "type": "Feature", "properties": { "_id": 126, "id": "1264685831", "parcel_id": "162-S-80", "inactive": "False", "name": "Garvin Park First Base Dugout", "rentable": false, "type": "Dugout", "primary_user": "Department of Public Works", "address_number": "NA", "street": "GARVIN ST", "zip": null, "image": "https://tools.wprdc.org/images/pittsburgh/facilities/Garvin_Park_First_Base_Dugout.jpg", "neighborhood": "Perry North", "council_district": "1", "ward": "26", "tract": "42003260200", "public_works_division": "1", "pli_division": "26", "police_zone": "1", "fire_zone": "1-15", "latitude": 40.4924582, "longitude": -80.01805396 }, "geometry": { "type": "Point", "coordinates": [ -80.01805396, 40.4924582 ] } },
{ "type": "Feature", "properties": { "_id": 127, "id": "1704555952", "parcel_id": "162-S-80", "inactive": "False", "name": "Garvin Park Third Base Dugout", "rentable": false, "type": "Dugout", "primary_user": "Department of Public Works", "address_number": "NA", "street": "GARVIN ST", "zip": null, "image": "https://tools.wprdc.org/images/pittsburgh/facilities/Garvin_Park_Third_Base_Dugout.jpg", "neighborhood": "Perry North", "council_district": "1", "ward": "26", "tract": "42003260200", "public_works_division": "1", "pli_division": "26", "police_zone": "1", "fire_zone": "1-15", "latitude": 40.49235554, "longitude": -80.01827743 }, "geometry": { "type": "Point", "coordinates": [ -80.01827743, 40.49235554 ] } },
{ "type": "Feature", "properties": { "_id": 128, "id": "253387558", "parcel_id": "56-M-250", "inactive": "False", "name": "Glen Hazel Senior Center", "rentable": false, "type": "Senior", "primary_user": "CitiParks", "address_number": "945", "street": "ROSSELLE CT", "zip": null, "image": "https://tools.wprdc.org/images/pittsburgh/facilities/Glen_Hazel_Senior_Center.jpg", "neighborhood": "Glen Hazel", "council_district": "5", "ward": "15", "tract": "42003562300", "public_works_division": "3", "pli_division": "15", "police_zone": "4", "fire_zone": "2-13", "latitude": 40.40674251, "longitude": -79.93311132 }, "geometry": { "type": "Point", "coordinates": [ -79.93311132, 40.40674251 ] } },
{ "type": "Feature", "properties": { "_id": 129, "id": "1992643068", "parcel_id": "3-J-180-0-2", "inactive": "False", "name": "Grandview Overlook Building", "rentable": false, "type": "Activity", "primary_user": "CitiParks", "address_number": "459", "street": "BAILEY AVE", "zip": null, "image": "https://tools.wprdc.org/images/pittsburgh/facilities/Grandview_Overlook_Building.jpg", "neighborhood": "Allentown", "council_district": "3", "ward": "18", "tract": "42003180300", "public_works_division": "5", "pli_division": "18", "police_zone": "3", "fire_zone": "4-5", "latitude": 40.42640852, "longitude": -79.99682556 }, "geometry": { "type": "Point", "coordinates": [ -79.99682556, 40.42640852 ] } },
{ "type": "Feature", "properties": { "_id": 130, "id": "1746886932", "parcel_id": "134-A-148", "inactive": "False", "name": "Hays Park Shelter", "rentable": false, "type": "Shelter", "primary_user": "Department of Public Works", "address_number": "NA", "street": "HILLBURN ST", "zip": null, "image": "https://tools.wprdc.org/images/pittsburgh/facilities/Hays_Park_Shelter.jpg", "neighborhood": "Hays", "council_district": "5", "ward": "31", "tract": "42003562900", "public_works_division": "3", "pli_division": "31", "police_zone": "4", "fire_zone": "4-20", "latitude": 40.38333485, "longitude": -79.93171755 }, "geometry": { "type": "Point", "coordinates": [ -79.93171755, 40.38333485 ] } },
{ "type": "Feature", "properties": { "_id": 131, "id": "1234490259", "parcel_id": "56-P-306", "inactive": "False", "name": "Hazelwood Community Center", "rentable": false, "type": "Community", "primary_user": "Department of Public Works", "address_number": "138", "street": "JOHNSTON AVE", "zip": null, "image": "https://tools.wprdc.org/images/pittsburgh/facilities/Hazelwood_Community_Center.jpg", "neighborhood": "Hazelwood", "council_district": "5", "ward": "15", "tract": "42003562300", "public_works_division": "3", "pli_division": "15", "police_zone": "4", "fire_zone": "2-13", "latitude": 40.40647495, "longitude": -79.94265993 }, "geometry": { "type": "Point", "coordinates": [ -79.94265993, 40.40647495 ] } },
{ "type": "Feature", "properties": { "_id": 132, "id": "844063096", "parcel_id": "56-B-240", "inactive": "False", "name": "Hazelwood Library", "rentable": false, "type": "Vacant", "primary_user": "Carnegie Library of Pittsburgh", "address_number": "4751", "street": "MONONGAHELA ST", "zip": null, "image": "https://tools.wprdc.org/images/pittsburgh/facilities/Hazelwood_Library.jpg", "neighborhood": "Hazelwood", "council_district": "5", "ward": "15", "tract": "42003562900", "public_works_division": "3", "pli_division": "15", "police_zone": "4", "fire_zone": "2-13", "latitude": 40.41207298, "longitude": -79.94327018 }, "geometry": { "type": "Point", "coordinates": [ -79.94327018, 40.41207298 ] } },
{ "type": "Feature", "properties": { "_id": 133, "id": "732182160", "parcel_id": "57-B-175", "inactive": "False", "name": "Hazelwood Senior Center", "rentable": true, "type": "Senior", "primary_user": "CitiParks", "address_number": "5344", "street": "SECOND AVE", "zip": "15207", "image": "https://tools.wprdc.org/images/pittsburgh/facilities/Hazelwood_Senior_Center.jpg", "neighborhood": "Hazelwood", "council_district": "5", "ward": "15", "tract": "42003562300", "public_works_division": "3", "pli_division": "15", "police_zone": "4", "fire_zone": "2-13", "latitude": 40.40367113, "longitude": -79.94257727 }, "geometry": { "type": "Point", "coordinates": [ -79.94257727, 40.40367113 ] } },
{ "type": "Feature", "properties": { "_id": 134, "id": "523485030", "parcel_id": "19-F-143", "inactive": "False", "name": "Herschel Concession Stand", "rentable": false, "type": "Concession", "primary_user": "CitiParks", "address_number": "801", "street": "HERSCHEL ST", "zip": "15220", "image": "https://tools.wprdc.org/images/pittsburgh/facilities/Herschel_Concession_Stand.jpg", "neighborhood": "Elliott", "council_district": "2", "ward": "20", "tract": "42003562600", "public_works_division": "5", "pli_division": "20", "police_zone": "6", "fire_zone": "1-17", "latitude": 40.44029506, "longitude": -80.04389947 }, "geometry": { "type": "Point", "coordinates": [ -80.04389947, 40.44029506 ] } },
{ "type": "Feature", "properties": { "_id": 135, "id": "783807050", "parcel_id": "19-F-143", "inactive": "False", "name": "Herschel Fieldhouse", "rentable": false, "type": "Restrooms", "primary_user": "Department of Public Works", "address_number": "801", "street": "HERSCHEL ST", "zip": "15220", "image": "https://tools.wprdc.org/images/pittsburgh/facilities/Herschel_Fieldhouse.jpg", "neighborhood": "Elliott", "council_district": "2", "ward": "20", "tract": "42003562600", "public_works_division": "5", "pli_division": "20", "police_zone": "6", "fire_zone": "1-17", "latitude": 40.44007747, "longitude": -80.04321139 }, "geometry": { "type": "Point", "coordinates": [ -80.04321139, 40.44007747 ] } },
{ "type": "Feature", "properties": { "_id": 136, "id": "1719982789", "parcel_id": "19-F-143", "inactive": "False", "name": "Herschel Upper Field Building", "rentable": false, "type": "Activity", "primary_user": "CitiParks", "address_number": "801", "street": "HERSCHEL ST", "zip": "15220", "image": "https://tools.wprdc.org/images/pittsburgh/facilities/Herschel_Upper_Field_Building.jpg", "neighborhood": "Elliott", "council_district": "2", "ward": "20", "tract": "42003562600", "public_works_division": "5", "pli_division": "20", "police_zone": "6", "fire_zone": "1-17", "latitude": 40.4404166, "longitude": -80.04433756 }, "geometry": { "type": "Point", "coordinates": [ -80.04433756, 40.4404166 ] } },
{ "type": "Feature", "properties": { "_id": 137, "id": "1438532672", "parcel_id": "19-F-143", "inactive": "False", "name": "Herschel Upper Field First Base Dugout", "rentable": false, "type": "Dugout", "primary_user": "CitiParks", "address_number": "801", "street": "HERSCHEL ST", "zip": "15220", "image": "https://tools.wprdc.org/images/pittsburgh/facilities/Herschel_Upper_Field_First_Base_Dugout.jpg", "neighborhood": "Elliott", "council_district": "2", "ward": "20", "tract": "42003562600", "public_works_division": "5", "pli_division": "20", "police_zone": "6", "fire_zone": "1-17", "latitude": 40.44033487, "longitude": -80.04448242 }, "geometry": { "type": "Point", "coordinates": [ -80.04448242, 40.44033487 ] } },
{ "type": "Feature", "properties": { "_id": 138, "id": "144617671", "parcel_id": "82-F-47", "inactive": "False", "name": "Heths Park Concession Stand", "rentable": false, "type": "Concession", "primary_user": "CitiParks", "address_number": "5435", "street": "HAMPTON ST", "zip": "15206", "image": "https://tools.wprdc.org/images/pittsburgh/facilities/Heths_Park_Concession_Stand.jpg", "neighborhood": "Morningside", "council_district": "7", "ward": "10", "tract": "42003101400", "public_works_division": "2", "pli_division": "10", "police_zone": "5", "fire_zone": "3-7", "latitude": 40.47737626, "longitude": -79.92816899 }, "geometry": { "type": "Point", "coordinates": [ -79.92816899, 40.47737626 ] } },
{ "type": "Feature", "properties": { "_id": 139, "id": "317858517", "parcel_id": "82-H-1-0-2", "inactive": "False", "name": "Highland Park Bigelow Grove", "rentable": true, "type": "Shelter", "primary_user": "Department of Public Works", "address_number": "708", "street": "RESERVOIR DR", "zip": "15206", "image": "https://tools.wprdc.org/images/pittsburgh/facilities/Highland_Park_Bigelow_Grove.jpg", "neighborhood": "Highland Park", "council_district": "7", "ward": "11", "tract": "42003980100", "public_works_division": "2", "pli_division": "11", "police_zone": "5", "fire_zone": "3-9", "latitude": 40.48460202, "longitude": -79.91570051 }, "geometry": { "type": "Point", "coordinates": [ -79.91570051, 40.48460202 ] } },
{ "type": "Feature", "properties": { "_id": 140, "id": "975171008", "parcel_id": "82-H-1-0-2", "inactive": "False", "name": "Highland Park Bike Pavilion", "rentable": false, "type": "Shelter", "primary_user": "Department of Public Works", "address_number": "1391", "street": "WASHINGTON BLVD", "zip": null, "image": "https://tools.wprdc.org/images/pittsburgh/facilities/Highland_Park_Bike_Pavilion.jpg", "neighborhood": "Highland Park", "council_district": "7", "ward": "11", "tract": "42003980100", "public_works_division": "2", "pli_division": "11", "police_zone": "5", "fire_zone": "3-12", "latitude": 40.47612692, "longitude": -79.90898838 }, "geometry": { "type": "Point", "coordinates": [ -79.90898838, 40.47612692 ] } },
{ "type": "Feature", "properties": { "_id": 141, "id": "1232356456", "parcel_id": "82-H-1-0-2", "inactive": "False", "name": "Highland Park Elm Grove Shelter", "rentable": true, "type": "Shelter", "primary_user": "Department of Public Works", "address_number": "6900", "street": "LAKE DR", "zip": "15206", "image": "https://tools.wprdc.org/images/pittsburgh/facilities/Highland_Park_Elm_Grove_Shelter.jpg", "neighborhood": "Highland Park", "council_district": "7", "ward": "11", "tract": "42003980100", "public_works_division": "2", "pli_division": "11", "police_zone": "5", "fire_zone": "3-9", "latitude": 40.47669674, "longitude": -79.91039848 }, "geometry": { "type": "Point", "coordinates": [ -79.91039848, 40.47669674 ] } },
{ "type": "Feature", "properties": { "_id": 142, "id": "649027918", "parcel_id": "82-H-1-0-2", "inactive": "False", "name": "Highland Park Farmhouse", "rentable": false, "type": "Activity", "primary_user": "CitiParks", "address_number": "1340", "street": "FARMHOUSE DR", "zip": "15206", "image": "https://tools.wprdc.org/images/pittsburgh/facilities/Highland_Park_Farmhouse.jpg", "neighborhood": "Highland Park", "council_district": "7", "ward": "11", "tract": "42003980100", "public_works_division": "2", "pli_division": "11", "police_zone": "5", "fire_zone": "3-9", "latitude": 40.47602155, "longitude": -79.91371025 }, "geometry": { "type": "Point", "coordinates": [ -79.91371025, 40.47602155 ] } },
{ "type": "Feature", "properties": { "_id": 143, "id": "63545891", "parcel_id": "82-H-1-0-2", "inactive": "False", "name": "Highland Park Lake Carnegie Cabin", "rentable": false, "type": "Cabin", "primary_user": "Department of Public Works", "address_number": "NA", "street": "LAKE DR", "zip": null, "image": "https://tools.wprdc.org/images/pittsburgh/facilities/Highland_Park_Lake_Carnegie_Cabin.jpg", "neighborhood": "Highland Park", "council_district": "7", "ward": "11", "tract": "42003980100", "public_works_division": "2", "pli_division": "11", "police_zone": "5", "fire_zone": "3-9", "latitude": 40.48035419, "longitude": -79.91163893 }, "geometry": { "type": "Point", "coordinates": [ -79.91163893, 40.48035419 ] } },
{ "type": "Feature", "properties": { "_id": 144, "id": "130294472", "parcel_id": "82-H-1-0-2", "inactive": "False", "name": "Highland Park Lake Point Shelter", "rentable": false, "type": "Shelter", "primary_user": "Department of Public Works", "address_number": "7206", "street": "LAKE DR", "zip": "15206", "image": "https://tools.wprdc.org/images/pittsburgh/facilities/Highland_Park_Lake_Point_Shelter.jpg", "neighborhood": "Highland Park", "council_district": "7", "ward": "11", "tract": "42003980100", "public_works_division": "2", "pli_division": "11", "police_zone": "5", "fire_zone": "3-9", "latitude": 40.48022213, "longitude": -79.90976007 }, "geometry": { "type": "Point", "coordinates": [ -79.90976007, 40.48022213 ] } },
{ "type": "Feature", "properties": { "_id": 145, "id": "202870739", "parcel_id": "82-H-1-0-2", "inactive": "False", "name": "Highland Park Maple Grove Shelter", "rentable": true, "type": "Shelter", "primary_user": "Department of Public Works", "address_number": "1036", "street": "RESERVOIR DR", "zip": "15206", "image": "https://tools.wprdc.org/images/pittsburgh/facilities/Highland_Park_Maple_Grove_Shelter.jpg", "neighborhood": "Highland Park", "council_district": "7", "ward": "11", "tract": "42003980100", "public_works_division": "2", "pli_division": "11", "police_zone": "5", "fire_zone": "3-9", "latitude": 40.4802752, "longitude": -79.91825154 }, "geometry": { "type": "Point", "coordinates": [ -79.91825154, 40.4802752 ] } },
{ "type": "Feature", "properties": { "_id": 146, "id": "1523072102", "parcel_id": "82-H-1-0-2", "inactive": "False", "name": "Highland Park Memorial Grove Shelter", "rentable": true, "type": "Shelter", "primary_user": "Department of Public Works", "address_number": "918", "street": "RESERVOIR DR", "zip": "15206", "image": "https://tools.wprdc.org/images/pittsburgh/facilities/Highland_Park_Memorial_Grove_Shelter.jpg", "neighborhood": "Highland Park", "council_district": "7", "ward": "11", "tract": "42003980100", "public_works_division": "2", "pli_division": "11", "police_zone": "5", "fire_zone": "3-9", "latitude": 40.48178759, "longitude": -79.9169825 }, "geometry": { "type": "Point", "coordinates": [ -79.9169825, 40.48178759 ] } },
{ "type": "Feature", "properties": { "_id": 147, "id": "1117865113", "parcel_id": "82-H-1-0-2", "inactive": "False", "name": "Highland Park Pool Building", "rentable": false, "type": "Pool", "primary_user": "CitiParks", "address_number": "7405", "street": "LAKE DR", "zip": "15206", "image": "https://tools.wprdc.org/images/pittsburgh/facilities/Highland_Park_Pool_Building.jpg", "neighborhood": "Highland Park", "council_district": "7", "ward": "11", "tract": "42003980100", "public_works_division": "2", "pli_division": "11", "police_zone": "5", "fire_zone": "3-9", "latitude": 40.48218369, "longitude": -79.91173714 }, "geometry": { "type": "Point", "coordinates": [ -79.91173714, 40.48218369 ] } },
{ "type": "Feature", "properties": { "_id": 148, "id": "675071669", "parcel_id": "82-H-1-0-2", "inactive": "False", "name": "Highland Park Pool Grove Shelter", "rentable": true, "type": "Shelter", "primary_user": "Department of Public Works", "address_number": "7340", "street": "LAKE DR", "zip": null, "image": "https://tools.wprdc.org/images/pittsburgh/facilities/Highland_Park_Pool_Grove_Shelter.jpg", "neighborhood": "Highland Park", "council_district": "7", "ward": "11", "tract": "42003980100", "public_works_division": "2", "pli_division": "11", "police_zone": "5", "fire_zone": "3-9", "latitude": 40.48299874, "longitude": -79.91040035 }, "geometry": { "type": "Point", "coordinates": [ -79.91040035, 40.48299874 ] } },
{ "type": "Feature", "properties": { "_id": 149, "id": "2131696007", "parcel_id": "82-H-1-0-2", "inactive": "False", "name": "Highland Park Reservoir Restrooms", "rentable": false, "type": "Restrooms", "primary_user": "CitiParks", "address_number": "473", "street": "RESERVOIR DR", "zip": "15206", "image": "https://tools.wprdc.org/images/pittsburgh/facilities/Highland_Park_Reservoir_Restrooms.jpg", "neighborhood": "Highland Park", "council_district": "7", "ward": "11", "tract": "42003980100", "public_works_division": "2", "pli_division": "11", "police_zone": "5", "fire_zone": "3-9", "latitude": 40.48151687, "longitude": -79.91394783 }, "geometry": { "type": "Point", "coordinates": [ -79.91394783, 40.48151687 ] } },
{ "type": "Feature", "properties": { "_id": 150, "id": "1582481712", "parcel_id": "82-H-1-0-2", "inactive": "False", "name": "Highland Park Rhododendron Shelter", "rentable": true, "type": "Shelter", "primary_user": "Department of Public Works", "address_number": "7084", "street": "LAKE DR", "zip": "15206", "image": "https://tools.wprdc.org/images/pittsburgh/facilities/Highland_Park_Rhododendron_Shelter.jpg", "neighborhood": "Highland Park", "council_district": "7", "ward": "11", "tract": "42003980100", "public_works_division": "2", "pli_division": "11", "police_zone": "5", "fire_zone": "3-9", "latitude": 40.47884953, "longitude": -79.91046946 }, "geometry": { "type": "Point", "coordinates": [ -79.91046946, 40.47884953 ] } },
{ "type": "Feature", "properties": { "_id": 151, "id": "712815606", "parcel_id": "82-H-102", "inactive": "False", "name": "Highland Park Service Building Quonset Hut", "rentable": false, "type": "Storage", "primary_user": "Department of Public Works", "address_number": "NA", "street": "FARMHOUSE DR", "zip": null, "image": "https://tools.wprdc.org/images/pittsburgh/facilities/Highland_Park_Service_Building_Quonset_Hut.jpg", "neighborhood": "Highland Park", "council_district": "7", "ward": "11", "tract": "42003980100", "public_works_division": "2", "pli_division": "11", "police_zone": "5", "fire_zone": "3-9", "latitude": 40.47600742, "longitude": -79.9128725 }, "geometry": { "type": "Point", "coordinates": [ -79.9128725, 40.47600742 ] } },
{ "type": "Feature", "properties": { "_id": 152, "id": "326734985", "parcel_id": "82-H-1-0-2", "inactive": "False", "name": "Highland Park Sycamore Grove Shelter", "rentable": true, "type": "Shelter", "primary_user": "Department of Public Works", "address_number": "NA", "street": "RESERVOIR DR", "zip": "15206", "image": "https://tools.wprdc.org/images/pittsburgh/facilities/Highland_Park_Sycamore_Grove_Shelter.jpg", "neighborhood": "Highland Park", "council_district": "7", "ward": "11", "tract": "42003980100", "public_works_division": "2", "pli_division": "11", "police_zone": "5", "fire_zone": "3-9", "latitude": 40.48173026, "longitude": -79.91293838 }, "geometry": { "type": "Point", "coordinates": [ -79.91293838, 40.48173026 ] } },
{ "type": "Feature", "properties": { "_id": 153, "id": "1299757694", "parcel_id": "82-H-1-0-2", "inactive": "False", "name": "Highland Park Tennis Court Shelter", "rentable": false, "type": "Shelter", "primary_user": "Department of Public Works", "address_number": "NA", "street": "STANTON AVE", "zip": null, "image": "https://tools.wprdc.org/images/pittsburgh/facilities/Highland_Park_Tennis_Court_Shelter.jpg", "neighborhood": "Highland Park", "council_district": "7", "ward": "11", "tract": "42003980100", "public_works_division": "2", "pli_division": "11", "police_zone": "5", "fire_zone": "3-9", "latitude": 40.47397804, "longitude": -79.91085763 }, "geometry": { "type": "Point", "coordinates": [ -79.91085763, 40.47397804 ] } },
{ "type": "Feature", "properties": { "_id": 154, "id": "62668357", "parcel_id": "125-S-150", "inactive": "False", "name": "Homewood Pool Building", "rentable": false, "type": "Pool", "primary_user": "CitiParks", "address_number": "557", "street": "N LANG AVE", "zip": "15208", "image": "https://tools.wprdc.org/images/pittsburgh/facilities/Homewood_Pool_Building.jpg", "neighborhood": "Homewood South", "council_district": "9", "ward": "13", "tract": "42003130300", "public_works_division": "2", "pli_division": "13", "police_zone": "5", "fire_zone": "3-17", "latitude": 40.45423673, "longitude": -79.90010495 }, "geometry": { "type": "Point", "coordinates": [ -79.90010495, 40.45423673 ] } },
{ "type": "Feature", "properties": { "_id": 155, "id": "985509164", "parcel_id": "174-K-121", "inactive": "False", "name": "Homewood Senior Center", "rentable": true, "type": "Senior", "primary_user": "CitiParks", "address_number": "7321", "street": "FRANKSTOWN AVE", "zip": "15208", "image": "https://tools.wprdc.org/images/pittsburgh/facilities/Homewood_Senior_Center.jpg", "neighborhood": "Homewood North", "council_district": "9", "ward": "13", "tract": "42003130200", "public_works_division": "2", "pli_division": "13", "police_zone": "5", "fire_zone": "3-17", "latitude": 40.45692645, "longitude": -79.89299951 }, "geometry": { "type": "Point", "coordinates": [ -79.89299951, 40.45692645 ] } },
{ "type": "Feature", "properties": { "_id": 156, "id": "257471611", "parcel_id": "23-E-106", "inactive": "False", "name": "Jefferson Recreation Center", "rentable": false, "type": "Rec Center", "primary_user": "CitiParks", "address_number": "605", "street": "REDKNAP ST", "zip": "15214", "image": "https://tools.wprdc.org/images/pittsburgh/facilities/Jefferson_Recreation_Center.jpg", "neighborhood": "Central Northside", "council_district": "6", "ward": "25", "tract": "42003250300", "public_works_division": "1", "pli_division": "25", "police_zone": "1", "fire_zone": "1-21", "latitude": 40.45935482, "longitude": -80.01447619 }, "geometry": { "type": "Point", "coordinates": [ -80.01447619, 40.45935482 ] } },
{ "type": "Feature", "properties": { "_id": 157, "id": "562322545", "parcel_id": "1221-L-128", "inactive": "False", "name": "Joe Natoli Field Announcers Booth", "rentable": false, "type": "Activity", "primary_user": "Department of Public Works", "address_number": "NA", "street": "PRESIDENT WAY", "zip": null, "image": "https://tools.wprdc.org/images/pittsburgh/facilities/Joe_Natoli_Field_Announcers_Booth.jpg", "neighborhood": "Morningside", "council_district": "7", "ward": "10", "tract": "42003101400", "public_works_division": "2", "pli_division": "10", "police_zone": "5", "fire_zone": "3-7", "latitude": 40.48362567, "longitude": -79.92620338 }, "geometry": { "type": "Point", "coordinates": [ -79.92620338, 40.48362567 ] } },
{ "type": "Feature", "properties": { "_id": 158, "id": "919692108", "parcel_id": "1221-L-128", "inactive": "False", "name": "Joe Natoli Field Batting Cage Building", "rentable": false, "type": "Activity", "primary_user": "Department of Public Works", "address_number": "NA", "street": "PRESIDENT WAY", "zip": null, "image": "https://tools.wprdc.org/images/pittsburgh/facilities/Joe_Natoli_Field_Batting_Cage_Building.jpg", "neighborhood": "Morningside", "council_district": "7", "ward": "10", "tract": "42003101400", "public_works_division": "2", "pli_division": "10", "police_zone": "5", "fire_zone": "3-7", "latitude": 40.4836448, "longitude": -79.92499991 }, "geometry": { "type": "Point", "coordinates": [ -79.92499991, 40.4836448 ] } },
{ "type": "Feature", "properties": { "_id": 159, "id": "555530939", "parcel_id": "121-L-128", "inactive": "False", "name": "Joe Natoli Field Storage Building", "rentable": false, "type": "Storage", "primary_user": "Department of Public Works", "address_number": "NA", "street": "PRESIDENT WAY", "zip": null, "image": "https://tools.wprdc.org/images/pittsburgh/facilities/Joe_Natoli_Field_Storage_Building.jpg", "neighborhood": "Morningside", "council_district": "7", "ward": "10", "tract": "42003101400", "public_works_division": "2", "pli_division": "10", "police_zone": "5", "fire_zone": "3-7", "latitude": 40.48452683, "longitude": -79.9255644 }, "geometry": { "type": "Point", "coordinates": [ -79.9255644, 40.48452683 ] } },
{ "type": "Feature", "properties": { "_id": 160, "id": "1461822237", "parcel_id": "10-F-198", "inactive": "False", "name": "Josh Gibson Field 1 First Base Dugout", "rentable": false, "type": "Dugout", "primary_user": "Department of Public Works", "address_number": "NA", "street": null, "zip": null, "image": "https://tools.wprdc.org/images/pittsburgh/facilities/Josh_Gibson_Field_1_First_Base_Dugout.jpg", "neighborhood": "Bedford Dwellings", "council_district": "6", "ward": "5", "tract": "42003050900", "public_works_division": "3", "pli_division": "5", "police_zone": "2", "fire_zone": "2-5", "latitude": 40.44960008, "longitude": -79.97765856 }, "geometry": { "type": "Point", "coordinates": [ -79.97765856, 40.44960008 ] } },
{ "type": "Feature", "properties": { "_id": 161, "id": "1182113251", "parcel_id": "10-F-198", "inactive": "False", "name": "Josh Gibson Field 1 Third Base Dugout", "rentable": false, "type": "Dugout", "primary_user": "Department of Public Works", "address_number": "NA", "street": null, "zip": null, "image": "https://tools.wprdc.org/images/pittsburgh/facilities/Josh_Gibson_Field_1_Third_Base_Dugout.jpg", "neighborhood": "Bedford Dwellings", "council_district": "6", "ward": "5", "tract": "42003050900", "public_works_division": "3", "pli_division": "5", "police_zone": "2", "fire_zone": "2-5", "latitude": 40.44944146, "longitude": -79.97774995 }, "geometry": { "type": "Point", "coordinates": [ -79.97774995, 40.44944146 ] } },
{ "type": "Feature", "properties": { "_id": 162, "id": "876400767", "parcel_id": "10-F-198", "inactive": "False", "name": "Josh Gibson Field 2 First Base Dugout", "rentable": false, "type": "Dugout", "primary_user": "Department of Public Works", "address_number": "NA", "street": null, "zip": null, "image": "https://tools.wprdc.org/images/pittsburgh/facilities/Josh_Gibson_Field_2_First_Base_Dugout.jpg", "neighborhood": "Bedford Dwellings", "council_district": "6", "ward": "5", "tract": "42003050900", "public_works_division": "3", "pli_division": "5", "police_zone": "2", "fire_zone": "2-5", "latitude": 40.44957424, "longitude": -79.97891186 }, "geometry": { "type": "Point", "coordinates": [ -79.97891186, 40.44957424 ] } },
{ "type": "Feature", "properties": { "_id": 163, "id": "255358120", "parcel_id": "10-F-198", "inactive": "False", "name": "Josh Gibson Field 2 Third Base Dugout", "rentable": false, "type": "Dugout", "primary_user": "Department of Public Works", "address_number": "NA", "street": null, "zip": null, "image": "https://tools.wprdc.org/images/pittsburgh/facilities/Josh_Gibson_Field_2_Third_Base_Dugout.jpg", "neighborhood": "Bedford Dwellings", "council_district": "6", "ward": "5", "tract": "42003050900", "public_works_division": "3", "pli_division": "5", "police_zone": "2", "fire_zone": "2-5", "latitude": 40.44975668, "longitude": -79.97880552 }, "geometry": { "type": "Point", "coordinates": [ -79.97880552, 40.44975668 ] } },
{ "type": "Feature", "properties": { "_id": 164, "id": "1877754591", "parcel_id": "10-F-198", "inactive": "False", "name": "Josh Gibson Field Concession Stand", "rentable": false, "type": "Concession", "primary_user": "Department of Public Works", "address_number": "2201", "street": "BEDFORD AVE", "zip": null, "image": "https://tools.wprdc.org/images/pittsburgh/facilities/Josh_Gibson_Field_Concession_Stand.jpg", "neighborhood": "Bedford Dwellings", "council_district": "6", "ward": "5", "tract": "42003050900", "public_works_division": "3", "pli_division": "5", "police_zone": "2", "fire_zone": "2-5", "latitude": 40.44926659, "longitude": -79.97784023 }, "geometry": { "type": "Point", "coordinates": [ -79.97784023, 40.44926659 ] } },
{ "type": "Feature", "properties": { "_id": 165, "id": "1928873327", "parcel_id": "11-C-1", "inactive": "False", "name": "Kennard Concession Stand", "rentable": false, "type": "Concession", "primary_user": "Department of Public Works", "address_number": "2200", "street": "REED ST", "zip": null, "image": "https://tools.wprdc.org/images/pittsburgh/facilities/Kennard_Concession_Stand.jpg", "neighborhood": "Terrace Village", "council_district": "6", "ward": "5", "tract": "42003051000", "public_works_division": "3", "pli_division": "5", "police_zone": "2", "fire_zone": "2-10", "latitude": 40.44319693, "longitude": -79.97328697 }, "geometry": { "type": "Point", "coordinates": [ -79.97328697, 40.44319693 ] } },
{ "type": "Feature", "properties": { "_id": 166, "id": "1900198791", "parcel_id": "11-C-1", "inactive": "False", "name": "Kennard Maintenance Building", "rentable": false, "type": "Service", "primary_user": "CitiParks", "address_number": "2200", "street": "REED ST", "zip": "15219", "image": "https://tools.wprdc.org/images/pittsburgh/facilities/Kennard_Maintenance_Building.jpg", "neighborhood": "Terrace Village", "council_district": "6", "ward": "5", "tract": "42003051000", "public_works_division": "3", "pli_division": "5", "police_zone": "2", "fire_zone": "2-10", "latitude": 40.44321284, "longitude": -79.97396409 }, "geometry": { "type": "Point", "coordinates": [ -79.97396409, 40.44321284 ] } },
{ "type": "Feature", "properties": { "_id": 167, "id": "1476861688", "parcel_id": "124-J-224", "inactive": "False", "name": "Larimer Park Shelter", "rentable": false, "type": "Shelter", "primary_user": "Department of Public Works", "address_number": "NA", "street": "LENORA ST", "zip": null, "image": "https://tools.wprdc.org/images/pittsburgh/facilities/Larimer_Park_Shelter.jpg", "neighborhood": "Larimer", "council_district": "9", "ward": "12", "tract": "42003120400", "public_works_division": "2", "pli_division": "12", "police_zone": "5", "fire_zone": "3-12", "latitude": 40.46673766, "longitude": -79.91329351 }, "geometry": { "type": "Point", "coordinates": [ -79.91329351, 40.46673766 ] } },
{ "type": "Feature", "properties": { "_id": 168, "id": "501212014", "parcel_id": "80-R-100", "inactive": "False", "name": "Lawrenceville Senior Center", "rentable": true, "type": "Senior", "primary_user": "CitiParks", "address_number": "4600", "street": "BUTLER ST", "zip": null, "image": "https://tools.wprdc.org/images/pittsburgh/facilities/Lawrenceville_Senior_Center.jpg", "neighborhood": "Central Lawrenceville", "council_district": "7", "ward": "9", "tract": "42003090200", "public_works_division": "2", "pli_division": "9", "police_zone": "2", "fire_zone": "3-3", "latitude": 40.47310439, "longitude": -79.95806731 }, "geometry": { "type": "Point", "coordinates": [ -79.95806731, 40.47310439 ] } },
{ "type": "Feature", "properties": { "_id": 169, "id": "978364620", "parcel_id": "75-D-197", "inactive": "False", "name": "Legion Park Building", "rentable": false, "type": "Shelter", "primary_user": "Department of Public Works", "address_number": "3615", "street": "BRIGHTON RD", "zip": null, "image": "https://tools.wprdc.org/images/pittsburgh/facilities/Legion_Park_Building.jpg", "neighborhood": "Brighton Heights", "council_district": "1", "ward": "27", "tract": "42003270100", "public_works_division": "1", "pli_division": "27", "police_zone": "1", "fire_zone": "1-14", "latitude": 40.48177251, "longitude": -80.03430409000001 }, "geometry": { "type": "Point", "coordinates": [ -80.03430409, 40.48177251 ] } },
{ "type": "Feature", "properties": { "_id": 170, "id": "732655695", "parcel_id": "80-R-100", "inactive": "False", "name": "Leslie Park Concession Stand", "rentable": false, "type": "Concession", "primary_user": "Department of Public Works", "address_number": "NA", "street": "46TH ST", "zip": null, "image": "https://tools.wprdc.org/images/pittsburgh/facilities/Leslie_Park_Concession_Stand.jpg", "neighborhood": "Central Lawrenceville", "council_district": "7", "ward": "9", "tract": "42003090200", "public_works_division": "2", "pli_division": "9", "police_zone": "2", "fire_zone": "3-3", "latitude": 40.47212626, "longitude": -79.95749809 }, "geometry": { "type": "Point", "coordinates": [ -79.95749809, 40.47212626 ] } },
{ "type": "Feature", "properties": { "_id": 171, "id": "1045047284", "parcel_id": "80-R-100", "inactive": "False", "name": "Leslie Pool Building", "rentable": false, "type": "Pool Closed", "primary_user": "CitiParks", "address_number": "4650", "street": "BUTLER ST", "zip": "15201", "image": "https://tools.wprdc.org/images/pittsburgh/facilities/Leslie_Pool_Building.jpg", "neighborhood": "Central Lawrenceville", "council_district": "7", "ward": "9", "tract": "42003981000", "public_works_division": "2", "pli_division": "9", "police_zone": "2", "fire_zone": "3-3", "latitude": 40.47344815, "longitude": -79.95738891000001 }, "geometry": { "type": "Point", "coordinates": [ -79.95738891, 40.47344815 ] } },
{ "type": "Feature", "properties": { "_id": 172, "id": "884051009", "parcel_id": "185-M-62", "inactive": "False", "name": "Lincoln Place Park Building", "rentable": false, "type": "Restrooms", "primary_user": "Department of Public Works", "address_number": "NA", "street": "COX AVE", "zip": null, "image": "https://tools.wprdc.org/images/pittsburgh/facilities/Lincoln_Place_Park_Building.jpg", "neighborhood": "Lincoln Place", "council_district": "5", "ward": "31", "tract": "42003310200", "public_works_division": "3", "pli_division": "31", "police_zone": "4", "fire_zone": "4-20", "latitude": 40.37009403, "longitude": -79.91729422 }, "geometry": { "type": "Point", "coordinates": [ -79.91729422, 40.37009403 ] } },
{ "type": "Feature", "properties": { "_id": 173, "id": "1534717574", "parcel_id": "54-R-296", "inactive": "False", "name": "Magee Field Lights Building", "rentable": false, "type": "Utility", "primary_user": "CitiParks", "address_number": "NA", "street": "GREENFIELD AVE", "zip": "15217", "image": "https://tools.wprdc.org/images/pittsburgh/facilities/Magee_Field_Lights_Building.jpg", "neighborhood": "Greenfield", "council_district": "5", "ward": "15", "tract": "42003151700", "public_works_division": "3", "pli_division": "15", "police_zone": "4", "fire_zone": "2-15", "latitude": 40.42599503, "longitude": -79.93825731 }, "geometry": { "type": "Point", "coordinates": [ -79.93825731, 40.42599503 ] } },
{ "type": "Feature", "properties": { "_id": 174, "id": "599992236", "parcel_id": "54-R-296", "inactive": "False", "name": "Magee Pool Building", "rentable": false, "type": "Pool", "primary_user": "Department of Public Works", "address_number": "600", "street": "GREENFIELD AVE", "zip": null, "image": "https://tools.wprdc.org/images/pittsburgh/facilities/Magee_Pool_Building.jpg", "neighborhood": "Greenfield", "council_district": "5", "ward": "15", "tract": "42003151700", "public_works_division": "3", "pli_division": "15", "police_zone": "4", "fire_zone": "2-15", "latitude": 40.42506023, "longitude": -79.93711661 }, "geometry": { "type": "Point", "coordinates": [ -79.93711661, 40.42506023 ] } },
{ "type": "Feature", "properties": { "_id": 175, "id": "126306707", "parcel_id": "54-R-296", "inactive": "False", "name": "Magee Recreation Center", "rentable": true, "type": "Senior", "primary_user": "CitiParks", "address_number": "745", "street": "GREENFIELD AVE", "zip": "15217", "image": "https://tools.wprdc.org/images/pittsburgh/facilities/Magee_Recreation_Center.jpg", "neighborhood": "Greenfield", "council_district": "5", "ward": "15", "tract": "42003151700", "public_works_division": "3", "pli_division": "15", "police_zone": "4", "fire_zone": "2-12", "latitude": 40.42437587, "longitude": -79.936772 }, "geometry": { "type": "Point", "coordinates": [ -79.936772, 40.42437587 ] } },
{ "type": "Feature", "properties": { "_id": 176, "id": "815830043", "parcel_id": "22-F-170", "inactive": "False", "name": "Manchester Pool Building", "rentable": false, "type": "Pool Closed", "primary_user": "CitiParks", "address_number": "1818", "street": "FULTON ST", "zip": null, "image": "https://tools.wprdc.org/images/pittsburgh/facilities/Manchester_Pool_Building.jpg", "neighborhood": "Manchester", "council_district": "6", "ward": "21", "tract": "42003210700", "public_works_division": "1", "pli_division": "21", "police_zone": "1", "fire_zone": "1-8", "latitude": 40.45870807, "longitude": -80.02578805 }, "geometry": { "type": "Point", "coordinates": [ -80.02578805, 40.45870807 ] } },
{ "type": "Feature", "properties": { "_id": 177, "id": "1826821013", "parcel_id": "114-K-94", "inactive": "False", "name": "Marmaduke Concession Stand", "rentable": false, "type": "Concession", "primary_user": "Department of Public Works", "address_number": "3915", "street": "OSWALD ST", "zip": null, "image": "https://tools.wprdc.org/images/pittsburgh/facilities/Marmaduke_Concession_Stand.jpg", "neighborhood": "Brighton Heights", "council_district": "1", "ward": "27", "tract": "42003270100", "public_works_division": "1", "pli_division": "27", "police_zone": "1", "fire_zone": "1-14", "latitude": 40.48478095, "longitude": -80.04307848000001 }, "geometry": { "type": "Point", "coordinates": [ -80.04307848, 40.48478095 ] } },
{ "type": "Feature", "properties": { "_id": 178, "id": "380488687", "parcel_id": "114-K-94", "inactive": "False", "name": "Marmaduke Deck Hockey Benches", "rentable": false, "type": "Dugout", "primary_user": "Department of Public Works", "address_number": "NA", "street": null, "zip": null, "image": "https://tools.wprdc.org/images/pittsburgh/facilities/Marmaduke_Deck_Hockey_Benches.jpg", "neighborhood": "Brighton Heights", "council_district": "1", "ward": "27", "tract": "42003270100", "public_works_division": "1", "pli_division": "27", "police_zone": "1", "fire_zone": "1-14", "latitude": 40.48438681, "longitude": -80.0431114 }, "geometry": { "type": "Point", "coordinates": [ -80.0431114, 40.48438681 ] } },
{ "type": "Feature", "properties": { "_id": 179, "id": "1388476502", "parcel_id": "27-A-183", "inactive": "False", "name": "Martin Luther King Cultural Center", "rentable": false, "type": "Community", "primary_user": "Department of Public Works", "address_number": "636", "street": "HERRON AVE", "zip": null, "image": "https://tools.wprdc.org/images/pittsburgh/facilities/Martin_Luther_King_Cultural_Center.jpg", "neighborhood": "Upper Hill", "council_district": "6", "ward": "5", "tract": "42003050600", "public_works_division": "3", "pli_division": "5", "police_zone": "2", "fire_zone": "2-22", "latitude": 40.45209494, "longitude": -79.96387834 }, "geometry": { "type": "Point", "coordinates": [ -79.96387834, 40.45209494 ] } },
{ "type": "Feature", "properties": { "_id": 180, "id": "124406731", "parcel_id": "11-C-1", "inactive": "False", "name": "Martin Luther King Field Field House", "rentable": false, "type": "Storage", "primary_user": "Department of Public Works", "address_number": "NA", "street": "DE RUAD ST", "zip": null, "image": "https://tools.wprdc.org/images/pittsburgh/facilities/Martin_Luther_King_Field_Field_House.jpg", "neighborhood": "Terrace Village", "council_district": "6", "ward": "5", "tract": "42003051100", "public_works_division": "3", "pli_division": "5", "police_zone": "2", "fire_zone": "2-1", "latitude": 40.43984141, "longitude": -79.97444671 }, "geometry": { "type": "Point", "coordinates": [ -79.97444671, 40.43984141 ] } },
{ "type": "Feature", "properties": { "_id": 181, "id": "1424834550", "parcel_id": "184-G-250", "inactive": "False", "name": "McBride Picnic Shelter 1", "rentable": false, "type": "Shelter", "primary_user": "Department of Public Works", "address_number": "NA", "street": "MCBRIDE AVE", "zip": "15207", "image": "https://tools.wprdc.org/images/pittsburgh/facilities/McBride_Picnic_Shelter_1.jpg", "neighborhood": "Lincoln Place", "council_district": "5", "ward": "31", "tract": "42003310200", "public_works_division": "3", "pli_division": "31", "police_zone": "4", "fire_zone": "4-20", "latitude": 40.37051443, "longitude": -79.90547421 }, "geometry": { "type": "Point", "coordinates": [ -79.90547421, 40.37051443 ] } },
{ "type": "Feature", "properties": { "_id": 182, "id": "1987524533", "parcel_id": "184-G-250", "inactive": "False", "name": "McBride Picnic Shelter 2", "rentable": false, "type": "Shelter", "primary_user": "Department of Public Works", "address_number": "NA", "street": "MCBRIDE AVE", "zip": null, "image": "https://tools.wprdc.org/images/pittsburgh/facilities/McBride_Picnic_Shelter_2.jpg", "neighborhood": "Lincoln Place", "council_district": "5", "ward": "31", "tract": "42003310200", "public_works_division": "3", "pli_division": "31", "police_zone": "4", "fire_zone": "4-20", "latitude": 40.37023336, "longitude": -79.90703895 }, "geometry": { "type": "Point", "coordinates": [ -79.90703895, 40.37023336 ] } },
{ "type": "Feature", "properties": { "_id": 183, "id": "122537844", "parcel_id": "184-G-250", "inactive": "False", "name": "McBride Service and Restroom Building", "rentable": false, "type": "Restrooms", "primary_user": "Department of Public Works", "address_number": "NA", "street": "MCBRIDE AVE", "zip": null, "image": "https://tools.wprdc.org/images/pittsburgh/facilities/McBride_Service_and_Restroom_Building.jpg", "neighborhood": "Lincoln Place", "council_district": "5", "ward": "31", "tract": "42003310200", "public_works_division": "3", "pli_division": "31", "police_zone": "4", "fire_zone": "4-20", "latitude": 40.36996775, "longitude": -79.90705647 }, "geometry": { "type": "Point", "coordinates": [ -79.90705647, 40.36996775 ] } },
{ "type": "Feature", "properties": { "_id": 184, "id": "1193583166", "parcel_id": "184-G-249", "inactive": "False", "name": "McBride Swimming Pool Building", "rentable": false, "type": "Pool", "primary_user": "Department of Public Works", "address_number": "1785", "street": "MCBRIDE AVE", "zip": null, "image": "https://tools.wprdc.org/images/pittsburgh/facilities/McBride_Swimming_Pool_Building.jpg", "neighborhood": "Lincoln Place", "council_district": "5", "ward": "31", "tract": "42003310200", "public_works_division": "3", "pli_division": "31", "police_zone": "4", "fire_zone": "4-20", "latitude": 40.37025225, "longitude": -79.90740949000001 }, "geometry": { "type": "Point", "coordinates": [ -79.90740949, 40.37025225 ] } },
{ "type": "Feature", "properties": { "_id": 185, "id": "1417196909", "parcel_id": "42-A-10", "inactive": "False", "name": "McGonigle Concession Stand", "rentable": false, "type": "Concession", "primary_user": "CitiParks", "address_number": "NA", "street": "NATHAN WAY", "zip": "15205", "image": "https://tools.wprdc.org/images/pittsburgh/facilities/McGonigle_Concession_Stand.jpg", "neighborhood": "Sheraden", "council_district": "2", "ward": "20", "tract": "42003562500", "public_works_division": "5", "pli_division": "20", "police_zone": "6", "fire_zone": "1-16", "latitude": 40.45967499, "longitude": -80.06579938 }, "geometry": { "type": "Point", "coordinates": [ -80.06579938, 40.45967499 ] } },
{ "type": "Feature", "properties": { "_id": 186, "id": "1250016985", "parcel_id": "34-D-20", "inactive": "False", "name": "McKinley Park Concession Stand", "rentable": false, "type": "Concession", "primary_user": "CitiParks", "address_number": "NA", "street": "BAUSMAN ST", "zip": "15210", "image": "https://tools.wprdc.org/images/pittsburgh/facilities/McKinley_Park_Concession_Stand.jpg", "neighborhood": "Beltzhoover", "council_district": "4", "ward": "18", "tract": "42003562400", "public_works_division": "5", "pli_division": "18", "police_zone": "3", "fire_zone": "4-7", "latitude": 40.41338431, "longitude": -79.99755122000001 }, "geometry": { "type": "Point", "coordinates": [ -79.99755122, 40.41338431 ] } },
{ "type": "Feature", "properties": { "_id": 187, "id": "1957595237", "parcel_id": "34-D-20", "inactive": "False", "name": "McKinley Park Office", "rentable": false, "type": "Office", "primary_user": "CitiParks", "address_number": "441", "street": "BAUSMAN ST", "zip": "15210", "image": "https://tools.wprdc.org/images/pittsburgh/facilities/McKinley_Park_Office.jpg", "neighborhood": "Beltzhoover", "council_district": "4", "ward": "18", "tract": "42003562400", "public_works_division": "5", "pli_division": "18", "police_zone": "3", "fire_zone": "4-7", "latitude": 40.41289097, "longitude": -79.99847393 }, "geometry": { "type": "Point", "coordinates": [ -79.99847393, 40.41289097 ] } },
{ "type": "Feature", "properties": { "_id": 188, "id": "1976162345", "parcel_id": "34-D-20", "inactive": "False", "name": "McKinley Park Picnic Shelter", "rentable": true, "type": "Shelter", "primary_user": "Department of Public Works", "address_number": "NA", "street": "BAUSMAN ST", "zip": "15210", "image": "https://tools.wprdc.org/images/pittsburgh/facilities/McKinley_Park_Picnic_Shelter.jpg", "neighborhood": "Beltzhoover", "council_district": "4", "ward": "18", "tract": "42003562400", "public_works_division": "5", "pli_division": "18", "police_zone": "3", "fire_zone": "4-7", "latitude": 40.41222136, "longitude": -80.00059429 }, "geometry": { "type": "Point", "coordinates": [ -80.00059429, 40.41222136 ] } },
{ "type": "Feature", "properties": { "_id": 189, "id": "1607127051", "parcel_id": "34-D-20", "inactive": "False", "name": "McKinley Park Activities Building", "rentable": false, "type": "Senior", "primary_user": "CitiParks", "address_number": "100", "street": "DELMONT AVE", "zip": "15210", "image": null, "neighborhood": "Beltzhoover", "council_district": "4", "ward": "18", "tract": "42003562400", "public_works_division": "5", "pli_division": "18", "police_zone": "3", "fire_zone": "4-16", "latitude": 40.41368229, "longitude": -80.00422549 }, "geometry": { "type": "Point", "coordinates": [ -80.00422549, 40.41368229 ] } },
{ "type": "Feature", "properties": { "_id": 190, "id": "1488543871", "parcel_id": "33-A-200", "inactive": "False", "name": "Medic 02", "rentable": false, "type": "Medic Station", "primary_user": "Department of Public Safety", "address_number": "430", "street": "MATHEWS AVE", "zip": "15210", "image": "https://tools.wprdc.org/images/pittsburgh/facilities/Medic_02.jpg", "neighborhood": "Knoxville", "council_district": "3", "ward": "30", "tract": "42003300100", "public_works_division": "5", "pli_division": "30", "police_zone": "3", "fire_zone": "4-7", "latitude": 40.41362312, "longitude": -79.99668356 }, "geometry": { "type": "Point", "coordinates": [ -79.99668356, 40.41362312 ] } },
{ "type": "Feature", "properties": { "_id": 191, "id": "1323674734", "parcel_id": "6-A-99", "inactive": "False", "name": "Medic 03 Police Zone 06", "rentable": false, "type": "Medic Station", "primary_user": "Department of Public Safety", "address_number": "312", "street": "S MAIN ST", "zip": "15220", "image": "https://tools.wprdc.org/images/pittsburgh/facilities/Medic_03_Police_Zone_06.jpg", "neighborhood": "West End", "council_district": "2", "ward": "20", "tract": "42003562600", "public_works_division": "5", "pli_division": "20", "police_zone": "6", "fire_zone": "1-17", "latitude": 40.44211224, "longitude": -80.03228557 }, "geometry": { "type": "Point", "coordinates": [ -80.03228557, 40.44211224 ] } },
{ "type": "Feature", "properties": { "_id": 192, "id": "869326639", "parcel_id": "46-K-214", "inactive": "False", "name": "Medic 04", "rentable": false, "type": "Medic Station", "primary_user": "Department of Public Safety", "address_number": "215", "street": "LAFAYETTE AVE", "zip": "15214", "image": "https://tools.wprdc.org/images/pittsburgh/facilities/Medic_04.jpg", "neighborhood": "Perry South", "council_district": "6", "ward": "26", "tract": "42003261400", "public_works_division": "1", "pli_division": "26", "police_zone": "1", "fire_zone": "1-12", "latitude": 40.46540081, "longitude": -80.00966188 }, "geometry": { "type": "Point", "coordinates": [ -80.00966188, 40.46540081 ] } },
{ "type": "Feature", "properties": { "_id": 193, "id": "719493433", "parcel_id": "50-E-131", "inactive": "False", "name": "Medic 06", "rentable": false, "type": "Medic Station", "primary_user": "Department of Public Safety", "address_number": "4740", "street": "MOSSFIELD ST", "zip": "15224", "image": "https://tools.wprdc.org/images/pittsburgh/facilities/Medic_06.jpg", "neighborhood": "Garfield", "council_district": "9", "ward": "10", "tract": "42003101600", "public_works_division": "2", "pli_division": "10", "police_zone": "5", "fire_zone": "3-4", "latitude": 40.46792927, "longitude": -79.94678105 }, "geometry": { "type": "Point", "coordinates": [ -79.94678105, 40.46792927 ] } },
{ "type": "Feature", "properties": { "_id": 194, "id": "994486773", "parcel_id": "14-F-26", "inactive": "False", "name": "Medic 08", "rentable": false, "type": "Medic Station", "primary_user": "Department of Public Safety", "address_number": "212", "street": "WALTER AVE", "zip": "15210", "image": "https://tools.wprdc.org/images/pittsburgh/facilities/Medic_08.jpg", "neighborhood": "Allentown", "council_district": "3", "ward": "18", "tract": "42003180300", "public_works_division": "5", "pli_division": "18", "police_zone": "3", "fire_zone": "4-21", "latitude": 40.4203035, "longitude": -79.99499189 }, "geometry": { "type": "Point", "coordinates": [ -79.99499189, 40.4203035 ] } },
{ "type": "Feature", "properties": { "_id": 195, "id": "2125636448", "parcel_id": "51-N-61", "inactive": "False", "name": "Medic 09 Rescue 1", "rentable": false, "type": "Medic Station", "primary_user": "Department of Public Safety", "address_number": "800", "street": "S MILLVALE AVE", "zip": "15213", "image": "https://tools.wprdc.org/images/pittsburgh/facilities/Medic_09_Rescue_1.jpg", "neighborhood": "Bloomfield", "council_district": "7", "ward": "8", "tract": "42003080400", "public_works_division": "2", "pli_division": "8", "police_zone": "5", "fire_zone": "2-23", "latitude": 40.45494634, "longitude": -79.94804037 }, "geometry": { "type": "Point", "coordinates": [ -79.94804037, 40.45494634 ] } },
{ "type": "Feature", "properties": { "_id": 196, "id": "1445664286", "parcel_id": "45-A-180", "inactive": "False", "name": "Medic 10", "rentable": false, "type": "Medic Station", "primary_user": "Department of Public Safety", "address_number": "2800", "street": "SHADELAND AVE", "zip": "15212", "image": "https://tools.wprdc.org/images/pittsburgh/facilities/Medic_10.jpg", "neighborhood": "Marshall-Shadeland", "council_district": "1", "ward": "27", "tract": "42003271500", "public_works_division": "1", "pli_division": "27", "police_zone": "1", "fire_zone": "1-14", "latitude": 40.46999577, "longitude": -80.03012447 }, "geometry": { "type": "Point", "coordinates": [ -80.03012447, 40.46999577 ] } },
{ "type": "Feature", "properties": { "_id": 197, "id": "53610061", "parcel_id": "1-M-115", "inactive": "False", "name": "Medic 14 Rescue 2 Police Bike Patrol", "rentable": false, "type": "Medic Station", "primary_user": "Department of Public Safety", "address_number": "344", "street": "BLVD OF THE ALLIES", "zip": "15222", "image": "https://tools.wprdc.org/images/pittsburgh/facilities/Medic_14_Rescue_2_Police_Bike_Patrol.jpg", "neighborhood": "Central Business District", "council_district": "6", "ward": "1", "tract": "42003020100", "public_works_division": "6", "pli_division": "1", "police_zone": "2", "fire_zone": "1-4", "latitude": 40.43774975, "longitude": -80.0007328 }, "geometry": { "type": "Point", "coordinates": [ -80.0007328, 40.43774975 ] } },
{ "type": "Feature", "properties": { "_id": 198, "id": "495853592", "parcel_id": "52-D-346", "inactive": "False", "name": "Medic Headquarters", "rentable": false, "type": "Medic Station", "primary_user": "Department of Public Safety", "address_number": "700", "street": "FILBERT ST", "zip": "15232", "image": "https://tools.wprdc.org/images/pittsburgh/facilities/Medic_Headquarters.jpg", "neighborhood": "Shadyside", "council_district": "8", "ward": "7", "tract": "42003070300", "public_works_division": "2", "pli_division": "7", "police_zone": "4", "fire_zone": "3-22", "latitude": 40.45251584, "longitude": -79.93384182 }, "geometry": { "type": "Point", "coordinates": [ -79.93384182, 40.45251584 ] } },
{ "type": "Feature", "properties": { "_id": 199, "id": "2113042093", "parcel_id": "10-A-55", "inactive": "False", "name": "Medic Training Building", "rentable": false, "type": "Training", "primary_user": "Department of Public Safety", "address_number": "220", "street": "22ND ST", "zip": "15222", "image": "https://tools.wprdc.org/images/pittsburgh/facilities/Medic_Training_Building.jpg", "neighborhood": "Strip District", "council_district": "7", "ward": "2", "tract": "42003020300", "public_works_division": "6", "pli_division": "2", "police_zone": "2", "fire_zone": "2-25", "latitude": 40.45168206, "longitude": -79.98206852 }, "geometry": { "type": "Point", "coordinates": [ -79.98206852, 40.45168206 ] } },
{ "type": "Feature", "properties": { "_id": 200, "id": "274604624", "parcel_id": "125-L-237-0-1", "inactive": "False", "name": "Medics 01 and 11", "rentable": false, "type": "Medic Station", "primary_user": "Department of Public Safety", "address_number": "519", "street": "N DALLAS ST", "zip": "15208", "image": "https://tools.wprdc.org/images/pittsburgh/facilities/Medics_01_and_11.jpg", "neighborhood": "Homewood West", "council_district": "9", "ward": "12", "tract": "42003120700", "public_works_division": "2", "pli_division": "12", "police_zone": "5", "fire_zone": "3-17", "latitude": 40.45578157, "longitude": -79.905292 }, "geometry": { "type": "Point", "coordinates": [ -79.905292, 40.45578157 ] } },
{ "type": "Feature", "properties": { "_id": 201, "id": "18614246", "parcel_id": "85-D-50-0-1", "inactive": "False", "name": "Mellon Park Building", "rentable": false, "type": "Storage", "primary_user": "Department of Public Works", "address_number": "NA", "street": "SHADY AVE", "zip": null, "image": "https://tools.wprdc.org/images/pittsburgh/facilities/Mellon_Park_Building.jpg", "neighborhood": "Point Breeze", "council_district": "8", "ward": "14", "tract": "42003140400", "public_works_division": "3", "pli_division": "14", "police_zone": "4", "fire_zone": "2-17", "latitude": 40.45239554, "longitude": -79.91946961 }, "geometry": { "type": "Point", "coordinates": [ -79.91946961, 40.45239554 ] } },
{ "type": "Feature", "properties": { "_id": 202, "id": "891414354", "parcel_id": "125-N-200", "inactive": "False", "name": "Mellon Park Field Building", "rentable": false, "type": "Restrooms", "primary_user": "CitiParks", "address_number": "NA", "street": "FIFTH AVE", "zip": "15232", "image": "https://tools.wprdc.org/images/pittsburgh/facilities/Mellon_Park_Field_Building.jpg", "neighborhood": "Shadyside", "council_district": "8", "ward": "7", "tract": "42003070800", "public_works_division": "2", "pli_division": "7", "police_zone": "4", "fire_zone": "3-13", "latitude": 40.45416282, "longitude": -79.91571883 }, "geometry": { "type": "Point", "coordinates": [ -79.91571883, 40.45416282 ] } },
{ "type": "Feature", "properties": { "_id": 203, "id": "1058907971", "parcel_id": "85-D-50-0-1", "inactive": "False", "name": "Mellon Park Garden Society Center", "rentable": false, "type": "Activity", "primary_user": "CitiParks", "address_number": "1049", "street": "SHADY AVE", "zip": "15232", "image": "https://tools.wprdc.org/images/pittsburgh/facilities/Mellon_Park_Garden_Society_Center.jpg", "neighborhood": "Point Breeze", "council_district": "8", "ward": "14", "tract": "42003140400", "public_works_division": "3", "pli_division": "14", "police_zone": "4", "fire_zone": "2-17", "latitude": 40.45161749, "longitude": -79.91872683 }, "geometry": { "type": "Point", "coordinates": [ -79.91872683, 40.45161749 ] } },
{ "type": "Feature", "properties": { "_id": 204, "id": "2084729055", "parcel_id": "125-N-200", "inactive": "False", "name": "Mellon Park Picnic Shelter", "rentable": true, "type": "Shelter", "primary_user": "Department of Public Works", "address_number": "NA", "street": "FIFTH AVE", "zip": null, "image": "https://tools.wprdc.org/images/pittsburgh/facilities/Mellon_Park_Picnic_Shelter.jpg", "neighborhood": "Shadyside", "council_district": "8", "ward": "7", "tract": "42003070800", "public_works_division": "2", "pli_division": "7", "police_zone": "4", "fire_zone": "3-13", "latitude": 40.45414461, "longitude": -79.91510963 }, "geometry": { "type": "Point", "coordinates": [ -79.91510963, 40.45414461 ] } },
{ "type": "Feature", "properties": { "_id": 205, "id": "27960022", "parcel_id": "85-D-50-0-1", "inactive": "False", "name": "Mellon Park Service Building", "rentable": false, "type": "Service", "primary_user": "CitiParks", "address_number": "1047", "street": "SHADY AVE", "zip": "15232", "image": "https://tools.wprdc.org/images/pittsburgh/facilities/Mellon_Park_Service_Building.jpg", "neighborhood": "Point Breeze", "council_district": "8", "ward": "14", "tract": "42003140400", "public_works_division": "3", "pli_division": "14", "police_zone": "4", "fire_zone": "2-17", "latitude": 40.45149434, "longitude": -79.91903246 }, "geometry": { "type": "Point", "coordinates": [ -79.91903246, 40.45149434 ] } },
{ "type": "Feature", "properties": { "_id": 206, "id": "147112584", "parcel_id": "125-N-200", "inactive": "False", "name": "Mellon Park Small Shelter", "rentable": false, "type": "Shelter", "primary_user": "Department of Public Works", "address_number": "NA", "street": "FIFTH AVE", "zip": null, "image": "https://tools.wprdc.org/images/pittsburgh/facilities/Mellon_Park_Small_Shelter.jpg", "neighborhood": "Shadyside", "council_district": "8", "ward": "7", "tract": "42003070800", "public_works_division": "2", "pli_division": "7", "police_zone": "4", "fire_zone": "3-13", "latitude": 40.45417081, "longitude": -79.91634893 }, "geometry": { "type": "Point", "coordinates": [ -79.91634893, 40.45417081 ] } },
{ "type": "Feature", "properties": { "_id": 207, "id": "632462653", "parcel_id": "125-N-200", "inactive": "False", "name": "Mellon Park Tennis Bubble", "rentable": false, "type": "Activity", "primary_user": "CitiParks", "address_number": "6549", "street": "FIFTH AVE", "zip": "15232", "image": "https://tools.wprdc.org/images/pittsburgh/facilities/Mellon_Park_Tennis_Bubble.jpg", "neighborhood": "Shadyside", "council_district": "8", "ward": "7", "tract": "42003070800", "public_works_division": "2", "pli_division": "7", "police_zone": "4", "fire_zone": "3-13", "latitude": 40.45373718, "longitude": -79.91710208000001 }, "geometry": { "type": "Point", "coordinates": [ -79.91710208, 40.45373718 ] } },
{ "type": "Feature", "properties": { "_id": 208, "id": "343764647", "parcel_id": "125-N-200", "inactive": "False", "name": "Mellon Park Tennis Bubble Storage", "rentable": false, "type": "Storage", "primary_user": "Department of Public Works", "address_number": "NA", "street": null, "zip": null, "image": "https://tools.wprdc.org/images/pittsburgh/facilities/Mellon_Park_Tennis_Bubble_Storage.jpg", "neighborhood": "Shadyside", "council_district": "8", "ward": "7", "tract": "42003070800", "public_works_division": "2", "pli_division": "7", "police_zone": "4", "fire_zone": "3-13", "latitude": 40.45390957, "longitude": -79.91660687 }, "geometry": { "type": "Point", "coordinates": [ -79.91660687, 40.45390957 ] } },
{ "type": "Feature", "properties": { "_id": 209, "id": "1373886918", "parcel_id": "125-N-200", "inactive": "False", "name": "Mellon Park Tennis Trailer", "rentable": false, "type": "Office", "primary_user": "CitiParks", "address_number": "NA", "street": "FIFTH AVE", "zip": "15232", "image": "https://tools.wprdc.org/images/pittsburgh/facilities/Mellon_Park_Tennis_Trailer.jpg", "neighborhood": "Shadyside", "council_district": "8", "ward": "7", "tract": "42003070800", "public_works_division": "2", "pli_division": "7", "police_zone": "4", "fire_zone": "3-13", "latitude": 40.45398474, "longitude": -79.91717981 }, "geometry": { "type": "Point", "coordinates": [ -79.91717981, 40.45398474 ] } },
{ "type": "Feature", "properties": { "_id": 210, "id": "1117163458", "parcel_id": "2-A-132-0-1", "inactive": "False", "name": "Mellon Square Park Building", "rentable": false, "type": "Office", "primary_user": "Department of Public Works", "address_number": "555", "street": "WILLIAM PENN PL", "zip": null, "image": "https://tools.wprdc.org/images/pittsburgh/facilities/Mellon_Square_Park_Building.jpg", "neighborhood": "Central Business District", "council_district": "6", "ward": "2", "tract": "42003020100", "public_works_division": "6", "pli_division": "2", "police_zone": "2", "fire_zone": "1-4", "latitude": 40.44082046, "longitude": -79.99713338 }, "geometry": { "type": "Point", "coordinates": [ -79.99713338, 40.44082046 ] } },
{ "type": "Feature", "properties": { "_id": 211, "id": "1764471208", "parcel_id": "34-N-86", "inactive": "False", "name": "Moore Park Gazebo", "rentable": false, "type": "Shelter", "primary_user": "Department of Public Works", "address_number": "NA", "street": "PIONEER AVE", "zip": null, "image": "https://tools.wprdc.org/images/pittsburgh/facilities/Moore_Park_Gazebo.jpg", "neighborhood": "Brookline", "council_district": "4", "ward": "19", "tract": "42003191700", "public_works_division": "5", "pli_division": "19", "police_zone": "6", "fire_zone": "4-26", "latitude": 40.405267, "longitude": -80.01353487 }, "geometry": { "type": "Point", "coordinates": [ -80.01353487, 40.405267 ] } },
{ "type": "Feature", "properties": { "_id": 212, "id": "181434669", "parcel_id": "34-N-86", "inactive": "False", "name": "Moore Pool and Recreation Building", "rentable": false, "type": "Pool/Rec", "primary_user": "CitiParks", "address_number": "1801", "street": "PIONEER AVE", "zip": "15226", "image": "https://tools.wprdc.org/images/pittsburgh/facilities/Moore_Pool_and_Recreation_Building.jpg", "neighborhood": "Brookline", "council_district": "4", "ward": "19", "tract": "42003191700", "public_works_division": "5", "pli_division": "19", "police_zone": "6", "fire_zone": "4-26", "latitude": 40.40551162, "longitude": -80.01396647 }, "geometry": { "type": "Point", "coordinates": [ -80.01396647, 40.40551162 ] } },
{ "type": "Feature", "properties": { "_id": 213, "id": "1828904178", "parcel_id": "121-L-128", "inactive": "False", "name": "Morningside Fieldhouse", "rentable": false, "type": "Concession", "primary_user": "CitiParks", "address_number": "100", "street": "ANTIETAM ST", "zip": "15206", "image": "https://tools.wprdc.org/images/pittsburgh/facilities/Morningside_Fieldhouse.jpg", "neighborhood": "Morningside", "council_district": "7", "ward": "10", "tract": "42003101400", "public_works_division": "2", "pli_division": "10", "police_zone": "5", "fire_zone": "3-7", "latitude": 40.4845828, "longitude": -79.92573361 }, "geometry": { "type": "Point", "coordinates": [ -79.92573361, 40.4845828 ] } },
{ "type": "Feature", "properties": { "_id": 214, "id": "544290996", "parcel_id": "121-L-128", "inactive": "False", "name": "Morningside Senior Center", "rentable": true, "type": "Senior", "primary_user": "CitiParks", "address_number": "6944", "street": "PRESIDENT WAY", "zip": "15206", "image": "https://tools.wprdc.org/images/pittsburgh/facilities/Morningside_Senior_Center.jpg", "neighborhood": "Morningside", "council_district": "7", "ward": "10", "tract": "42003101400", "public_works_division": "2", "pli_division": "10", "police_zone": "5", "fire_zone": "3-7", "latitude": 40.48390558, "longitude": -79.92498368 }, "geometry": { "type": "Point", "coordinates": [ -79.92498368, 40.48390558 ] } },
{ "type": "Feature", "properties": { "_id": 215, "id": "911220262", "parcel_id": "1-N-219", "inactive": "False", "name": "Mount Washington Gazebo", "rentable": false, "type": "Shelter", "primary_user": "Department of Public Works", "address_number": "NA", "street": "MERRIMAC ST", "zip": null, "image": "https://tools.wprdc.org/images/pittsburgh/facilities/Mount_Washington_Gazebo.jpg", "neighborhood": "Mount Washington", "council_district": "2", "ward": "19", "tract": "42003190300", "public_works_division": "5", "pli_division": "19", "police_zone": "3", "fire_zone": "4-1", "latitude": 40.43509118, "longitude": -80.0132747 }, "geometry": { "type": "Point", "coordinates": [ -80.0132747, 40.43509118 ] } },
{ "type": "Feature", "properties": { "_id": 216, "id": "1512406540", "parcel_id": "4-F-281", "inactive": "False", "name": "Mount Washington Senior Center", "rentable": true, "type": "Senior", "primary_user": "CitiParks", "address_number": "122", "street": "VIRGINIA AVE", "zip": "15211", "image": "https://tools.wprdc.org/images/pittsburgh/facilities/Mount_Washington_Senior_Center.jpg", "neighborhood": "Mount Washington", "council_district": "2", "ward": "19", "tract": "42003191400", "public_works_division": "5", "pli_division": "19", "police_zone": "3", "fire_zone": "4-27", "latitude": 40.43006269, "longitude": -80.00797988 }, "geometry": { "type": "Point", "coordinates": [ -80.00797988, 40.43006269 ] } },
{ "type": "Feature", "properties": { "_id": 217, "id": "1883573076", "parcel_id": "005-S-097", "inactive": "False", "name": "Mount Washington Shelter House", "rentable": false, "type": "Shelter", "primary_user": "CitiParks", "address_number": "529", "street": "NORTON ST", "zip": "15211", "image": "https://tools.wprdc.org/images/pittsburgh/facilities/Mount_Washington_Shelter_House.jpg", "neighborhood": "Mount Washington", "council_district": "2", "ward": "19", "tract": "42003191400", "public_works_division": "5", "pli_division": "19", "police_zone": "3", "fire_zone": "4-27", "latitude": 40.42465389, "longitude": -80.01341478000001 }, "geometry": { "type": "Point", "coordinates": [ -80.01341478, 40.42465389 ] } },
{ "type": "Feature", "properties": { "_id": 218, "id": "1966231398", "parcel_id": "2-P-299", "inactive": "False", "name": "Municipal Courts Building", "rentable": false, "type": "Police", "primary_user": "Department of Public Safety", "address_number": "660", "street": "FIRST AVE", "zip": "15219", "image": "https://tools.wprdc.org/images/pittsburgh/facilities/Municipal_Courts_Building.jpg", "neighborhood": "Bluff", "council_district": "6", "ward": "1", "tract": "42003010300", "public_works_division": "6", "pli_division": "1", "police_zone": "2", "fire_zone": "2-4", "latitude": 40.43471161, "longitude": -79.99489625 }, "geometry": { "type": "Point", "coordinates": [ -79.99489625, 40.43471161 ] } },
{ "type": "Feature", "properties": { "_id": 219, "id": "1730090585", "parcel_id": "39-N-36", "inactive": "False", "name": "Oakwood Concession Stand", "rentable": false, "type": "Concession", "primary_user": "Department of Public Works", "address_number": "NA", "street": "NOBLESTOWN RD", "zip": null, "image": "https://tools.wprdc.org/images/pittsburgh/facilities/Oakwood_Concession_Stand.jpg", "neighborhood": "Oakwood", "council_district": "2", "ward": "28", "tract": "42003562800", "public_works_division": "5", "pli_division": "28", "police_zone": "6", "fire_zone": "1-19", "latitude": 40.42532346, "longitude": -80.06561208 }, "geometry": { "type": "Point", "coordinates": [ -80.06561208, 40.42532346 ] } },
{ "type": "Feature", "properties": { "_id": 220, "id": "750705679", "parcel_id": "68-M-32", "inactive": "False", "name": "Oakwood Restrooms", "rentable": false, "type": "Restrooms", "primary_user": "Department of Public Works", "address_number": "1684", "street": "DURBIN ST", "zip": null, "image": "https://tools.wprdc.org/images/pittsburgh/facilities/Oakwood_Restrooms.jpg", "neighborhood": "Oakwood", "council_district": "2", "ward": "28", "tract": "42003562800", "public_works_division": "5", "pli_division": "28", "police_zone": "6", "fire_zone": "1-19", "latitude": 40.42602509, "longitude": -80.06642052 }, "geometry": { "type": "Point", "coordinates": [ -80.06642052, 40.42602509 ] } },
{ "type": "Feature", "properties": { "_id": 221, "id": "1741704843", "parcel_id": "68-M-42", "inactive": "False", "name": "Oakwood Shelter", "rentable": false, "type": "Shelter", "primary_user": "Department of Public Works", "address_number": "1684", "street": "DURBIN ST", "zip": null, "image": "https://tools.wprdc.org/images/pittsburgh/facilities/Oakwood_Shelter.jpg", "neighborhood": "Oakwood", "council_district": "2", "ward": "28", "tract": "42003562800", "public_works_division": "5", "pli_division": "28", "police_zone": "6", "fire_zone": "1-19", "latitude": 40.42592672, "longitude": -80.06698115 }, "geometry": { "type": "Point", "coordinates": [ -80.06698115, 40.42592672 ] } },
{ "type": "Feature", "properties": { "_id": 222, "id": "343616785", "parcel_id": "25-P-12", "inactive": "False", "name": "Office of Municipal Investigations Building", "rentable": false, "type": "Office", "primary_user": "Department of Public Safety", "address_number": "2608", "street": "PENN AVE", "zip": "15222", "image": "https://tools.wprdc.org/images/pittsburgh/facilities/Office_of_Municipal_Investigations_Building.jpg", "neighborhood": "Strip District", "council_district": "7", "ward": "2", "tract": "42003020300", "public_works_division": "6", "pli_division": "2", "police_zone": "2", "fire_zone": "2-25", "latitude": 40.45492682, "longitude": -79.97796803 }, "geometry": { "type": "Point", "coordinates": [ -79.97796803, 40.45492682 ] } },
{ "type": "Feature", "properties": { "_id": 223, "id": "1547661308", "parcel_id": "3-G-206", "inactive": "False", "name": "Oliver Bath House", "rentable": false, "type": "Pool", "primary_user": "CitiParks", "address_number": "38", "street": "S 10TH ST", "zip": "15203", "image": "https://tools.wprdc.org/images/pittsburgh/facilities/Oliver_Bath_House.jpg", "neighborhood": "South Side Flats", "council_district": "3", "ward": "17", "tract": "42003170200", "public_works_division": "3", "pli_division": "17", "police_zone": "3", "fire_zone": "4-2", "latitude": 40.42959711, "longitude": -79.98887873 }, "geometry": { "type": "Point", "coordinates": [ -79.98887873, 40.42959711 ] } },
{ "type": "Feature", "properties": { "_id": 224, "id": "538822860", "parcel_id": "5-D-95", "inactive": "False", "name": "Olympia Park Recreation Center", "rentable": false, "type": "Activity", "primary_user": "CitiParks", "address_number": "447", "street": "HALLOCK ST", "zip": "15211", "image": "https://tools.wprdc.org/images/pittsburgh/facilities/Olympia_Park_Recreation_Center.jpg", "neighborhood": "Mount Washington", "council_district": "2", "ward": "19", "tract": "42003190300", "public_works_division": "5", "pli_division": "19", "police_zone": "3", "fire_zone": "4-1", "latitude": 40.43126775, "longitude": -80.01832363 }, "geometry": { "type": "Point", "coordinates": [ -80.01832363, 40.43126775 ] } },
{ "type": "Feature", "properties": { "_id": 225, "id": "2125838358", "parcel_id": "5-D-95", "inactive": "False", "name": "Olympia Park Shelter", "rentable": false, "type": "Shelter", "primary_user": "Department of Public Works", "address_number": "NA", "street": "OLYMPIA RD", "zip": null, "image": "https://tools.wprdc.org/images/pittsburgh/facilities/Olympia_Park_Shelter.jpg", "neighborhood": "Mount Washington", "council_district": "2", "ward": "19", "tract": "42003190300", "public_works_division": "5", "pli_division": "19", "police_zone": "3", "fire_zone": "4-1", "latitude": 40.4312128, "longitude": -80.01802519 }, "geometry": { "type": "Point", "coordinates": [ -80.01802519, 40.4312128 ] } },
{ "type": "Feature", "properties": { "_id": 226, "id": "1443094810", "parcel_id": "12-G-225", "inactive": "False", "name": "Ormsby Pool and Recreation Center", "rentable": true, "type": "Pool/Rec", "primary_user": "CitiParks", "address_number": "79", "street": "S 22ND ST", "zip": "15203", "image": "https://tools.wprdc.org/images/pittsburgh/facilities/Ormsby_Pool_and_Recreation_Center.jpg", "neighborhood": "South Side Flats", "council_district": "3", "ward": "16", "tract": "42003160900", "public_works_division": "3", "pli_division": "16", "police_zone": "3", "fire_zone": "4-24", "latitude": 40.42908967, "longitude": -79.97429674 }, "geometry": { "type": "Point", "coordinates": [ -79.97429674, 40.42908967 ] } },
{ "type": "Feature", "properties": { "_id": 227, "id": "1007721576", "parcel_id": "51-K-138", "inactive": "False", "name": "Osceola Park Building", "rentable": false, "type": "Utility", "primary_user": "CitiParks", "address_number": "NA", "street": "OSCEOLA ST", "zip": "15224", "image": "https://tools.wprdc.org/images/pittsburgh/facilities/Osceola_Park_Building.jpg", "neighborhood": "Bloomfield", "council_district": "7", "ward": "8", "tract": "42003080400", "public_works_division": "2", "pli_division": "8", "police_zone": "5", "fire_zone": "3-1", "latitude": 40.45671319, "longitude": -79.94241862 }, "geometry": { "type": "Point", "coordinates": [ -79.94241862, 40.45671319 ] } },
{ "type": "Feature", "properties": { "_id": 228, "id": "891891149", "parcel_id": "95-N-390", "inactive": "False", "name": "Overbrook Community Center", "rentable": false, "type": "Community", "primary_user": "CitiParks", "address_number": "2406", "street": "SAW MILL RUN BLVD", "zip": "15234", "image": "https://tools.wprdc.org/images/pittsburgh/facilities/Overbrook_Community_Center.jpg", "neighborhood": "Overbrook", "council_district": "4", "ward": "32", "tract": "42003320700", "public_works_division": "5", "pli_division": "32", "police_zone": "3", "fire_zone": "4-25", "latitude": 40.38483705, "longitude": -79.995351 }, "geometry": { "type": "Point", "coordinates": [ -79.995351, 40.38483705 ] } },
{ "type": "Feature", "properties": { "_id": 229, "id": "117010663", "parcel_id": "95-J-32", "inactive": "False", "name": "Overbrook Senior Center", "rentable": false, "type": "Senior", "primary_user": "CitiParks", "address_number": "2199", "street": "DARTMORE ST", "zip": "15234", "image": "https://tools.wprdc.org/images/pittsburgh/facilities/Overbrook_Senior_Center.jpg", "neighborhood": "Overbrook", "council_district": "4", "ward": "32", "tract": "42003320400", "public_works_division": "5", "pli_division": "32", "police_zone": "3", "fire_zone": "4-23", "latitude": 40.38847171, "longitude": -79.9956976 }, "geometry": { "type": "Point", "coordinates": [ -79.9956976, 40.38847171 ] } },
{ "type": "Feature", "properties": { "_id": 230, "id": "1497955946", "parcel_id": "26-C-194", "inactive": "False", "name": "Paul Sciullo Field Concession Stand", "rentable": false, "type": "Concession", "primary_user": "Department of Public Works", "address_number": "408", "street": "ELLA ST", "zip": null, "image": "https://tools.wprdc.org/images/pittsburgh/facilities/Paul_Sciullo_Field_Concession_Stand.jpg", "neighborhood": "Lower Lawrenceville", "council_district": "7", "ward": "9", "tract": "42003060300", "public_works_division": "2", "pli_division": "9", "police_zone": "2", "fire_zone": "3-6", "latitude": 40.4625528, "longitude": -79.95530379 }, "geometry": { "type": "Point", "coordinates": [ -79.95530379, 40.4625528 ] } },
{ "type": "Feature", "properties": { "_id": 231, "id": "603472294", "parcel_id": "26-C-194", "inactive": "False", "name": "Paul Sciullo Field First Base Dugout", "rentable": false, "type": "Dugout", "primary_user": "Department of Public Works", "address_number": "408", "street": "ELLA ST", "zip": "15224", "image": "https://tools.wprdc.org/images/pittsburgh/facilities/Paul_Sciullo_Field_First_Base_Dugout.jpg", "neighborhood": "Lower Lawrenceville", "council_district": "7", "ward": "9", "tract": "42003060300", "public_works_division": "2", "pli_division": "9", "police_zone": "2", "fire_zone": "3-1", "latitude": 40.46248475, "longitude": -79.9551764 }, "geometry": { "type": "Point", "coordinates": [ -79.9551764, 40.46248475 ] } },
{ "type": "Feature", "properties": { "_id": 232, "id": "1082106537", "parcel_id": "26-C-194", "inactive": "False", "name": "Paul Sciullo Field Storage", "rentable": false, "type": "Storage", "primary_user": "Department of Public Works", "address_number": "408", "street": "ELLA ST", "zip": null, "image": "https://tools.wprdc.org/images/pittsburgh/facilities/Paul_Sciullo_Field_Storage.jpg", "neighborhood": "Lower Lawrenceville", "council_district": "7", "ward": "9", "tract": "42003060300", "public_works_division": "2", "pli_division": "9", "police_zone": "2", "fire_zone": "3-6", "latitude": 40.46264048, "longitude": -79.95526656 }, "geometry": { "type": "Point", "coordinates": [ -79.95526656, 40.46264048 ] } },
{ "type": "Feature", "properties": { "_id": 233, "id": "270269111", "parcel_id": "26-C-194", "inactive": "False", "name": "Paul Sciullo Field Third Base Dugout", "rentable": false, "type": "Dugout", "primary_user": "Department of Public Works", "address_number": "408", "street": "ELLA ST", "zip": null, "image": "https://tools.wprdc.org/images/pittsburgh/facilities/Paul_Sciullo_Field_Third_Base_Dugout.jpg", "neighborhood": "Lower Lawrenceville", "council_district": "7", "ward": "9", "tract": "42003060300", "public_works_division": "2", "pli_division": "9", "police_zone": "2", "fire_zone": "3-6", "latitude": 40.46265774, "longitude": -79.95502369 }, "geometry": { "type": "Point", "coordinates": [ -79.95502369, 40.46265774 ] } },
{ "type": "Feature", "properties": { "_id": 234, "id": "224929255", "parcel_id": "49-S-353", "inactive": "False", "name": "Paul Sciullo Memorial Park Storage Building", "rentable": false, "type": "Storage", "primary_user": "Department of Public Works", "address_number": "NA", "street": "DARSIE ST", "zip": null, "image": "https://tools.wprdc.org/images/pittsburgh/facilities/Paul_Sciullo_Memorial_Park_Storage_Building.jpg", "neighborhood": "Bloomfield", "council_district": "7", "ward": "8", "tract": "42003080200", "public_works_division": "2", "pli_division": "8", "police_zone": "5", "fire_zone": "3-1", "latitude": 40.46218345, "longitude": -79.95312211 }, "geometry": { "type": "Point", "coordinates": [ -79.95312211, 40.46218345 ] } },
{ "type": "Feature", "properties": { "_id": 235, "id": "138807556", "parcel_id": "124-H-184", "inactive": "False", "name": "Paulson Pool Building", "rentable": false, "type": "Pool", "primary_user": "CitiParks", "address_number": "1300", "street": "PAULSON AVE", "zip": "15206", "image": "https://tools.wprdc.org/images/pittsburgh/facilities/Paulson_Pool_Building.jpg", "neighborhood": "Lincoln-Lemington-Belmar", "council_district": "9", "ward": "12", "tract": "42003120300", "public_works_division": "2", "pli_division": "12", "police_zone": "5", "fire_zone": "3-15", "latitude": 40.4686146, "longitude": -79.90115812000001 }, "geometry": { "type": "Point", "coordinates": [ -79.90115812, 40.4686146 ] } },
{ "type": "Feature", "properties": { "_id": 236, "id": "344574544", "parcel_id": "124-H-184", "inactive": "False", "name": "Paulson Pool Guard Room", "rentable": false, "type": "Pool Closed", "primary_user": "CitiParks", "address_number": "1300", "street": "PAULSON AVE", "zip": "15206", "image": "https://tools.wprdc.org/images/pittsburgh/facilities/Paulson_Pool_Guard_Room.jpg", "neighborhood": "Lincoln-Lemington-Belmar", "council_district": "9", "ward": "12", "tract": "42003120300", "public_works_division": "2", "pli_division": "12", "police_zone": "5", "fire_zone": "3-15", "latitude": 40.46871448, "longitude": -79.9010745 }, "geometry": { "type": "Point", "coordinates": [ -79.9010745, 40.46871448 ] } },
{ "type": "Feature", "properties": { "_id": 237, "id": "477492276", "parcel_id": "124-H-116", "inactive": "False", "name": "Paulson Recreation Center", "rentable": true, "type": "Rec Center", "primary_user": "CitiParks", "address_number": "1201", "street": "PAULSON AVE", "zip": "15206", "image": "https://tools.wprdc.org/images/pittsburgh/facilities/Paulson_Recreation_Center.jpg", "neighborhood": "Lincoln-Lemington-Belmar", "council_district": "9", "ward": "12", "tract": "42003120300", "public_works_division": "2", "pli_division": "12", "police_zone": "5", "fire_zone": "3-15", "latitude": 40.46823377, "longitude": -79.90352129 }, "geometry": { "type": "Point", "coordinates": [ -79.90352129, 40.46823377 ] } },
{ "type": "Feature", "properties": { "_id": 238, "id": "1812615414", "parcel_id": "95-F-265", "inactive": "False", "name": "Phillips Gym and Recreation Center", "rentable": true, "type": "Pool/Rec", "primary_user": "CitiParks", "address_number": "201", "street": "PARKFIELD ST", "zip": "15210", "image": "https://tools.wprdc.org/images/pittsburgh/facilities/Phillips_Gym_and_Recreation_Center.jpg", "neighborhood": "Carrick", "council_district": "4", "ward": "29", "tract": "42003290400", "public_works_division": "3", "pli_division": "29", "police_zone": "3", "fire_zone": "4-23", "latitude": 40.39156272, "longitude": -79.99097801000001 }, "geometry": { "type": "Point", "coordinates": [ -79.99097801, 40.39156272 ] } },
{ "type": "Feature", "properties": { "_id": 239, "id": "1382300148", "parcel_id": "7-C-226", "inactive": "False", "name": "Police Headquarters", "rentable": false, "type": "Police", "primary_user": "Department of Public Safety", "address_number": "1203", "street": "WESTERN AVE", "zip": "15212", "image": "https://tools.wprdc.org/images/pittsburgh/facilities/Police_Headquarters.jpg", "neighborhood": "Chateau", "council_district": "6", "ward": "21", "tract": "42003980600", "public_works_division": "1", "pli_division": "21", "police_zone": "1", "fire_zone": "1-8", "latitude": 40.45059404, "longitude": -80.02141966000001 }, "geometry": { "type": "Point", "coordinates": [ -80.02141966, 40.45059404 ] } },
{ "type": "Feature", "properties": { "_id": 240, "id": "1129757470", "parcel_id": "23-J-162", "inactive": "False", "name": "Police Zone 01", "rentable": false, "type": "Police", "primary_user": "Department of Public Safety", "address_number": "1501", "street": "BRIGHTON RD", "zip": "15212", "image": "https://tools.wprdc.org/images/pittsburgh/facilities/Police_Zone_01.jpg", "neighborhood": "California-Kirkbride", "council_district": "6", "ward": "25", "tract": "42003250700", "public_works_division": "1", "pli_division": "25", "police_zone": "1", "fire_zone": "1-21", "latitude": 40.45700651, "longitude": -80.01609172000001 }, "geometry": { "type": "Point", "coordinates": [ -80.01609172, 40.45700651 ] } },
{ "type": "Feature", "properties": { "_id": 241, "id": "769247512", "parcel_id": "10-N-357", "inactive": "False", "name": "Police Zone 02", "rentable": false, "type": "Police", "primary_user": "Department of Public Safety", "address_number": "2000", "street": "CENTRE AVE", "zip": "15219", "image": "https://tools.wprdc.org/images/pittsburgh/facilities/Police_Zone_02.jpg", "neighborhood": "Crawford-Roberts", "council_district": "6", "ward": "5", "tract": "42003050100", "public_works_division": "3", "pli_division": "5", "police_zone": "2", "fire_zone": "2-1", "latitude": 40.44358384, "longitude": -79.97997208 }, "geometry": { "type": "Point", "coordinates": [ -79.97997208, 40.44358384 ] } },
{ "type": "Feature", "properties": { "_id": 242, "id": "2107731513", "parcel_id": "14-B-332", "inactive": "False", "name": "Police Zone 03", "rentable": false, "type": "Police", "primary_user": "Department of Public Safety", "address_number": "830", "street": "WARRINGTON AVE", "zip": "15210", "image": "https://tools.wprdc.org/images/pittsburgh/facilities/Police_Zone_03.jpg", "neighborhood": "Allentown", "council_district": "3", "ward": "18", "tract": "42003180300", "public_works_division": "5", "pli_division": "18", "police_zone": "3", "fire_zone": "4-6", "latitude": 40.42166991, "longitude": -79.99249594 }, "geometry": { "type": "Point", "coordinates": [ -79.99249594, 40.42166991 ] } },
{ "type": "Feature", "properties": { "_id": 243, "id": "522054334", "parcel_id": "86-C-169", "inactive": "False", "name": "Police Zone 04 Firehouse 18", "rentable": false, "type": "Police", "primary_user": "Department of Public Safety", "address_number": "5858", "street": "NORTHUMBERLAND ST", "zip": "15217", "image": "https://tools.wprdc.org/images/pittsburgh/facilities/Police_Zone_04_Firehouse_18.jpg", "neighborhood": "Squirrel Hill North", "council_district": "8", "ward": "14", "tract": "42003140300", "public_works_division": "3", "pli_division": "14", "police_zone": "4", "fire_zone": "2-18", "latitude": 40.44141257, "longitude": -79.92113874 }, "geometry": { "type": "Point", "coordinates": [ -79.92113874, 40.44141257 ] } },
{ "type": "Feature", "properties": { "_id": 244, "id": "1256368314", "parcel_id": "82-H-1-0-2", "inactive": "False", "name": "Police Zone 05", "rentable": false, "type": "Police", "primary_user": "Department of Public Safety", "address_number": "1401", "street": "WASHINGTON BLVD", "zip": "15206", "image": "https://tools.wprdc.org/images/pittsburgh/facilities/Police_Zone_05.jpg", "neighborhood": "Highland Park", "council_district": "7", "ward": "11", "tract": "42003980100", "public_works_division": "2", "pli_division": "11", "police_zone": "5", "fire_zone": "3-12", "latitude": 40.47420847, "longitude": -79.90914823 }, "geometry": { "type": "Point", "coordinates": [ -79.90914823, 40.47420847 ] } },
{ "type": "Feature", "properties": { "_id": 245, "id": "377970813", "parcel_id": "82-H-1-0-2", "inactive": "False", "name": "Public Safety Training Academy", "rentable": false, "type": "Training", "primary_user": "Department of Public Safety", "address_number": "1395", "street": "WASHINGTON BLVD", "zip": null, "image": "https://tools.wprdc.org/images/pittsburgh/facilities/Public_Safety_Training_Academy.jpg", "neighborhood": "Highland Park", "council_district": "9", "ward": "11", "tract": "42003980100", "public_works_division": "2", "pli_division": "11", "police_zone": "5", "fire_zone": "3-12", "latitude": 40.4713517, "longitude": -79.90938788 }, "geometry": { "type": "Point", "coordinates": [ -79.90938788, 40.4713517 ] } },
{ "type": "Feature", "properties": { "_id": 246, "id": "1549567971", "parcel_id": "76-D-1-0-2", "inactive": "False", "name": "Public Works 1st Division Main Building", "rentable": false, "type": "Service", "primary_user": "Department of Public Works", "address_number": "300", "street": "KILBUCK RD", "zip": "15214", "image": "https://tools.wprdc.org/images/pittsburgh/facilities/Public_Works_1st_Division_Main_Building.jpg", "neighborhood": "Perry North", "council_district": "1", "ward": "26", "tract": "42003980400", "public_works_division": "1", "pli_division": "26", "police_zone": "1", "fire_zone": "1-15", "latitude": 40.47813192, "longitude": -80.01743527 }, "geometry": { "type": "Point", "coordinates": [ -80.01743527, 40.47813192 ] } },
{ "type": "Feature", "properties": { "_id": 247, "id": "584423400", "parcel_id": "76-D-1-0-2", "inactive": "False", "name": "Public Works 1st Division Salt Dome", "rentable": false, "type": "Salt Dome", "primary_user": "Department of Public Works", "address_number": "300", "street": "KILBUCK RD", "zip": "15214", "image": "https://tools.wprdc.org/images/pittsburgh/facilities/Public_Works_1st_Division_Salt_Dome.jpg", "neighborhood": "Perry North", "council_district": "1", "ward": "26", "tract": "42003980400", "public_works_division": "1", "pli_division": "26", "police_zone": "1", "fire_zone": "1-15", "latitude": 40.47847689, "longitude": -80.01692989 }, "geometry": { "type": "Point", "coordinates": [ -80.01692989, 40.47847689 ] } },
{ "type": "Feature", "properties": { "_id": 248, "id": "628820506", "parcel_id": "125-L-237-0-1", "inactive": "False", "name": "Public Works 2nd Division Main Building", "rentable": false, "type": "Service", "primary_user": "Department of Public Works", "address_number": "6814", "street": "HAMILTON AVE", "zip": "15208", "image": "https://tools.wprdc.org/images/pittsburgh/facilities/Public_Works_2nd_Division_Main_Building.jpg", "neighborhood": "Homewood West", "council_district": "9", "ward": "12", "tract": "42003120700", "public_works_division": "2", "pli_division": "12", "police_zone": "5", "fire_zone": "3-17", "latitude": 40.45636026, "longitude": -79.90602965 }, "geometry": { "type": "Point", "coordinates": [ -79.90602965, 40.45636026 ] } },
{ "type": "Feature", "properties": { "_id": 249, "id": "2065871468", "parcel_id": "125-L-237-0-1", "inactive": "False", "name": "Public Works 2nd Division Recycling Drop Off Center", "rentable": false, "type": "Recycling", "primary_user": "Department of Public Works", "address_number": "6814", "street": "HAMILTON AVE", "zip": null, "image": "https://tools.wprdc.org/images/pittsburgh/facilities/Public_Works_2nd_Division_Recycling_Drop_Off_Center.jpg", "neighborhood": "Homewood West", "council_district": "9", "ward": "12", "tract": "42003120700", "public_works_division": "2", "pli_division": "12", "police_zone": "5", "fire_zone": "3-17", "latitude": 40.45580996, "longitude": -79.90568074 }, "geometry": { "type": "Point", "coordinates": [ -79.90568074, 40.45580996 ] } },
{ "type": "Feature", "properties": { "_id": 250, "id": "1918999048", "parcel_id": "125-L-237-0-1", "inactive": "False", "name": "Public Works 2nd Division Salt Dome", "rentable": false, "type": "Salt Dome", "primary_user": "Department of Public Works", "address_number": "6814", "street": "HAMILTON AVE", "zip": null, "image": "https://tools.wprdc.org/images/pittsburgh/facilities/Public_Works_2nd_Division_Salt_Dome.jpg", "neighborhood": "Homewood West", "council_district": "9", "ward": "12", "tract": "42003120700", "public_works_division": "2", "pli_division": "12", "police_zone": "5", "fire_zone": "3-17", "latitude": 40.45601402, "longitude": -79.90604031 }, "geometry": { "type": "Point", "coordinates": [ -79.90604031, 40.45601402 ] } },
{ "type": "Feature", "properties": { "_id": 251, "id": "390751745", "parcel_id": null, "inactive": "False", "name": "Public Works 2nd Division Storage Area", "rentable": false, "type": "Storage", "primary_user": "Department of Public Works", "address_number": "6820", "street": "HAMILTON AVE", "zip": "15208", "image": "https://tools.wprdc.org/images/pittsburgh/facilities/Public_Works_2nd_Division_Storage_Area.jpg", "neighborhood": "Homewood West", "council_district": "9", "ward": "12", "tract": "42003120700", "public_works_division": "2", "pli_division": "12", "police_zone": "5", "fire_zone": "3-17", "latitude": 40.45618795, "longitude": -79.90549648 }, "geometry": { "type": "Point", "coordinates": [ -79.90549648, 40.45618795 ] } },
{ "type": "Feature", "properties": { "_id": 252, "id": "457059823", "parcel_id": "29-M-150", "inactive": "False", "name": "Public Works 3rd Division Main Building", "rentable": false, "type": "Service", "primary_user": "Department of Public Works", "address_number": "88", "street": "SWINBURNE ST", "zip": "15213", "image": "https://tools.wprdc.org/images/pittsburgh/facilities/Public_Works_3rd_Division_Main_Building.jpg", "neighborhood": "South Oakland", "council_district": "3", "ward": "4", "tract": "42003562900", "public_works_division": "3", "pli_division": "4", "police_zone": "4", "fire_zone": "2-12", "latitude": 40.42654646, "longitude": -79.95209514 }, "geometry": { "type": "Point", "coordinates": [ -79.95209514, 40.42654646 ] } },
{ "type": "Feature", "properties": { "_id": 253, "id": "1529952522", "parcel_id": "57-B-175", "inactive": "False", "name": "Public Works 3rd Division Sub Station", "rentable": false, "type": "Service", "primary_user": "Department of Public Works", "address_number": "40", "street": "MELANCHTON ST", "zip": "15207", "image": "https://tools.wprdc.org/images/pittsburgh/facilities/Public_Works_3rd_Division_Sub_Station.jpg", "neighborhood": "Hazelwood", "council_district": "5", "ward": "15", "tract": "42003562300", "public_works_division": "3", "pli_division": "15", "police_zone": "4", "fire_zone": "2-13", "latitude": 40.40340228, "longitude": -79.94272976000001 }, "geometry": { "type": "Point", "coordinates": [ -79.94272976, 40.40340228 ] } },
{ "type": "Feature", "properties": { "_id": 254, "id": "885888028", "parcel_id": "14-N-258", "inactive": "False", "name": "Public Works 4th Division Main Building", "rentable": false, "type": "SERVICE", "primary_user": "DEPARTMENT OF PUBLIC WORKS", "address_number": "414", "street": "BAUSMAN ST", "zip": "15210", "image": "https://tools.wprdc.org/images/pittsburgh/facilities/Public_Works_4th_Division_Main_Building.jpg", "neighborhood": "Knoxville", "council_district": "3", "ward": "30", "tract": "42003300100", "public_works_division": "5", "pli_division": "30", "police_zone": "3", "fire_zone": "4-7", "latitude": 40.4139845, "longitude": -79.99615519 }, "geometry": { "type": "Point", "coordinates": [ -79.99615519, 40.4139845 ] } },
{ "type": "Feature", "properties": { "_id": 255, "id": "985660092", "parcel_id": "14-N-264", "inactive": "False", "name": "Public Works 4th Division Salt Dome", "rentable": false, "type": "Salt Dome", "primary_user": "Department of Public Works", "address_number": "415", "street": "BAUSMAN ST", "zip": "15210", "image": "https://tools.wprdc.org/images/pittsburgh/facilities/Public_Works_4th_Division_Salt_Dome.jpg", "neighborhood": "Knoxville", "council_district": "3", "ward": "30", "tract": "42003300100", "public_works_division": "5", "pli_division": "30", "police_zone": "3", "fire_zone": "4-7", "latitude": 40.41395183, "longitude": -79.99555348 }, "geometry": { "type": "Point", "coordinates": [ -79.99555348, 40.41395183 ] } },
{ "type": "Feature", "properties": { "_id": 256, "id": "342442837", "parcel_id": "14-N-258", "inactive": "False", "name": "Public Works 4th Division Storage Shed", "rentable": false, "type": "STORAGE", "primary_user": "DEPARTMENT OF PUBLIC WORKS", "address_number": "414", "street": "BAUSMAN ST", "zip": "15210", "image": "https://tools.wprdc.org/images/pittsburgh/facilities/Public_Works_4th_Division_Storage_Shed.jpg", "neighborhood": "Knoxville", "council_district": "3", "ward": "30", "tract": "42003300100", "public_works_division": "5", "pli_division": "30", "police_zone": "3", "fire_zone": "4-7", "latitude": 40.41400797, "longitude": -79.99590761 }, "geometry": { "type": "Point", "coordinates": [ -79.99590761, 40.41400797 ] } },
{ "type": "Feature", "properties": { "_id": 257, "id": "1103244156", "parcel_id": "19-E-214", "inactive": "False", "name": "Public Works 5th Division Main building", "rentable": false, "type": "Service", "primary_user": "Department of Public Works", "address_number": "1330", "street": "HASSLER ST", "zip": "15220", "image": null, "neighborhood": "Elliott", "council_district": "2", "ward": "20", "tract": "42003562600", "public_works_division": "5", "pli_division": "20", "police_zone": "6", "fire_zone": "1-17", "latitude": 40.43951981, "longitude": -80.0465775 }, "geometry": { "type": "Point", "coordinates": [ -80.0465775, 40.43951981 ] } },
{ "type": "Feature", "properties": { "_id": 258, "id": "895641050", "parcel_id": "19-E-214", "inactive": "False", "name": "Public Works 5th Division Recycling Drop Off Center", "rentable": false, "type": "Recycling", "primary_user": "Department of Public Works", "address_number": "1330", "street": "HASSLER ST", "zip": "15206", "image": "https://tools.wprdc.org/images/pittsburgh/facilities/Public_Works_5th_Division_Recycling_Drop_Off_Center.jpg", "neighborhood": "Elliott", "council_district": "2", "ward": "20", "tract": "42003562600", "public_works_division": "5", "pli_division": "20", "police_zone": "6", "fire_zone": "1-17", "latitude": 40.43920724, "longitude": -80.04546638 }, "geometry": { "type": "Point", "coordinates": [ -80.04546638, 40.43920724 ] } },
{ "type": "Feature", "properties": { "_id": 259, "id": "1089204076", "parcel_id": "19-E-214", "inactive": "False", "name": "Public Works 5th Division Salt Dome", "rentable": false, "type": "Salt Dome", "primary_user": "Department of Public Works", "address_number": "1330", "street": "HASSLER ST", "zip": "15204", "image": "https://tools.wprdc.org/images/pittsburgh/facilities/Public_Works_5th_Division_Salt_Dome.jpg", "neighborhood": "Elliott", "council_district": "2", "ward": "20", "tract": "42003562600", "public_works_division": "5", "pli_division": "20", "police_zone": "6", "fire_zone": "1-17", "latitude": 40.43985464, "longitude": -80.04484185 }, "geometry": { "type": "Point", "coordinates": [ -80.04484185, 40.43985464 ] } },
{ "type": "Feature", "properties": { "_id": 260, "id": "762780327", "parcel_id": "5-L-207-0-1", "inactive": "False", "name": "Public Works 5th Division Salt Dome Saw Mill Run", "rentable": false, "type": "Salt Dome", "primary_user": "Department of Public Works", "address_number": "978", "street": "SAW MILL RUN BLVD", "zip": "15220", "image": "https://tools.wprdc.org/images/pittsburgh/facilities/Public_Works_5th_Division_Salt_Dome_Saw_Mill_Run.jpg", "neighborhood": "Duquesne Heights", "council_district": "2", "ward": "20", "tract": "42003191100", "public_works_division": "5", "pli_division": "20", "police_zone": "3", "fire_zone": "4-1", "latitude": 40.42623025, "longitude": -80.02134647 }, "geometry": { "type": "Point", "coordinates": [ -80.02134647, 40.42623025 ] } },
{ "type": "Feature", "properties": { "_id": 261, "id": "718645236", "parcel_id": "5-L-186", "inactive": "False", "name": "Public Works 5th Division Saw Mill Run Building", "rentable": false, "type": "Service", "primary_user": "Department of Public Works", "address_number": "1000", "street": "SAW MILL RUN BLVD", "zip": "15220", "image": "https://tools.wprdc.org/images/pittsburgh/facilities/Public_Works_5th_Division_Saw_Mill_Run_Building.jpg", "neighborhood": "Duquesne Heights", "council_district": "2", "ward": "20", "tract": "42003191100", "public_works_division": "5", "pli_division": "20", "police_zone": "3", "fire_zone": "4-1", "latitude": 40.42644088, "longitude": -80.02169742 }, "geometry": { "type": "Point", "coordinates": [ -80.02169742, 40.42644088 ] } },
{ "type": "Feature", "properties": { "_id": 262, "id": "1942377596", "parcel_id": "25-K-38", "inactive": "False", "name": "Public Works 6th Division and Heavy Equipment Division Building", "rentable": false, "type": "Service", "primary_user": "Department of Public Works", "address_number": "74", "street": "28TH ST", "zip": "15222", "image": "https://tools.wprdc.org/images/pittsburgh/facilities/Public_Works_6th_Division_and_Heavy_Equipment_Division_Building.jpg", "neighborhood": "Strip District", "council_district": "7", "ward": "6", "tract": "42003020300", "public_works_division": "6", "pli_division": "6", "police_zone": "2", "fire_zone": "2-25", "latitude": 40.45745921, "longitude": -79.97697246 }, "geometry": { "type": "Point", "coordinates": [ -79.97697246, 40.45745921 ] } },
{ "type": "Feature", "properties": { "_id": 263, "id": "618886139", "parcel_id": "2-K-135", "inactive": "False", "name": "Public Works Administration Building", "rentable": false, "type": "Office", "primary_user": "Department of Finance", "address_number": "611", "street": "SECOND AVE", "zip": "15222", "image": "https://tools.wprdc.org/images/pittsburgh/facilities/Public_Works_Administration_Building.jpg", "neighborhood": "Central Business District", "council_district": "6", "ward": "1", "tract": "42003020100", "public_works_division": "6", "pli_division": "1", "police_zone": "2", "fire_zone": "1-4", "latitude": 40.43608241, "longitude": -79.99524548 }, "geometry": { "type": "Point", "coordinates": [ -79.99524548, 40.43608241 ] } },
{ "type": "Feature", "properties": { "_id": 264, "id": "690592919", "parcel_id": "27-D-35", "inactive": "False", "name": "DOMI Asphalt Division Building", "rentable": false, "type": "Service", "primary_user": "Department of Mobility and Infrastructure", "address_number": "4501", "street": "CENTRE AVE", "zip": null, "image": "https://tools.wprdc.org/images/pittsburgh/facilities/DOMI_Asphalt_Division_Building.jpg", "neighborhood": "North Oakland", "council_district": "6", "ward": "5", "tract": "42003562000", "public_works_division": "3", "pli_division": "5", "police_zone": "4", "fire_zone": "2-23", "latitude": 40.45201736, "longitude": -79.95330831 }, "geometry": { "type": "Point", "coordinates": [ -79.95330831, 40.45201736 ] } },
{ "type": "Feature", "properties": { "_id": 265, "id": "1812966140", "parcel_id": "27-D-35", "inactive": "False", "name": "DOMI Asphalt Division Storage Building", "rentable": false, "type": "Storage", "primary_user": "Department of Public Works", "address_number": "450112", "street": "CENTRE AVE", "zip": null, "image": "https://tools.wprdc.org/images/pittsburgh/facilities/DOMI_Asphalt_Division_Storage_Building.jpg", "neighborhood": "North Oakland", "council_district": "6", "ward": "5", "tract": "42003562000", "public_works_division": "3", "pli_division": "5", "police_zone": "4", "fire_zone": "2-23", "latitude": 40.4522354, "longitude": -79.95347121 }, "geometry": { "type": "Point", "coordinates": [ -79.95347121, 40.4522354 ] } },
{ "type": "Feature", "properties": { "_id": 266, "id": "559166533", "parcel_id": "120-D-50", "inactive": "False", "name": "Public Works Construction Division Building", "rentable": false, "type": "Service", "primary_user": "Department of Public Works", "address_number": "6300", "street": "AVRR", "zip": "15201", "image": "https://tools.wprdc.org/images/pittsburgh/facilities/Public_Works_Construction_Division_Building.jpg", "neighborhood": "Morningside", "council_district": "7", "ward": "10", "tract": "42003101400", "public_works_division": "2", "pli_division": "10", "police_zone": "5", "fire_zone": "3-7", "latitude": 40.48988087, "longitude": -79.93590324 }, "geometry": { "type": "Point", "coordinates": [ -79.93590324, 40.48988087 ] } },
{ "type": "Feature", "properties": { "_id": 267, "id": "1729219776", "parcel_id": "25-B-15", "inactive": "False", "name": "Public Works Environmental Services Recycling Drop Off Building", "rentable": false, "type": "Office", "primary_user": "Department of Public Works", "address_number": "NA", "street": "RAILROAD ST", "zip": null, "image": "https://tools.wprdc.org/images/pittsburgh/facilities/Public_Works_Environmental_Services_Recycling_Drop_Off_Building.jpg", "neighborhood": "Strip District", "council_district": "7", "ward": "6", "tract": "42003020300", "public_works_division": "6", "pli_division": "6", "police_zone": "2", "fire_zone": "3-2", "latitude": 40.46107069, "longitude": -79.97325501 }, "geometry": { "type": "Point", "coordinates": [ -79.97325501, 40.46107069 ] } },
{ "type": "Feature", "properties": { "_id": 268, "id": "1905214276", "parcel_id": "25-B-15", "inactive": "False", "name": "Public Works Environmental Services Trailer 1", "rentable": false, "type": "Office", "primary_user": "Department of Public Works", "address_number": "3075", "street": "RAILROAD ST", "zip": null, "image": "https://tools.wprdc.org/images/pittsburgh/facilities/Public_Works_Environmental_Services_Trailer_1.jpg", "neighborhood": "Strip District", "council_district": "7", "ward": "6", "tract": "42003020300", "public_works_division": "6", "pli_division": "6", "police_zone": "2", "fire_zone": "3-2", "latitude": 40.46109518, "longitude": -79.97337226 }, "geometry": { "type": "Point", "coordinates": [ -79.97337226, 40.46109518 ] } },
{ "type": "Feature", "properties": { "_id": 269, "id": "1888734285", "parcel_id": "11-E-85", "inactive": "False", "name": "Public Works Facilities Division Building", "rentable": false, "type": "Service", "primary_user": "Department of Public Works", "address_number": "1807", "street": "FIFTH AVE", "zip": "15219", "image": "https://tools.wprdc.org/images/pittsburgh/facilities/Public_Works_Facilities_Division_Building.jpg", "neighborhood": "Crawford-Roberts", "council_district": "6", "ward": "3", "tract": "42003030500", "public_works_division": "3", "pli_division": "3", "police_zone": "2", "fire_zone": "2-1", "latitude": 40.43870536, "longitude": -79.98031529 }, "geometry": { "type": "Point", "coordinates": [ -79.98031529, 40.43870536 ] } },
{ "type": "Feature", "properties": { "_id": 270, "id": "1513172118", "parcel_id": "82-H-1-0-2", "inactive": "False", "name": "Public Works Forestry Building", "rentable": false, "type": "Service", "primary_user": "Department of Public Works", "address_number": "6520", "street": "STANTON AVE", "zip": "15206", "image": "https://tools.wprdc.org/images/pittsburgh/facilities/Public_Works_Forestry_Building.jpg", "neighborhood": "Highland Park", "council_district": "9", "ward": "11", "tract": "42003980100", "public_works_division": "2", "pli_division": "11", "police_zone": "5", "fire_zone": "3-9", "latitude": 40.47189015, "longitude": -79.91090855 }, "geometry": { "type": "Point", "coordinates": [ -79.91090855, 40.47189015 ] } },
{ "type": "Feature", "properties": { "_id": 271, "id": "1211771847", "parcel_id": "82-H-1-0-2", "inactive": "False", "name": "Public Works Forestry Fuel Shed", "rentable": false, "type": "Utility", "primary_user": "Department of Public Works", "address_number": "6516", "street": "STANTON AVE", "zip": "15206", "image": "https://tools.wprdc.org/images/pittsburgh/facilities/Public_Works_Forestry_Fuel_Shed.jpg", "neighborhood": "Highland Park", "council_district": "9", "ward": "11", "tract": "42003980100", "public_works_division": "2", "pli_division": "11", "police_zone": "5", "fire_zone": "3-9", "latitude": 40.47167491, "longitude": -79.91025591 }, "geometry": { "type": "Point", "coordinates": [ -79.91025591, 40.47167491 ] } },
{ "type": "Feature", "properties": { "_id": 272, "id": "335914186", "parcel_id": "127-H-100-0-1", "inactive": "False", "name": "Public Works Frick Park Office Building", "rentable": false, "type": "Office", "primary_user": "Department of Public Works", "address_number": "1", "street": "ENGLISH LN", "zip": "15217", "image": "https://tools.wprdc.org/images/pittsburgh/facilities/Public_Works_Frick_Park_Office_Building.jpg", "neighborhood": "Squirrel Hill South", "council_district": "5", "ward": "14", "tract": "42003980300", "public_works_division": "3", "pli_division": "14", "police_zone": "4", "fire_zone": "2-21", "latitude": 40.42946905, "longitude": -79.91362531 }, "geometry": { "type": "Point", "coordinates": [ -79.91362531, 40.42946905 ] } },
{ "type": "Feature", "properties": { "_id": 273, "id": "5877242", "parcel_id": "127-H-100-0-1", "inactive": "False", "name": "Public Works Frick Park Service Building", "rentable": false, "type": "Service", "primary_user": "Department of Public Works", "address_number": "1", "street": "ENGLISH LN", "zip": "15217", "image": "https://tools.wprdc.org/images/pittsburgh/facilities/Public_Works_Frick_Park_Service_Building.jpg", "neighborhood": "Squirrel Hill South", "council_district": "5", "ward": "14", "tract": "42003980300", "public_works_division": "3", "pli_division": "14", "police_zone": "4", "fire_zone": "2-21", "latitude": 40.42928288, "longitude": -79.91320906 }, "geometry": { "type": "Point", "coordinates": [ -79.91320906, 40.42928288 ] } },
{ "type": "Feature", "properties": { "_id": 274, "id": "909154936", "parcel_id": "82-H-1-0-2", "inactive": "False", "name": "Public Works Heths Run Building", "rentable": false, "type": "Office", "primary_user": "Department of Public Works", "address_number": "NA", "street": "HETH'S RUN ACCESS RD", "zip": null, "image": "https://tools.wprdc.org/images/pittsburgh/facilities/Public_Works_Heths_Run_Building.jpg", "neighborhood": "Morningside", "council_district": "7", "ward": "10", "tract": "42003980100", "public_works_division": "2", "pli_division": "10", "police_zone": "5", "fire_zone": "3-7", "latitude": 40.48318124, "longitude": -79.92438751 }, "geometry": { "type": "Point", "coordinates": [ -79.92438751, 40.48318124 ] } },
{ "type": "Feature", "properties": { "_id": 275, "id": "1983926964", "parcel_id": "82-H-1-0-2", "inactive": "False", "name": "Public Works Heths Run Garage", "rentable": false, "type": "Storage", "primary_user": "Department of Public Works", "address_number": "NA", "street": "HETH'S RUN ACCESS RD", "zip": null, "image": "https://tools.wprdc.org/images/pittsburgh/facilities/Public_Works_Heths_Run_Garage.jpg", "neighborhood": "Highland Park", "council_district": "7", "ward": "10", "tract": "42003980100", "public_works_division": "2", "pli_division": "10", "police_zone": "5", "fire_zone": "3-7", "latitude": 40.48294885, "longitude": -79.92429899 }, "geometry": { "type": "Point", "coordinates": [ -79.92429899, 40.48294885 ] } },
{ "type": "Feature", "properties": { "_id": 276, "id": "483957301", "parcel_id": "82-H-1-0-2", "inactive": "False", "name": "Public Works Highland Park Service Building", "rentable": false, "type": "Service", "primary_user": "Department of Public Works", "address_number": "227", "street": "RESERVOIR DR", "zip": null, "image": "https://tools.wprdc.org/images/pittsburgh/facilities/Public_Works_Highland_Park_Service_Building.jpg", "neighborhood": "Highland Park", "council_district": "7", "ward": "11", "tract": "42003980100", "public_works_division": "2", "pli_division": "11", "police_zone": "5", "fire_zone": "3-9", "latitude": 40.47917745, "longitude": -79.91344716 }, "geometry": { "type": "Point", "coordinates": [ -79.91344716, 40.47917745 ] } },
{ "type": "Feature", "properties": { "_id": 277, "id": "329219284", "parcel_id": "34-D-20", "inactive": "False", "name": "Public Works McKinley Park Service Building", "rentable": false, "type": "Service", "primary_user": "Department of Public Works", "address_number": "901", "street": "GEARING AVE", "zip": "15210", "image": "https://tools.wprdc.org/images/pittsburgh/facilities/Public_Works_McKinley_Park_Service_Building.jpg", "neighborhood": "Beltzhoover", "council_district": "4", "ward": "18", "tract": "42003562400", "public_works_division": "5", "pli_division": "18", "police_zone": "3", "fire_zone": "4-16", "latitude": 40.41367411, "longitude": -80.00512545 }, "geometry": { "type": "Point", "coordinates": [ -80.00512545, 40.41367411 ] } },
{ "type": "Feature", "properties": { "_id": 278, "id": "2013361410", "parcel_id": "34-D-20", "inactive": "False", "name": "Public Works McKinley Park Storage Garages", "rentable": false, "type": "Storage", "primary_user": "Department of Public Works", "address_number": "903", "street": "GEARING AVE", "zip": "15210", "image": "https://tools.wprdc.org/images/pittsburgh/facilities/Public_Works_McKinley_Park_Storage_Garages.jpg", "neighborhood": "Beltzhoover", "council_district": "4", "ward": "18", "tract": "42003562400", "public_works_division": "5", "pli_division": "18", "police_zone": "3", "fire_zone": "4-16", "latitude": 40.41377039, "longitude": -80.00493095 }, "geometry": { "type": "Point", "coordinates": [ -80.00493095, 40.41377039 ] } },
{ "type": "Feature", "properties": { "_id": 279, "id": "1440215271", "parcel_id": "125-L-237-0-1", "inactive": "False", "name": "Public Works Recycling Office Trailer", "rentable": false, "type": "Office", "primary_user": "Department of Public Works", "address_number": "NA", "street": "HAMILTON AVE", "zip": null, "image": "https://tools.wprdc.org/images/pittsburgh/facilities/Public_Works_Recycling_Office_Trailer.jpg", "neighborhood": "Homewood West", "council_district": "9", "ward": "12", "tract": "42003120700", "public_works_division": "2", "pli_division": "12", "police_zone": "5", "fire_zone": "3-17", "latitude": 40.45589784, "longitude": -79.90561315 }, "geometry": { "type": "Point", "coordinates": [ -79.90561315, 40.45589784 ] } },
{ "type": "Feature", "properties": { "_id": 280, "id": "1744839019", "parcel_id": "57-B-175", "inactive": "False", "name": "Public Works Schenley Division Recycling Drop Off Center", "rentable": false, "type": "Recycling", "primary_user": "Department of Public Works", "address_number": "40", "street": "MELANCHTON ST", "zip": null, "image": "https://tools.wprdc.org/images/pittsburgh/facilities/Public_Works_Schenley_Division_Recycling_Drop_Off_Center.jpg", "neighborhood": "Hazelwood", "council_district": "5", "ward": "15", "tract": "42003562300", "public_works_division": "3", "pli_division": "15", "police_zone": "4", "fire_zone": "2-13", "latitude": 40.40367728, "longitude": -79.94275148 }, "geometry": { "type": "Point", "coordinates": [ -79.94275148, 40.40367728 ] } },
{ "type": "Feature", "properties": { "_id": 281, "id": "1170716930", "parcel_id": "57-B-175", "inactive": "False", "name": "Public Works Schenley Division Salt Dome 2", "rentable": false, "type": "Salt Dome", "primary_user": "Department of Public Works", "address_number": "40", "street": "MELANCHTON ST", "zip": null, "image": "https://tools.wprdc.org/images/pittsburgh/facilities/Public_Works_Schenley_Division_Salt_Dome_2.jpg", "neighborhood": "Hazelwood", "council_district": "5", "ward": "15", "tract": "42003562300", "public_works_division": "3", "pli_division": "15", "police_zone": "4", "fire_zone": "2-13", "latitude": 40.40266225, "longitude": -79.9426262 }, "geometry": { "type": "Point", "coordinates": [ -79.9426262, 40.40266225 ] } },
{ "type": "Feature", "properties": { "_id": 282, "id": "959811189", "parcel_id": "57-B-175", "inactive": "False", "name": "Public Works Schenley Park Division Salt Dome 1", "rentable": false, "type": "Salt Dome", "primary_user": "Department of Public Works", "address_number": "40", "street": "MELANCHTON ST", "zip": null, "image": "https://tools.wprdc.org/images/pittsburgh/facilities/Public_Works_Schenley_Park_Division_Salt_Dome_1.jpg", "neighborhood": "Hazelwood", "council_district": "5", "ward": "15", "tract": "42003562300", "public_works_division": "3", "pli_division": "15", "police_zone": "4", "fire_zone": "2-13", "latitude": 40.40274568, "longitude": -79.94241251 }, "geometry": { "type": "Point", "coordinates": [ -79.94241251, 40.40274568 ] } },
{ "type": "Feature", "properties": { "_id": 283, "id": "830920845", "parcel_id": "25-P-39", "inactive": "False", "name": "Traffic Division Storage Building", "rentable": false, "type": "Storage", "primary_user": "Department of Mobility and Infrastructure", "address_number": "2625", "street": "LIBERTY AVE", "zip": null, "image": "https://tools.wprdc.org/images/pittsburgh/facilities/Traffic_Division_Storage_Building.jpg", "neighborhood": "Strip District", "council_district": "7", "ward": "2", "tract": "42003020300", "public_works_division": "6", "pli_division": "2", "police_zone": "2", "fire_zone": "2-25", "latitude": 40.45534602, "longitude": -79.97695994 }, "geometry": { "type": "Point", "coordinates": [ -79.97695994, 40.45534602 ] } },
{ "type": "Feature", "properties": { "_id": 284, "id": "631746762", "parcel_id": "25-P-39", "inactive": "False", "name": "Traffic Division Building", "rentable": false, "type": "Service", "primary_user": "Department of Mobility and Infrastructure", "address_number": "2625", "street": "LIBERTY AVE", "zip": "15222", "image": "https://tools.wprdc.org/images/pittsburgh/facilities/Traffic_Division_Building.jpg", "neighborhood": "Strip District", "council_district": "7", "ward": "2", "tract": "42003020300", "public_works_division": "6", "pli_division": "2", "police_zone": "2", "fire_zone": "2-25", "latitude": 40.45485787, "longitude": -79.97744514 }, "geometry": { "type": "Point", "coordinates": [ -79.97744514, 40.45485787 ] } },
{ "type": "Feature", "properties": { "_id": 285, "id": "1728288665", "parcel_id": "25-K-38", "inactive": "False", "name": "Pulbic Works 6th Division Salt Dome", "rentable": false, "type": "Salt Dome", "primary_user": "Department of Public Works", "address_number": "2300", "street": "SMALLMAN ST", "zip": null, "image": "https://tools.wprdc.org/images/pittsburgh/facilities/Pulbic_Works_6th_Division_Salt_Dome.jpg", "neighborhood": "Strip District", "council_district": "7", "ward": "6", "tract": "42003020300", "public_works_division": "6", "pli_division": "6", "police_zone": "2", "fire_zone": "2-25", "latitude": 40.45705877, "longitude": -79.97756099 }, "geometry": { "type": "Point", "coordinates": [ -79.97756099, 40.45705877 ] } },
{ "type": "Feature", "properties": { "_id": 286, "id": "971759", "parcel_id": "13-E-160", "inactive": "False", "name": "Quarry Street Field Building", "rentable": false, "type": "Utility", "primary_user": "CitiParks", "address_number": "NA", "street": "ST PATRICK ST", "zip": "15210", "image": "https://tools.wprdc.org/images/pittsburgh/facilities/Quarry_Street_Field_Building.jpg", "neighborhood": "South Side Slopes", "council_district": "3", "ward": "17", "tract": "42003170600", "public_works_division": "3", "pli_division": "17", "police_zone": "3", "fire_zone": "4-22", "latitude": 40.42040704, "longitude": -79.98125613000001 }, "geometry": { "type": "Point", "coordinates": [ -79.98125613, 40.42040704 ] } },
{ "type": "Feature", "properties": { "_id": 287, "id": "1576295173", "parcel_id": "13-E-160", "inactive": "False", "name": "Quarry Street Picnic Shelter", "rentable": false, "type": "Shelter", "primary_user": "Department of Public Works", "address_number": "NA", "street": "ST PATRICK ST", "zip": "15210", "image": "https://tools.wprdc.org/images/pittsburgh/facilities/Quarry_Street_Picnic_Shelter.jpg", "neighborhood": "South Side Slopes", "council_district": "3", "ward": "17", "tract": "42003170600", "public_works_division": "3", "pli_division": "17", "police_zone": "3", "fire_zone": "4-22", "latitude": 40.42029158, "longitude": -79.98120804 }, "geometry": { "type": "Point", "coordinates": [ -79.98120804, 40.42029158 ] } },
{ "type": "Feature", "properties": { "_id": 288, "id": "1235568677", "parcel_id": "013-E-016", "inactive": "False", "name": "Quarry Street Storage Shed", "rentable": false, "type": "Storage", "primary_user": "CitiParks", "address_number": "NA", "street": "ST PATRICK ST", "zip": "15210", "image": "https://tools.wprdc.org/images/pittsburgh/facilities/Quarry_Street_Storage_Shed.jpg", "neighborhood": "South Side Slopes", "council_district": "3", "ward": "17", "tract": "42003170600", "public_works_division": "3", "pli_division": "17", "police_zone": "3", "fire_zone": "4-22", "latitude": 40.42066817, "longitude": -79.98094961 }, "geometry": { "type": "Point", "coordinates": [ -79.98094961, 40.42066817 ] } },
{ "type": "Feature", "properties": { "_id": 289, "id": "1892053192", "parcel_id": "4-A-245", "inactive": "False", "name": "Ream Pool Building and Recreation Center", "rentable": false, "type": "Pool", "primary_user": "CitiParks", "address_number": "321", "street": "MERRIMAC ST", "zip": "15211", "image": "https://tools.wprdc.org/images/pittsburgh/facilities/Ream_Pool_Building_and_Recreation_Center.jpg", "neighborhood": "Mount Washington", "council_district": "2", "ward": "19", "tract": "42003190300", "public_works_division": "5", "pli_division": "19", "police_zone": "3", "fire_zone": "4-1", "latitude": 40.43096473, "longitude": -80.01348232 }, "geometry": { "type": "Point", "coordinates": [ -80.01348232, 40.43096473 ] } },
{ "type": "Feature", "properties": { "_id": 290, "id": "293420542", "parcel_id": null, "inactive": "False", "name": "River Safety Boathouse", "rentable": false, "type": "Medic Station", "primary_user": "Department of Public Safety", "address_number": "1", "street": "FEDERAL ST", "zip": "15212", "image": "https://tools.wprdc.org/images/pittsburgh/facilities/River_Safety_Boathouse.jpg", "neighborhood": null, "council_district": "1", "ward": null, "tract": "42003981200", "public_works_division": null, "pli_division": null, "police_zone": null, "fire_zone": null, "latitude": 40.44616152, "longitude": -80.00417896 }, "geometry": { "type": "Point", "coordinates": [ -80.00417896, 40.44616152 ] } },
{ "type": "Feature", "properties": { "_id": 291, "id": "1410901065", "parcel_id": "76-D-1-0-2", "inactive": "False", "name": "Riverview Park Activities Building", "rentable": true, "type": "Shelter", "primary_user": "Department of Public Works", "address_number": "260", "street": "RIVERVIEW DR", "zip": "15214", "image": "https://tools.wprdc.org/images/pittsburgh/facilities/Riverview_Park_Activities_Building.jpg", "neighborhood": "Perry North", "council_district": "1", "ward": "26", "tract": "42003980400", "public_works_division": "1", "pli_division": "26", "police_zone": "1", "fire_zone": "1-15", "latitude": 40.48074637, "longitude": -80.0176312 }, "geometry": { "type": "Point", "coordinates": [ -80.0176312, 40.48074637 ] } },
{ "type": "Feature", "properties": { "_id": 292, "id": "871950476", "parcel_id": "76-D-1-0-2", "inactive": "False", "name": "Riverview Park Bus Shelter at Delaware St", "rentable": false, "type": "Shelter", "primary_user": "Department of Public Works", "address_number": "NA", "street": "PERRYSVILLE AVE", "zip": null, "image": "https://tools.wprdc.org/images/pittsburgh/facilities/Riverview_Park_Bus_Shelter_at_Delaware_St.jpg", "neighborhood": "Perry North", "council_district": "1", "ward": "26", "tract": "42003980400", "public_works_division": "1", "pli_division": "26", "police_zone": "1", "fire_zone": "1-15", "latitude": 40.47991085, "longitude": -80.01217222 }, "geometry": { "type": "Point", "coordinates": [ -80.01217222, 40.47991085 ] } },
{ "type": "Feature", "properties": { "_id": 293, "id": "1876518796", "parcel_id": "76-D-1-0-2", "inactive": "False", "name": "Riverview Park Centennial Shelter", "rentable": false, "type": "Shelter", "primary_user": "Department of Public Works", "address_number": "NA", "street": "RIVERVIEW AVE", "zip": null, "image": "https://tools.wprdc.org/images/pittsburgh/facilities/Riverview_Park_Centennial_Shelter.jpg", "neighborhood": "Perry North", "council_district": "1", "ward": "26", "tract": "42003980400", "public_works_division": "1", "pli_division": "26", "police_zone": "1", "fire_zone": "1-15", "latitude": 40.48032408, "longitude": -80.01953055 }, "geometry": { "type": "Point", "coordinates": [ -80.01953055, 40.48032408 ] } },
{ "type": "Feature", "properties": { "_id": 294, "id": "1059695611", "parcel_id": "76-D-1-0-2", "inactive": "False", "name": "Riverview Park Chapel", "rentable": true, "type": "Shelter", "primary_user": "Department of Public Works", "address_number": "NA", "street": "RIVERVIEW DR", "zip": "15214", "image": "https://tools.wprdc.org/images/pittsburgh/facilities/Riverview_Park_Chapel.jpg", "neighborhood": "Perry North", "council_district": "1", "ward": "26", "tract": "42003980400", "public_works_division": "1", "pli_division": "26", "police_zone": "1", "fire_zone": "1-15", "latitude": 40.47860674, "longitude": -80.01978244 }, "geometry": { "type": "Point", "coordinates": [ -80.01978244, 40.47860674 ] } },
{ "type": "Feature", "properties": { "_id": 295, "id": "1705831529", "parcel_id": "76-D-1-0-2", "inactive": "False", "name": "Riverview Park Locust Shelter", "rentable": true, "type": "Shelter", "primary_user": "Department of Public Works", "address_number": "NA", "street": "RIVERVIEW AVE", "zip": null, "image": "https://tools.wprdc.org/images/pittsburgh/facilities/Riverview_Park_Locust_Shelter.jpg", "neighborhood": "Perry North", "council_district": "1", "ward": "26", "tract": "42003980400", "public_works_division": "1", "pli_division": "26", "police_zone": "1", "fire_zone": "1-15", "latitude": 40.48526111, "longitude": -80.02218988 }, "geometry": { "type": "Point", "coordinates": [ -80.02218988, 40.48526111 ] } },
{ "type": "Feature", "properties": { "_id": 296, "id": "914311806", "parcel_id": null, "inactive": "False", "name": "Riverview Park Perrysville Ave Bus Shelter", "rentable": false, "type": "Shelter", "primary_user": "Department of Public Works", "address_number": "NA", "street": "PERRYSVILLE AVE", "zip": null, "image": "https://tools.wprdc.org/images/pittsburgh/facilities/Riverview_Park_Perrysville_Ave_Bus_Shelter.jpg", "neighborhood": "Perry North", "council_district": "1", "ward": "26", "tract": "42003260700", "public_works_division": "1", "pli_division": "26", "police_zone": "1", "fire_zone": "1-15", "latitude": 40.48393754, "longitude": -80.01343293 }, "geometry": { "type": "Point", "coordinates": [ -80.01343293, 40.48393754 ] } },
{ "type": "Feature", "properties": { "_id": 297, "id": "1318286666", "parcel_id": "115-C-341", "inactive": "False", "name": "Riverview Park Soccer Field Restrooms", "rentable": false, "type": "Restrooms", "primary_user": "Department of Public Works", "address_number": "139", "street": "MAIRDALE AVE", "zip": null, "image": "https://tools.wprdc.org/images/pittsburgh/facilities/Riverview_Park_Soccer_Field_Restrooms.jpg", "neighborhood": "Perry North", "council_district": "1", "ward": "26", "tract": "42003980400", "public_works_division": "1", "pli_division": "26", "police_zone": "1", "fire_zone": "1-15", "latitude": 40.48957124, "longitude": -80.02057602 }, "geometry": { "type": "Point", "coordinates": [ -80.02057602, 40.48957124 ] } },
{ "type": "Feature", "properties": { "_id": 298, "id": "1842530592", "parcel_id": "76-D-1-0-2", "inactive": "False", "name": "Riverview Park Valley Refuge Picnic Shelter", "rentable": true, "type": "Shelter", "primary_user": "Department of Public Works", "address_number": "NA", "street": "RIVERVIEW DR", "zip": "15214", "image": "https://tools.wprdc.org/images/pittsburgh/facilities/Riverview_Park_Valley_Refuge_Picnic_Shelter.jpg", "neighborhood": "Perry North", "council_district": "1", "ward": "26", "tract": "42003980400", "public_works_division": "1", "pli_division": "26", "police_zone": "1", "fire_zone": "1-15", "latitude": 40.47934885, "longitude": -80.01540822 }, "geometry": { "type": "Point", "coordinates": [ -80.01540822, 40.47934885 ] } },
{ "type": "Feature", "properties": { "_id": 299, "id": "277316717", "parcel_id": "76-D-1-0-2", "inactive": "False", "name": "Riverview Park Welcome Center", "rentable": false, "type": "Service", "primary_user": "CitiParks", "address_number": "158", "street": "RIVERVIEW AVE", "zip": null, "image": "https://tools.wprdc.org/images/pittsburgh/facilities/Riverview_Park_Welcome_Center.jpg", "neighborhood": "Perry North", "council_district": "1", "ward": "26", "tract": "42003980400", "public_works_division": "1", "pli_division": "26", "police_zone": "1", "fire_zone": "1-15", "latitude": 40.48299933, "longitude": -80.01843057000001 }, "geometry": { "type": "Point", "coordinates": [ -80.01843057, 40.48299933 ] } },
{ "type": "Feature", "properties": { "_id": 300, "id": "706706328", "parcel_id": "76-D-1-0-2", "inactive": "False", "name": "Riverview Park Wissahickon Office Building", "rentable": false, "type": "Office", "primary_user": "Department of Public Works", "address_number": "NA", "street": "RIVERVIEW AVE", "zip": null, "image": "https://tools.wprdc.org/images/pittsburgh/facilities/Riverview_Park_Wissahickon_Office_Building.jpg", "neighborhood": "Perry North", "council_district": "1", "ward": "26", "tract": "42003980400", "public_works_division": "1", "pli_division": "26", "police_zone": "1", "fire_zone": "1-15", "latitude": 40.48026491, "longitude": -80.01829768 }, "geometry": { "type": "Point", "coordinates": [ -80.01829768, 40.48026491 ] } },
{ "type": "Feature", "properties": { "_id": 301, "id": "1239123491", "parcel_id": "76-D-1-0-2", "inactive": "False", "name": "Riverview Playground Shelter", "rentable": false, "type": "Shelter", "primary_user": "Department of Public Works", "address_number": "NA", "street": "RIVERVIEW AVE", "zip": null, "image": "https://tools.wprdc.org/images/pittsburgh/facilities/Riverview_Playground_Shelter.jpg", "neighborhood": "Perry North", "council_district": "1", "ward": "26", "tract": "42003980400", "public_works_division": "1", "pli_division": "26", "police_zone": "1", "fire_zone": "1-15", "latitude": 40.4813344, "longitude": -80.01784555 }, "geometry": { "type": "Point", "coordinates": [ -80.01784555, 40.4813344 ] } },
{ "type": "Feature", "properties": { "_id": 302, "id": "829472361", "parcel_id": "76-D-1-0-2", "inactive": "False", "name": "Riverview Pool Building", "rentable": false, "type": "Pool", "primary_user": "CitiParks", "address_number": "400", "street": "RIVERVIEW DR", "zip": "15214", "image": "https://tools.wprdc.org/images/pittsburgh/facilities/Riverview_Pool_Building.jpg", "neighborhood": "Perry North", "council_district": "1", "ward": "26", "tract": "42003980400", "public_works_division": "1", "pli_division": "26", "police_zone": "1", "fire_zone": "1-15", "latitude": 40.47971734, "longitude": -80.01817492000001 }, "geometry": { "type": "Point", "coordinates": [ -80.01817492, 40.47971734 ] } },
{ "type": "Feature", "properties": { "_id": 303, "id": "777435376", "parcel_id": "76-D-1-0-2", "inactive": "False", "name": "Riverview Watson Cabin", "rentable": false, "type": "Cabin", "primary_user": "CitiParks", "address_number": "NA", "street": null, "zip": null, "image": "https://tools.wprdc.org/images/pittsburgh/facilities/Riverview_Watson_Cabin.jpg", "neighborhood": "Perry North", "council_district": "1", "ward": "26", "tract": "42003980400", "public_works_division": "1", "pli_division": "26", "police_zone": "1", "fire_zone": "1-15", "latitude": 40.48490126, "longitude": -80.02346606 }, "geometry": { "type": "Point", "coordinates": [ -80.02346606, 40.48490126 ] } },
{ "type": "Feature", "properties": { "_id": 304, "id": "1799791498", "parcel_id": "26-P-250", "inactive": "False", "name": "Robert E Williams Recreation Center", "rentable": false, "type": "Rec Center", "primary_user": "CitiParks", "address_number": "3438", "street": "MILWAUKEE ST", "zip": "15219", "image": "https://tools.wprdc.org/images/pittsburgh/facilities/Robert_E_Williams_Recreation_Center.jpg", "neighborhood": "Upper Hill", "council_district": "6", "ward": "5", "tract": "42003050600", "public_works_division": "3", "pli_division": "5", "police_zone": "2", "fire_zone": "2-22", "latitude": 40.45479295, "longitude": -79.95988514 }, "geometry": { "type": "Point", "coordinates": [ -79.95988514, 40.45479295 ] } },
{ "type": "Feature", "properties": { "_id": 305, "id": "1004829475", "parcel_id": "96-G-1", "inactive": "False", "name": "Sam Bryen Field 1 First Base Dugout", "rentable": false, "type": "Dugout", "primary_user": "Department of Public Works", "address_number": "1400", "street": "OAKRIDGE ST", "zip": null, "image": "https://tools.wprdc.org/images/pittsburgh/facilities/Sam_Bryen_Field_1_First_Base_Dugout.jpg", "neighborhood": "Brookline", "council_district": "4", "ward": "32", "tract": "42003320600", "public_works_division": "5", "pli_division": "32", "police_zone": "6", "fire_zone": "4-25", "latitude": 40.38958644, "longitude": -80.00695567 }, "geometry": { "type": "Point", "coordinates": [ -80.00695567, 40.38958644 ] } },
{ "type": "Feature", "properties": { "_id": 306, "id": "1499156350", "parcel_id": "96-G-1", "inactive": "False", "name": "Sam Bryen Field 1 Third Base Dugout", "rentable": false, "type": "Dugout", "primary_user": "Department of Public Works", "address_number": "1400", "street": "OAKRIDGE ST", "zip": null, "image": "https://tools.wprdc.org/images/pittsburgh/facilities/Sam_Bryen_Field_1_Third_Base_Dugout.jpg", "neighborhood": "Brookline", "council_district": "4", "ward": "32", "tract": "42003320600", "public_works_division": "5", "pli_division": "32", "police_zone": "6", "fire_zone": "4-25", "latitude": 40.38963295, "longitude": -80.00713541 }, "geometry": { "type": "Point", "coordinates": [ -80.00713541, 40.38963295 ] } },
{ "type": "Feature", "properties": { "_id": 307, "id": "955932476", "parcel_id": "96-G-1", "inactive": "False", "name": "Sam Bryen Field 2 First Base Dugout", "rentable": false, "type": "Dugout", "primary_user": "Department of Public Works", "address_number": "1400", "street": "OAKRIDGE ST", "zip": null, "image": "https://tools.wprdc.org/images/pittsburgh/facilities/Sam_Bryen_Field_2_First_Base_Dugout.jpg", "neighborhood": "Brookline", "council_district": "4", "ward": "32", "tract": "42003320600", "public_works_division": "5", "pli_division": "32", "police_zone": "6", "fire_zone": "4-25", "latitude": 40.38932349, "longitude": -80.00690098 }, "geometry": { "type": "Point", "coordinates": [ -80.00690098, 40.38932349 ] } },
{ "type": "Feature", "properties": { "_id": 308, "id": "990042404", "parcel_id": "96-G-1", "inactive": "False", "name": "Sam Bryen Field 2 Third Base Dugout", "rentable": false, "type": "Dugout", "primary_user": "Department of Public Works", "address_number": "1400", "street": "OAKRIDGE ST", "zip": null, "image": "https://tools.wprdc.org/images/pittsburgh/facilities/Sam_Bryen_Field_2_Third_Base_Dugout.jpg", "neighborhood": "Brookline", "council_district": "4", "ward": "32", "tract": "42003320600", "public_works_division": "5", "pli_division": "32", "police_zone": "6", "fire_zone": "4-25", "latitude": 40.38947673, "longitude": -80.00690017 }, "geometry": { "type": "Point", "coordinates": [ -80.00690017, 40.38947673 ] } },
{ "type": "Feature", "properties": { "_id": 309, "id": "198245921", "parcel_id": "27-S-150-0-1", "inactive": "False", "name": "Schenley Camp David Lawrence Cabin", "rentable": false, "type": "Cabin", "primary_user": "Department of Public Works", "address_number": "10301", "street": "OVERLOOK DR", "zip": "15217", "image": "https://tools.wprdc.org/images/pittsburgh/facilities/Schenley_Camp_David_Lawrence_Cabin.jpg", "neighborhood": "Squirrel Hill South", "council_district": "5", "ward": "14", "tract": "42003980500", "public_works_division": "3", "pli_division": "14", "police_zone": "4", "fire_zone": "2-8", "latitude": 40.43291025, "longitude": -79.94574356 }, "geometry": { "type": "Point", "coordinates": [ -79.94574356, 40.43291025 ] } },
{ "type": "Feature", "properties": { "_id": 310, "id": "1374698838", "parcel_id": "27-S-150-0-1", "inactive": "False", "name": "Schenley Neal House Log Cabin", "rentable": false, "type": "Cabin", "primary_user": "CitiParks", "address_number": "NA", "street": "E CIRCUIT RD", "zip": "15217", "image": "https://tools.wprdc.org/images/pittsburgh/facilities/Schenley_Neal_House_Log_Cabin.jpg", "neighborhood": "Squirrel Hill South", "council_district": "5", "ward": "14", "tract": "42003980500", "public_works_division": "3", "pli_division": "14", "police_zone": "4", "fire_zone": "2-8", "latitude": 40.43586245, "longitude": -79.93561658 }, "geometry": { "type": "Point", "coordinates": [ -79.93561658, 40.43586245 ] } },
{ "type": "Feature", "properties": { "_id": 311, "id": "1156269189", "parcel_id": "27-S-150-0-1", "inactive": "False", "name": "Schenley Park Anderson Shelter", "rentable": true, "type": "Shelter", "primary_user": "Department of Public Works", "address_number": "NA", "street": "BLVD OF THE ALLIES", "zip": null, "image": "https://tools.wprdc.org/images/pittsburgh/facilities/Schenley_Park_Anderson_Shelter.jpg", "neighborhood": "Squirrel Hill South", "council_district": "5", "ward": "14", "tract": "42003980500", "public_works_division": "3", "pli_division": "14", "police_zone": "4", "fire_zone": "2-8", "latitude": 40.43548325, "longitude": -79.947907 }, "geometry": { "type": "Point", "coordinates": [ -79.947907, 40.43548325 ] } },
{ "type": "Feature", "properties": { "_id": 312, "id": "787656445", "parcel_id": "27-S-150-0-1", "inactive": "False", "name": "Schenley Park Bartlett Shelter", "rentable": true, "type": "Shelter", "primary_user": "Department of Public Works", "address_number": "NA", "street": "BARTLETT RD", "zip": "15217", "image": "https://tools.wprdc.org/images/pittsburgh/facilities/Schenley_Park_Bartlett_Shelter.jpg", "neighborhood": "Squirrel Hill South", "council_district": "5", "ward": "14", "tract": "42003980500", "public_works_division": "3", "pli_division": "14", "police_zone": "4", "fire_zone": "2-8", "latitude": 40.43348374, "longitude": -79.93593724 }, "geometry": { "type": "Point", "coordinates": [ -79.93593724, 40.43348374 ] } },
{ "type": "Feature", "properties": { "_id": 313, "id": "1818403143", "parcel_id": "27-S-150-0-1", "inactive": "False", "name": "Schenley Park Camp David Lawrence Shelter", "rentable": true, "type": "Shelter", "primary_user": "Department of Public Works", "address_number": "NA", "street": "OVERLOOK DR", "zip": "15217", "image": "https://tools.wprdc.org/images/pittsburgh/facilities/Schenley_Park_Camp_David_Lawrence_Shelter.jpg", "neighborhood": "Squirrel Hill South", "council_district": "5", "ward": "14", "tract": "42003980500", "public_works_division": "3", "pli_division": "14", "police_zone": "4", "fire_zone": "2-8", "latitude": 40.43295165, "longitude": -79.94544041 }, "geometry": { "type": "Point", "coordinates": [ -79.94544041, 40.43295165 ] } },
{ "type": "Feature", "properties": { "_id": 314, "id": "905005541", "parcel_id": "27-S-150-0-1", "inactive": "False", "name": "Schenley Park Golf Course Clubhouse", "rentable": false, "type": "Activity", "primary_user": "CitiParks", "address_number": "5370", "street": "SCHENLEY DR", "zip": null, "image": "https://tools.wprdc.org/images/pittsburgh/facilities/Schenley_Park_Golf_Course_Clubhouse.jpg", "neighborhood": "Squirrel Hill North", "council_district": "5", "ward": "14", "tract": "42003140100", "public_works_division": "3", "pli_division": "14", "police_zone": "4", "fire_zone": "2-8", "latitude": 40.43836986, "longitude": -79.9345879 }, "geometry": { "type": "Point", "coordinates": [ -79.9345879, 40.43836986 ] } },
{ "type": "Feature", "properties": { "_id": 315, "id": "83085817", "parcel_id": "27-S-150-0-1", "inactive": "False", "name": "Schenley Park Golf Course Maintenance Building", "rentable": false, "type": "Service", "primary_user": "CitiParks", "address_number": "5087", "street": "E CIRCUIT RD", "zip": null, "image": "https://tools.wprdc.org/images/pittsburgh/facilities/Schenley_Park_Golf_Course_Maintenance_Building.jpg", "neighborhood": "Squirrel Hill South", "council_district": "5", "ward": "14", "tract": "42003980500", "public_works_division": "3", "pli_division": "14", "police_zone": "4", "fire_zone": "2-8", "latitude": 40.4356273, "longitude": -79.93720156000001 }, "geometry": { "type": "Point", "coordinates": [ -79.93720156, 40.4356273 ] } },
{ "type": "Feature", "properties": { "_id": 316, "id": "855401615", "parcel_id": "27-S-150-0-1", "inactive": "False", "name": "Schenley Park Oval Restrooms", "rentable": false, "type": "Restrooms", "primary_user": "CitiParks", "address_number": "NA", "street": "OVERLOOK DR", "zip": "15217", "image": "https://tools.wprdc.org/images/pittsburgh/facilities/Schenley_Park_Oval_Restrooms.jpg", "neighborhood": "Squirrel Hill South", "council_district": "5", "ward": "14", "tract": "42003980500", "public_works_division": "3", "pli_division": "14", "police_zone": "4", "fire_zone": "2-8", "latitude": 40.43148433, "longitude": -79.94392221 }, "geometry": { "type": "Point", "coordinates": [ -79.94392221, 40.43148433 ] } },
{ "type": "Feature", "properties": { "_id": 317, "id": "1711622444", "parcel_id": "27-S-150-0-1", "inactive": "False", "name": "Schenley Park Oval Shelter", "rentable": true, "type": "Shelter", "primary_user": "Department of Public Works", "address_number": "10755", "street": "OVERLOOK DR", "zip": "15217", "image": "https://tools.wprdc.org/images/pittsburgh/facilities/Schenley_Park_Oval_Shelter.jpg", "neighborhood": "Squirrel Hill South", "council_district": "5", "ward": "14", "tract": "42003980500", "public_works_division": "3", "pli_division": "14", "police_zone": "4", "fire_zone": "2-8", "latitude": 40.43123678, "longitude": -79.94440729 }, "geometry": { "type": "Point", "coordinates": [ -79.94440729, 40.43123678 ] } },
{ "type": "Feature", "properties": { "_id": 318, "id": "967617988", "parcel_id": "27-S-150-0-1", "inactive": "False", "name": "Schenley Park Oval Tennis Court Shelter", "rentable": false, "type": "Shelter", "primary_user": "Department of Public Works", "address_number": "10785", "street": "OVERLOOK DR", "zip": "15217", "image": "https://tools.wprdc.org/images/pittsburgh/facilities/Schenley_Park_Oval_Tennis_Court_Shelter.jpg", "neighborhood": "Squirrel Hill South", "council_district": "5", "ward": "14", "tract": "42003980500", "public_works_division": "3", "pli_division": "14", "police_zone": "4", "fire_zone": "2-8", "latitude": 40.43251807, "longitude": -79.94193807000001 }, "geometry": { "type": "Point", "coordinates": [ -79.94193807, 40.43251807 ] } },
{ "type": "Feature", "properties": { "_id": 319, "id": "2091602311", "parcel_id": "27-S-150-0-1", "inactive": "False", "name": "Schenley Park Overlook Shelter", "rentable": true, "type": "Shelter", "primary_user": "Department of Public Works", "address_number": "10430", "street": "OVERLOOK DR", "zip": "15217", "image": "https://tools.wprdc.org/images/pittsburgh/facilities/Schenley_Park_Overlook_Shelter.jpg", "neighborhood": "Squirrel Hill South", "council_district": "5", "ward": "14", "tract": "42003980500", "public_works_division": "3", "pli_division": "14", "police_zone": "4", "fire_zone": "2-8", "latitude": 40.43217758, "longitude": -79.94753248000001 }, "geometry": { "type": "Point", "coordinates": [ -79.94753248, 40.43217758 ] } },
{ "type": "Feature", "properties": { "_id": 320, "id": "1273787329", "parcel_id": "27-S-150-0-1", "inactive": "False", "name": "Schenley Park Pool Building", "rentable": false, "type": "Pool", "primary_user": "CitiParks", "address_number": "10026", "street": "OVERLOOK DR", "zip": "15217", "image": "https://tools.wprdc.org/images/pittsburgh/facilities/Schenley_Park_Pool_Building.jpg", "neighborhood": "Squirrel Hill South", "council_district": "5", "ward": "14", "tract": "42003980500", "public_works_division": "3", "pli_division": "14", "police_zone": "4", "fire_zone": "2-8", "latitude": 40.43453727, "longitude": -79.94671026 }, "geometry": { "type": "Point", "coordinates": [ -79.94671026, 40.43453727 ] } },
{ "type": "Feature", "properties": { "_id": 321, "id": "810929186", "parcel_id": "27-S-150-0-1", "inactive": "False", "name": "Schenley Park Prospect Shelter", "rentable": true, "type": "Shelter", "primary_user": "Department of Public Works", "address_number": "NA", "street": "PROSPECT DR", "zip": null, "image": "https://tools.wprdc.org/images/pittsburgh/facilities/Schenley_Park_Prospect_Shelter.jpg", "neighborhood": "Squirrel Hill South", "council_district": "5", "ward": "14", "tract": "42003980500", "public_works_division": "3", "pli_division": "14", "police_zone": "4", "fire_zone": "2-21", "latitude": 40.43116527, "longitude": -79.93521967 }, "geometry": { "type": "Point", "coordinates": [ -79.93521967, 40.43116527 ] } },
{ "type": "Feature", "properties": { "_id": 322, "id": "1443697403", "parcel_id": "27-S-150-0-1", "inactive": "False", "name": "Schenley Park Skating Rink Building", "rentable": false, "type": "Activity", "primary_user": "CitiParks", "address_number": "10341", "street": "OVERLOOK DR", "zip": "15217", "image": "https://tools.wprdc.org/images/pittsburgh/facilities/Schenley_Park_Skating_Rink_Building.jpg", "neighborhood": "Squirrel Hill South", "council_district": "5", "ward": "14", "tract": "42003980500", "public_works_division": "3", "pli_division": "14", "police_zone": "4", "fire_zone": "2-8", "latitude": 40.43146195, "longitude": -79.94474913000001 }, "geometry": { "type": "Point", "coordinates": [ -79.94474913, 40.43146195 ] } },
{ "type": "Feature", "properties": { "_id": 323, "id": "978236010", "parcel_id": "27-S-150-0-1", "inactive": "False", "name": "Schenley Park Westinghouse Shelter", "rentable": true, "type": "Shelter", "primary_user": "Department of Public Works", "address_number": "NA", "street": "W CIRCUIT DR", "zip": null, "image": "https://tools.wprdc.org/images/pittsburgh/facilities/Schenley_Park_Westinghouse_Shelter.jpg", "neighborhood": "Squirrel Hill South", "council_district": "5", "ward": "14", "tract": "42003980500", "public_works_division": "3", "pli_division": "14", "police_zone": "4", "fire_zone": "2-8", "latitude": 40.43821049, "longitude": -79.94434045 }, "geometry": { "type": "Point", "coordinates": [ -79.94434045, 40.43821049 ] } },
{ "type": "Feature", "properties": { "_id": 324, "id": "705307272", "parcel_id": "27-S-150-0-3", "inactive": "False", "name": "Schenley Plaza Maintenance Building", "rentable": false, "type": "Service", "primary_user": "Department of Public Works", "address_number": "261", "street": "SCHENLEY DR", "zip": null, "image": "https://tools.wprdc.org/images/pittsburgh/facilities/Schenley_Plaza_Maintenance_Building.jpg", "neighborhood": "North Oakland", "council_district": "8", "ward": "4", "tract": "42003040500", "public_works_division": "3", "pli_division": "4", "police_zone": "4", "fire_zone": "2-7", "latitude": 40.44220948, "longitude": -79.95280308 }, "geometry": { "type": "Point", "coordinates": [ -79.95280308, 40.44220948 ] } },
{ "type": "Feature", "properties": { "_id": 325, "id": "1456567556", "parcel_id": "27-S-150-0-1", "inactive": "False", "name": "Schenley Vietnam Veterans Pavillion", "rentable": true, "type": "Shelter", "primary_user": "Department of Public Works", "address_number": "10127", "street": "OVERLOOK DR", "zip": "15217", "image": "https://tools.wprdc.org/images/pittsburgh/facilities/Schenley_Vietnam_Veterans_Pavillion.jpg", "neighborhood": "Squirrel Hill South", "council_district": "5", "ward": "14", "tract": "42003980500", "public_works_division": "3", "pli_division": "14", "police_zone": "4", "fire_zone": "2-8", "latitude": 40.43386783, "longitude": -79.94409727 }, "geometry": { "type": "Point", "coordinates": [ -79.94409727, 40.43386783 ] } },
{ "type": "Feature", "properties": { "_id": 326, "id": "796126602", "parcel_id": "42-F-10", "inactive": "False", "name": "Sheraden Apartment and Service Building", "rentable": false, "type": "Restrooms", "primary_user": "CitiParks", "address_number": "3425", "street": "SURBAN AVE", "zip": "15205", "image": "https://tools.wprdc.org/images/pittsburgh/facilities/Sheraden_Apartment_and_Service_Building.jpg", "neighborhood": "Sheraden", "council_district": "2", "ward": "20", "tract": "42003562500", "public_works_division": "5", "pli_division": "20", "police_zone": "6", "fire_zone": "1-16", "latitude": 40.45856191, "longitude": -80.05936637000001 }, "geometry": { "type": "Point", "coordinates": [ -80.05936637, 40.45856191 ] } },
{ "type": "Feature", "properties": { "_id": 327, "id": "1300957619", "parcel_id": "42-A-10", "inactive": "False", "name": "Sheraden Field Building", "rentable": false, "type": "Storage", "primary_user": "Department of Public Works", "address_number": "NA", "street": "SURBAN AVE", "zip": null, "image": "https://tools.wprdc.org/images/pittsburgh/facilities/Sheraden_Field_Building.jpg", "neighborhood": "Sheraden", "council_district": "2", "ward": "20", "tract": "42003562500", "public_works_division": "5", "pli_division": "20", "police_zone": "6", "fire_zone": "1-16", "latitude": 40.45935532, "longitude": -80.06123017 }, "geometry": { "type": "Point", "coordinates": [ -80.06123017, 40.45935532 ] } },
{ "type": "Feature", "properties": { "_id": 328, "id": "586479208", "parcel_id": "42-F-10", "inactive": "False", "name": "Sheraden Park Shelter", "rentable": true, "type": "Shelter", "primary_user": "Department of Public Works", "address_number": "NA", "street": "SURBAN AVE", "zip": null, "image": "https://tools.wprdc.org/images/pittsburgh/facilities/Sheraden_Park_Shelter.jpg", "neighborhood": "Sheraden", "council_district": "2", "ward": "20", "tract": "42003562500", "public_works_division": "5", "pli_division": "20", "police_zone": "6", "fire_zone": "1-16", "latitude": 40.45847082, "longitude": -80.05988596 }, "geometry": { "type": "Point", "coordinates": [ -80.05988596, 40.45847082 ] } },
{ "type": "Feature", "properties": { "_id": 329, "id": "1690301717", "parcel_id": "42-F-10", "inactive": "False", "name": "Sheraden Pool Building", "rentable": false, "type": "Pool", "primary_user": "CitiParks", "address_number": "1071", "street": "ADON ST", "zip": "15204", "image": "https://tools.wprdc.org/images/pittsburgh/facilities/Sheraden_Pool_Building.jpg", "neighborhood": "Sheraden", "council_district": "2", "ward": "20", "tract": "42003562500", "public_works_division": "5", "pli_division": "20", "police_zone": "6", "fire_zone": "1-16", "latitude": 40.45729593, "longitude": -80.05975634000001 }, "geometry": { "type": "Point", "coordinates": [ -80.05975634, 40.45729593 ] } },
{ "type": "Feature", "properties": { "_id": 330, "id": "161016754", "parcel_id": "42-L-296", "inactive": "False", "name": "Sheraden Senior Center", "rentable": true, "type": "Senior", "primary_user": "CitiParks", "address_number": "720", "street": "SHERWOOD AVE", "zip": "15204", "image": "https://tools.wprdc.org/images/pittsburgh/facilities/Sheraden_Senior_Center.jpg", "neighborhood": "Sheraden", "council_district": "2", "ward": "20", "tract": "42003562500", "public_works_division": "5", "pli_division": "20", "police_zone": "6", "fire_zone": "1-16", "latitude": 40.45518864, "longitude": -80.05670407 }, "geometry": { "type": "Point", "coordinates": [ -80.05670407, 40.45518864 ] } },
{ "type": "Feature", "properties": { "_id": 331, "id": "89929554", "parcel_id": "13-E-255", "inactive": "False", "name": "Southside Concession Stand", "rentable": false, "type": "Concession", "primary_user": "CitiParks", "address_number": "NA", "street": "ARLINGTON AVE", "zip": "15210", "image": "https://tools.wprdc.org/images/pittsburgh/facilities/Southside_Concession_Stand.jpg", "neighborhood": "South Side Slopes", "council_district": "3", "ward": "16", "tract": "42003170600", "public_works_division": "3", "pli_division": "16", "police_zone": "3", "fire_zone": "4-22", "latitude": 40.41845832, "longitude": -79.97916836 }, "geometry": { "type": "Point", "coordinates": [ -79.97916836, 40.41845832 ] } },
{ "type": "Feature", "properties": { "_id": 332, "id": "1333205001", "parcel_id": "3-H-202", "inactive": "False", "name": "Southside Market House", "rentable": true, "type": "Senior", "primary_user": "CitiParks", "address_number": "NA", "street": "BEDFORD SQ", "zip": "15203", "image": "https://tools.wprdc.org/images/pittsburgh/facilities/Southside_Market_House.jpg", "neighborhood": "South Side Flats", "council_district": "3", "ward": "17", "tract": "42003170200", "public_works_division": "3", "pli_division": "17", "police_zone": "3", "fire_zone": "4-24", "latitude": 40.42943651, "longitude": -79.9865169 }, "geometry": { "type": "Point", "coordinates": [ -79.9865169, 40.42943651 ] } },
{ "type": "Feature", "properties": { "_id": 333, "id": "863446073", "parcel_id": "13-E-280", "inactive": "False", "name": "Southside Park First Base Dugout", "rentable": false, "type": "Dugout", "primary_user": "Department of Public Works", "address_number": "NA", "street": "JULIA ST", "zip": null, "image": "https://tools.wprdc.org/images/pittsburgh/facilities/Southside_Park_First_Base_Dugout.jpg", "neighborhood": "South Side Slopes", "council_district": "3", "ward": "16", "tract": "42003160800", "public_works_division": "3", "pli_division": "16", "police_zone": "3", "fire_zone": "4-22", "latitude": 40.41860126, "longitude": -79.97843881 }, "geometry": { "type": "Point", "coordinates": [ -79.97843881, 40.41860126 ] } },
{ "type": "Feature", "properties": { "_id": 334, "id": "591248954", "parcel_id": "13-E-280", "inactive": "False", "name": "Southside Park Lights Building", "rentable": false, "type": "Utility", "primary_user": "Department of Public Works", "address_number": "NA", "street": "JULIA ST", "zip": null, "image": "https://tools.wprdc.org/images/pittsburgh/facilities/Southside_Park_Lights_Building.jpg", "neighborhood": "South Side Slopes", "council_district": "3", "ward": "16", "tract": "42003160800", "public_works_division": "3", "pli_division": "16", "police_zone": "3", "fire_zone": "4-22", "latitude": 40.41905734, "longitude": -79.97836002 }, "geometry": { "type": "Point", "coordinates": [ -79.97836002, 40.41905734 ] } },
{ "type": "Feature", "properties": { "_id": 335, "id": "2146578744", "parcel_id": "13-E-280", "inactive": "False", "name": "Southside Park Third Base Dugout", "rentable": false, "type": "Dugout", "primary_user": "Department of Public Works", "address_number": "NA", "street": "JULIA ST", "zip": null, "image": "https://tools.wprdc.org/images/pittsburgh/facilities/Southside_Park_Third_Base_Dugout.jpg", "neighborhood": "South Side Slopes", "council_district": "3", "ward": "16", "tract": "42003160800", "public_works_division": "3", "pli_division": "16", "police_zone": "3", "fire_zone": "4-22", "latitude": 40.41849473, "longitude": -79.97861198 }, "geometry": { "type": "Point", "coordinates": [ -79.97861198, 40.41849473 ] } },
{ "type": "Feature", "properties": { "_id": 336, "id": "939400428", "parcel_id": "47-K-188", "inactive": "False", "name": "Spring Hill Community Center", "rentable": false, "type": "Activity", "primary_user": "CitiParks", "address_number": "1818", "street": "HOMER ST", "zip": null, "image": "https://tools.wprdc.org/images/pittsburgh/facilities/Spring_Hill_Community_Center.jpg", "neighborhood": "Spring Hill-City View", "council_district": "1", "ward": "24", "tract": "42003262000", "public_works_division": "1", "pli_division": "24", "police_zone": "1", "fire_zone": "1-24", "latitude": 40.46544262, "longitude": -79.99119223 }, "geometry": { "type": "Point", "coordinates": [ -79.99119223, 40.46544262 ] } },
{ "type": "Feature", "properties": { "_id": 337, "id": "2054020017", "parcel_id": "47-B-180", "inactive": "False", "name": "Spring Hill Concession Stand", "rentable": false, "type": "Concession", "primary_user": "CitiParks", "address_number": "NA", "street": "ROMANHOFF ST", "zip": "15212", "image": "https://tools.wprdc.org/images/pittsburgh/facilities/Spring_Hill_Concession_Stand.jpg", "neighborhood": "Spring Hill-City View", "council_district": "1", "ward": "26", "tract": "42003262000", "public_works_division": "1", "pli_division": "26", "police_zone": "1", "fire_zone": "1-11", "latitude": 40.47008289, "longitude": -79.99291108 }, "geometry": { "type": "Point", "coordinates": [ -79.99291108, 40.47008289 ] } },
{ "type": "Feature", "properties": { "_id": 338, "id": "1465062258", "parcel_id": "47-B-180", "inactive": "False", "name": "Spring Hill First Base Dugout", "rentable": false, "type": "Dugout", "primary_user": "Department of Public Works", "address_number": "NA", "street": null, "zip": null, "image": "https://tools.wprdc.org/images/pittsburgh/facilities/Spring_Hill_First_Base_Dugout.jpg", "neighborhood": "Spring Hill-City View", "council_district": "1", "ward": "26", "tract": "42003262000", "public_works_division": "1", "pli_division": "26", "police_zone": "1", "fire_zone": "1-11", "latitude": 40.46993162, "longitude": -79.99270089 }, "geometry": { "type": "Point", "coordinates": [ -79.99270089, 40.46993162 ] } },
{ "type": "Feature", "properties": { "_id": 339, "id": "682875044", "parcel_id": "47-B-180", "inactive": "False", "name": "Spring Hill Parklet Building", "rentable": false, "type": "Utility", "primary_user": "CitiParks", "address_number": "NA", "street": "ROMANHOFF ST", "zip": "15212", "image": "https://tools.wprdc.org/images/pittsburgh/facilities/Spring_Hill_Parklet_Building.jpg", "neighborhood": "Spring Hill-City View", "council_district": "1", "ward": "26", "tract": "42003262000", "public_works_division": "1", "pli_division": "26", "police_zone": "1", "fire_zone": "1-11", "latitude": 40.47043174, "longitude": -79.99340601 }, "geometry": { "type": "Point", "coordinates": [ -79.99340601, 40.47043174 ] } },
{ "type": "Feature", "properties": { "_id": 340, "id": "1554138555", "parcel_id": "47-B-180", "inactive": "False", "name": "Spring Hill Third Base Dugout", "rentable": false, "type": "Dugout", "primary_user": "Department of Public Works", "address_number": "NA", "street": null, "zip": null, "image": "https://tools.wprdc.org/images/pittsburgh/facilities/Spring_Hill_Third_Base_Dugout.jpg", "neighborhood": "Spring Hill-City View", "council_district": "1", "ward": "26", "tract": "42003262000", "public_works_division": "1", "pli_division": "26", "police_zone": "1", "fire_zone": "1-11", "latitude": 40.47000691, "longitude": -79.99283742 }, "geometry": { "type": "Point", "coordinates": [ -79.99283742, 40.47000691 ] } },
{ "type": "Feature", "properties": { "_id": 341, "id": "1897926986", "parcel_id": "82-F-32", "inactive": "False", "name": "St. Raphael Bocci Building", "rentable": false, "type": "Utility", "primary_user": "CitiParks", "address_number": "5499", "street": "BRYANT ST", "zip": "15206", "image": "https://tools.wprdc.org/images/pittsburgh/facilities/St._Raphael_Bocci_Building.jpg", "neighborhood": "Morningside", "council_district": "7", "ward": "10", "tract": "42003101400", "public_works_division": "2", "pli_division": "10", "police_zone": "5", "fire_zone": "3-7", "latitude": 40.47846097, "longitude": -79.92802469 }, "geometry": { "type": "Point", "coordinates": [ -79.92802469, 40.47846097 ] } },
{ "type": "Feature", "properties": { "_id": 342, "id": "914518105", "parcel_id": "8-B-150", "inactive": "False", "name": "Sue Murray Filter Building", "rentable": false, "type": "Pool", "primary_user": "CitiParks", "address_number": "301", "street": "CEDAR AVE", "zip": "15212", "image": "https://tools.wprdc.org/images/pittsburgh/facilities/Sue_Murray_Filter_Building.jpg", "neighborhood": "Allegheny Center", "council_district": "1", "ward": "22", "tract": "42003562700", "public_works_division": "1", "pli_division": "22", "police_zone": "1", "fire_zone": "1-6", "latitude": 40.45108643, "longitude": -80.00177498 }, "geometry": { "type": "Point", "coordinates": [ -80.00177498, 40.45108643 ] } },
{ "type": "Feature", "properties": { "_id": 343, "id": "1320499773", "parcel_id": "8-B-150", "inactive": "False", "name": "Sue Murray Pool Building", "rentable": false, "type": "Pool", "primary_user": "CitiParks", "address_number": "301", "street": "CEDAR AVE", "zip": "15212", "image": "https://tools.wprdc.org/images/pittsburgh/facilities/Sue_Murray_Pool_Building.jpg", "neighborhood": "Allegheny Center", "council_district": "1", "ward": "22", "tract": "42003562700", "public_works_division": "1", "pli_division": "22", "police_zone": "1", "fire_zone": "1-6", "latitude": 40.45095346, "longitude": -80.00140987 }, "geometry": { "type": "Point", "coordinates": [ -80.00140987, 40.45095346 ] } },
{ "type": "Feature", "properties": { "_id": 344, "id": "2037453966", "parcel_id": "26-A-66", "inactive": "False", "name": "Sullivan Concession Stand", "rentable": false, "type": "Concession", "primary_user": "CitiParks", "address_number": "NA", "street": "CABINET WAY", "zip": "15201", "image": "https://tools.wprdc.org/images/pittsburgh/facilities/Sullivan_Concession_Stand.jpg", "neighborhood": "Lower Lawrenceville", "council_district": "7", "ward": "6", "tract": "42003060300", "public_works_division": "2", "pli_division": "6", "police_zone": "2", "fire_zone": "3-6", "latitude": 40.46216114, "longitude": -79.9631362 }, "geometry": { "type": "Point", "coordinates": [ -79.9631362, 40.46216114 ] } },
{ "type": "Feature", "properties": { "_id": 345, "id": "1390647249", "parcel_id": "8-B-39", "inactive": "False", "name": "Town North Garage Aquatics Division", "rentable": false, "type": "Storage", "primary_user": "Department of Public Works", "address_number": "601", "street": "RIDGE AVE", "zip": "15212", "image": "https://tools.wprdc.org/images/pittsburgh/facilities/Town_North_Garage_Aquatics_Division.jpg", "neighborhood": "Allegheny West", "council_district": "1", "ward": "22", "tract": "42003562700", "public_works_division": "1", "pli_division": "22", "police_zone": "1", "fire_zone": "1-7", "latitude": 40.45080297, "longitude": -80.00973398 }, "geometry": { "type": "Point", "coordinates": [ -80.00973398, 40.45080297 ] } },
{ "type": "Feature", "properties": { "_id": 346, "id": "1431911535", "parcel_id": "8-B-40", "inactive": "False", "name": "Town North Maintenance Building and Aquatic Office", "rentable": false, "type": "Office", "primary_user": "Department of Public Works", "address_number": "601", "street": "RIDGE AVE", "zip": null, "image": "https://tools.wprdc.org/images/pittsburgh/facilities/Town_North_Maintenance_Building_and_Aquatic_Office.jpg", "neighborhood": "Allegheny West", "council_district": "1", "ward": "22", "tract": "42003562700", "public_works_division": "1", "pli_division": "22", "police_zone": "1", "fire_zone": "1-7", "latitude": 40.45104722, "longitude": -80.0097351 }, "geometry": { "type": "Point", "coordinates": [ -80.0097351, 40.45104722 ] } },
{ "type": "Feature", "properties": { "_id": 347, "id": "571888198", "parcel_id": "16-S-40", "inactive": "False", "name": "Vanucci Field 1 Dugout Building", "rentable": false, "type": "Dugout", "primary_user": "CitiParks", "address_number": "NA", "street": "ORANGEWOOD AVE", "zip": "15216", "image": "https://tools.wprdc.org/images/pittsburgh/facilities/Vanucci_Field_1_Dugout_Building.jpg", "neighborhood": "Beechview", "council_district": "4", "ward": "19", "tract": "42003191600", "public_works_division": "5", "pli_division": "19", "police_zone": "6", "fire_zone": "4-28", "latitude": 40.41465381, "longitude": -80.01847697 }, "geometry": { "type": "Point", "coordinates": [ -80.01847697, 40.41465381 ] } },
{ "type": "Feature", "properties": { "_id": 348, "id": "2103063984", "parcel_id": "16-S-40", "inactive": "False", "name": "Vanucci Field 1 First Base Dugout", "rentable": false, "type": "Dugout", "primary_user": "Department of Public Works", "address_number": "NA", "street": "ORANGEWOOD AVE", "zip": null, "image": "https://tools.wprdc.org/images/pittsburgh/facilities/Vanucci_Field_1_First_Base_Dugout.jpg", "neighborhood": "Beechview", "council_district": "4", "ward": "19", "tract": "42003191600", "public_works_division": "5", "pli_division": "19", "police_zone": "6", "fire_zone": "4-28", "latitude": 40.41459179, "longitude": -80.01827683 }, "geometry": { "type": "Point", "coordinates": [ -80.01827683, 40.41459179 ] } },
{ "type": "Feature", "properties": { "_id": 349, "id": "1445688587", "parcel_id": "16-S-40", "inactive": "False", "name": "Vanucci Restrooms", "rentable": false, "type": "Restrooms", "primary_user": "CitiParks", "address_number": "NA", "street": "ORANGEWOOD AVE", "zip": "15216", "image": "https://tools.wprdc.org/images/pittsburgh/facilities/Vanucci_Restrooms.jpg", "neighborhood": "Beechview", "council_district": "4", "ward": "19", "tract": "42003191600", "public_works_division": "5", "pli_division": "19", "police_zone": "6", "fire_zone": "4-28", "latitude": 40.41497632, "longitude": -80.01861044 }, "geometry": { "type": "Point", "coordinates": [ -80.01861044, 40.41497632 ] } },
{ "type": "Feature", "properties": { "_id": 350, "id": "265695197", "parcel_id": "16-S-40", "inactive": "False", "name": "Vanucci Storage Building", "rentable": false, "type": "Storage", "primary_user": "CitiParks", "address_number": "NA", "street": "ORANGEWOOD AVE", "zip": "15216", "image": "https://tools.wprdc.org/images/pittsburgh/facilities/Vanucci_Storage_Building.jpg", "neighborhood": "Beechview", "council_district": "4", "ward": "19", "tract": "42003191600", "public_works_division": "5", "pli_division": "19", "police_zone": "6", "fire_zone": "4-28", "latitude": 40.41506703, "longitude": -80.0186126 }, "geometry": { "type": "Point", "coordinates": [ -80.0186126, 40.41506703 ] } },
{ "type": "Feature", "properties": { "_id": 351, "id": "1283048329", "parcel_id": "60-K-120", "inactive": "False", "name": "Volunteer Field 1 First Base Dugout", "rentable": false, "type": "Dugout", "primary_user": "CitiParks", "address_number": "NA", "street": "RIOTA WAY", "zip": null, "image": "https://tools.wprdc.org/images/pittsburgh/facilities/Volunteer_Field_1_First_Base_Dugout.jpg", "neighborhood": "Carrick", "council_district": "4", "ward": "29", "tract": "42003290100", "public_works_division": "3", "pli_division": "29", "police_zone": "3", "fire_zone": "4-23", "latitude": 40.39768114, "longitude": -79.99323048 }, "geometry": { "type": "Point", "coordinates": [ -79.99323048, 40.39768114 ] } },
{ "type": "Feature", "properties": { "_id": 352, "id": "1275425196", "parcel_id": "60-K-120", "inactive": "False", "name": "Volunteer Field 1 Third Base Dugout", "rentable": false, "type": "Dugout", "primary_user": "Department of Public Works", "address_number": "NA", "street": "RIOTA WAY", "zip": null, "image": "https://tools.wprdc.org/images/pittsburgh/facilities/Volunteer_Field_1_Third_Base_Dugout.jpg", "neighborhood": "Carrick", "council_district": "4", "ward": "29", "tract": "42003290100", "public_works_division": "3", "pli_division": "29", "police_zone": "3", "fire_zone": "4-23", "latitude": 40.39755009, "longitude": -79.99300946 }, "geometry": { "type": "Point", "coordinates": [ -79.99300946, 40.39755009 ] } },
{ "type": "Feature", "properties": { "_id": 353, "id": "1819018956", "parcel_id": "60-P-302", "inactive": "False", "name": "Volunteer Field 2 Concession Stand", "rentable": false, "type": "Concession", "primary_user": "Department of Public Works", "address_number": "NA", "street": "NEWETT ST", "zip": "15210", "image": "https://tools.wprdc.org/images/pittsburgh/facilities/Volunteer_Field_2_Concession_Stand.jpg", "neighborhood": "Carrick", "council_district": "4", "ward": "29", "tract": "42003290100", "public_works_division": "3", "pli_division": "29", "police_zone": "3", "fire_zone": "4-23", "latitude": 40.3964942, "longitude": -79.99240967 }, "geometry": { "type": "Point", "coordinates": [ -79.99240967, 40.3964942 ] } },
{ "type": "Feature", "properties": { "_id": 354, "id": "1182470644", "parcel_id": "60-P-302", "inactive": "False", "name": "Volunteer Field 2 Field Building", "rentable": false, "type": "Dugout", "primary_user": "CitiParks", "address_number": "NA", "street": "NEWETT ST", "zip": "15210", "image": "https://tools.wprdc.org/images/pittsburgh/facilities/Volunteer_Field_2_Field_Building.jpg", "neighborhood": "Carrick", "council_district": "4", "ward": "29", "tract": "42003290100", "public_works_division": "3", "pli_division": "29", "police_zone": "3", "fire_zone": "4-23", "latitude": 40.39621808, "longitude": -79.99279593 }, "geometry": { "type": "Point", "coordinates": [ -79.99279593, 40.39621808 ] } },
{ "type": "Feature", "properties": { "_id": 355, "id": "1675583348", "parcel_id": "60-K-120", "inactive": "False", "name": "Volunteers Field 1 Utility Building", "rentable": false, "type": "Utility", "primary_user": "Department of Public Works", "address_number": "NA", "street": "PLATEAU ST", "zip": null, "image": "https://tools.wprdc.org/images/pittsburgh/facilities/Volunteers_Field_1_Utility_Building.jpg", "neighborhood": "Carrick", "council_district": "4", "ward": "29", "tract": "42003290100", "public_works_division": "3", "pli_division": "29", "police_zone": "3", "fire_zone": "4-23", "latitude": 40.39721888, "longitude": -79.99295298 }, "geometry": { "type": "Point", "coordinates": [ -79.99295298, 40.39721888 ] } },
{ "type": "Feature", "properties": { "_id": 356, "id": "262467628", "parcel_id": "60-P-302", "inactive": "False", "name": "Volunteers Field 2 Dugout Building", "rentable": false, "type": "Dugout", "primary_user": "Department of Public Works", "address_number": "NA", "street": "RIOTA WAY", "zip": null, "image": "https://tools.wprdc.org/images/pittsburgh/facilities/Volunteers_Field_2_Dugout_Building.jpg", "neighborhood": "Carrick", "council_district": "4", "ward": "29", "tract": "42003290100", "public_works_division": "3", "pli_division": "29", "police_zone": "3", "fire_zone": "4-23", "latitude": 40.3964329, "longitude": -79.99229238 }, "geometry": { "type": "Point", "coordinates": [ -79.99229238, 40.3964329 ] } },
{ "type": "Feature", "properties": { "_id": 357, "id": "64951146", "parcel_id": "60-P-302", "inactive": "False", "name": "Volunteers Field 2 First Base Dugout", "rentable": false, "type": "Dugout", "primary_user": "Department of Public Works", "address_number": "NA", "street": "STRATA WAY", "zip": null, "image": "https://tools.wprdc.org/images/pittsburgh/facilities/Volunteers_Field_2_First_Base_Dugout.jpg", "neighborhood": "Carrick", "council_district": "4", "ward": "29", "tract": "42003290100", "public_works_division": "3", "pli_division": "29", "police_zone": "3", "fire_zone": "4-23", "latitude": 40.39648641, "longitude": -79.99257548 }, "geometry": { "type": "Point", "coordinates": [ -79.99257548, 40.39648641 ] } },
{ "type": "Feature", "properties": { "_id": 358, "id": "537148398", "parcel_id": "60-P-302", "inactive": "False", "name": "Volunteers Field 2 Third Base Dugout", "rentable": false, "type": "Dugout", "primary_user": "Department of Public Works", "address_number": "NA", "street": "STRATA WAY", "zip": null, "image": "https://tools.wprdc.org/images/pittsburgh/facilities/Volunteers_Field_2_Third_Base_Dugout.jpg", "neighborhood": "Carrick", "council_district": "4", "ward": "29", "tract": "42003290100", "public_works_division": "3", "pli_division": "29", "police_zone": "3", "fire_zone": "4-23", "latitude": 40.39646823, "longitude": -79.99234158 }, "geometry": { "type": "Point", "coordinates": [ -79.99234158, 40.39646823 ] } },
{ "type": "Feature", "properties": { "_id": 359, "id": "1085359927", "parcel_id": "60-K-246", "inactive": "False", "name": "Volunteers Field 3 First Base Dugout", "rentable": false, "type": "Dugout", "primary_user": "Department of Public Works", "address_number": "NA", "street": "RIOTA WAY", "zip": null, "image": "https://tools.wprdc.org/images/pittsburgh/facilities/Volunteers_Field_3_First_Base_Dugout.jpg", "neighborhood": "Carrick", "council_district": "4", "ward": "29", "tract": "42003290100", "public_works_division": "3", "pli_division": "29", "police_zone": "3", "fire_zone": "4-23", "latitude": 40.39799743, "longitude": -79.99294242000001 }, "geometry": { "type": "Point", "coordinates": [ -79.99294242, 40.39799743 ] } },
{ "type": "Feature", "properties": { "_id": 360, "id": "1157001727", "parcel_id": "60-K-246", "inactive": "False", "name": "Volunteers Field 3 Third Base Dugout", "rentable": false, "type": "Dugout", "primary_user": "Department of Public Works", "address_number": "NA", "street": "RIOTA WAY", "zip": null, "image": "https://tools.wprdc.org/images/pittsburgh/facilities/Volunteers_Field_3_Third_Base_Dugout.jpg", "neighborhood": "Carrick", "council_district": "4", "ward": "29", "tract": "42003290100", "public_works_division": "3", "pli_division": "29", "police_zone": "3", "fire_zone": "4-23", "latitude": 40.39838353, "longitude": -79.99279459 }, "geometry": { "type": "Point", "coordinates": [ -79.99279459, 40.39838353 ] } },
{ "type": "Feature", "properties": { "_id": 361, "id": "1778261359", "parcel_id": "15-D-336", "inactive": "False", "name": "Warrington Recreation Center", "rentable": true, "type": "Pool/Rec", "primary_user": "CitiParks", "address_number": "329", "street": "E WARRINGTON AVE", "zip": null, "image": "https://tools.wprdc.org/images/pittsburgh/facilities/Warrington_Recreation_Center.jpg", "neighborhood": "Beltzhoover", "council_district": "3", "ward": "18", "tract": "42003562400", "public_works_division": "5", "pli_division": "18", "police_zone": "3", "fire_zone": "4-5", "latitude": 40.42126474, "longitude": -80.00095723 }, "geometry": { "type": "Point", "coordinates": [ -80.00095723, 40.42126474 ] } },
{ "type": "Feature", "properties": { "_id": 362, "id": "745922289", "parcel_id": "20-M-48", "inactive": "False", "name": "Elmer Clark Pavilion", "rentable": true, "type": "Activity", "primary_user": "CitiParks", "address_number": "920", "street": "RUE GRANDE VUE ST", "zip": "15220", "image": "https://tools.wprdc.org/images/pittsburgh/facilities/Elmer_Clark_Pavilion.jpg", "neighborhood": "Elliott", "council_district": "2", "ward": "20", "tract": "42003562600", "public_works_division": "5", "pli_division": "20", "police_zone": "6", "fire_zone": "1-17", "latitude": 40.44563418, "longitude": -80.03375569000001 }, "geometry": { "type": "Point", "coordinates": [ -80.03375569, 40.44563418 ] } },
{ "type": "Feature", "properties": { "_id": 363, "id": "858709010", "parcel_id": "19-L-160", "inactive": "False", "name": "West End Park Gazebo", "rentable": false, "type": "Shelter", "primary_user": "Department of Public Works", "address_number": "NA", "street": "WEST END PARK DR", "zip": null, "image": "https://tools.wprdc.org/images/pittsburgh/facilities/West_End_Park_Gazebo.jpg", "neighborhood": "Elliott", "council_district": "2", "ward": "20", "tract": "42003562600", "public_works_division": "5", "pli_division": "20", "police_zone": "6", "fire_zone": "1-17", "latitude": 40.43735141, "longitude": -80.03800298 }, "geometry": { "type": "Point", "coordinates": [ -80.03800298, 40.43735141 ] } },
{ "type": "Feature", "properties": { "_id": 364, "id": "1484179658", "parcel_id": "19-H-197", "inactive": "False", "name": "West End Senior Center", "rentable": true, "type": "Senior", "primary_user": "CitiParks", "address_number": "80", "street": "WABASH ST", "zip": null, "image": "https://tools.wprdc.org/images/pittsburgh/facilities/West_End_Senior_Center.jpg", "neighborhood": "West End", "council_district": "2", "ward": "20", "tract": "42003562600", "public_works_division": "5", "pli_division": "20", "police_zone": "6", "fire_zone": "1-17", "latitude": 40.43886415, "longitude": -80.03470926 }, "geometry": { "type": "Point", "coordinates": [ -80.03470926, 40.43886415 ] } },
{ "type": "Feature", "properties": { "_id": 365, "id": "1316188149", "parcel_id": "19-L-160", "inactive": "False", "name": "West End Shelter", "rentable": true, "type": "Shelter", "primary_user": "Department of Public Works", "address_number": "1000", "street": "WALBRIDGE ST", "zip": "15220", "image": "https://tools.wprdc.org/images/pittsburgh/facilities/West_End_Shelter.jpg", "neighborhood": "Elliott", "council_district": "2", "ward": "20", "tract": "42003562600", "public_works_division": "5", "pli_division": "20", "police_zone": "6", "fire_zone": "1-17", "latitude": 40.43693452, "longitude": -80.03839767 }, "geometry": { "type": "Point", "coordinates": [ -80.03839767, 40.43693452 ] } },
{ "type": "Feature", "properties": { "_id": 366, "id": "1234041427", "parcel_id": "8-B-150", "inactive": "False", "name": "West Park Tennis Court Building", "rentable": false, "type": "Restrooms", "primary_user": "CitiParks", "address_number": "740", "street": "W OHIO ST", "zip": "15212", "image": "https://tools.wprdc.org/images/pittsburgh/facilities/West_Park_Tennis_Court_Building.jpg", "neighborhood": "Allegheny Center", "council_district": "1", "ward": "22", "tract": "42003562700", "public_works_division": "1", "pli_division": "22", "police_zone": "1", "fire_zone": "1-7", "latitude": 40.4523533, "longitude": -80.01205147 }, "geometry": { "type": "Point", "coordinates": [ -80.01205147, 40.4523533 ] } },
{ "type": "Feature", "properties": { "_id": 367, "id": "2043359845", "parcel_id": "25-R-106-0-1", "inactive": "False", "name": "West Penn Field Lights Building", "rentable": false, "type": "Utility", "primary_user": "CitiParks", "address_number": "470", "street": "PAULOWNA ST", "zip": "15219", "image": "https://tools.wprdc.org/images/pittsburgh/facilities/West_Penn_Field_Lights_Building.jpg", "neighborhood": "Polish Hill", "council_district": "7", "ward": "6", "tract": "42003060500", "public_works_division": "6", "pli_division": "6", "police_zone": "2", "fire_zone": "2-6", "latitude": 40.45615133, "longitude": -79.97087425 }, "geometry": { "type": "Point", "coordinates": [ -79.97087425, 40.45615133 ] } },
{ "type": "Feature", "properties": { "_id": 368, "id": "832911777", "parcel_id": "25-R-106-0-1", "inactive": "False", "name": "West Penn Pool Building", "rentable": false, "type": "Pool", "primary_user": "CitiParks", "address_number": "470", "street": "PAULOWNA ST", "zip": "15219", "image": "https://tools.wprdc.org/images/pittsburgh/facilities/West_Penn_Pool_Building.jpg", "neighborhood": "Polish Hill", "council_district": "7", "ward": "6", "tract": "42003060500", "public_works_division": "6", "pli_division": "6", "police_zone": "2", "fire_zone": "2-6", "latitude": 40.4552907, "longitude": -79.96961251 }, "geometry": { "type": "Point", "coordinates": [ -79.96961251, 40.4552907 ] } },
{ "type": "Feature", "properties": { "_id": 369, "id": "381690855", "parcel_id": "25-R-106-0-1", "inactive": "False", "name": "West Penn Pool Entrance Building", "rentable": false, "type": "Pool", "primary_user": "CitiParks", "address_number": "470", "street": "PAULOWNA ST", "zip": "15219", "image": "https://tools.wprdc.org/images/pittsburgh/facilities/West_Penn_Pool_Entrance_Building.jpg", "neighborhood": "Polish Hill", "council_district": "7", "ward": "6", "tract": "42003060500", "public_works_division": "6", "pli_division": "6", "police_zone": "2", "fire_zone": "2-6", "latitude": 40.45540478, "longitude": -79.96974834 }, "geometry": { "type": "Point", "coordinates": [ -79.96974834, 40.45540478 ] } },
{ "type": "Feature", "properties": { "_id": 370, "id": "410766333", "parcel_id": "25-R-106-0-1", "inactive": "False", "name": "West Penn Recreation Center", "rentable": true, "type": "Pool/Rec", "primary_user": "CitiParks", "address_number": "450", "street": "30TH ST", "zip": "15219", "image": "https://tools.wprdc.org/images/pittsburgh/facilities/West_Penn_Recreation_Center.jpg", "neighborhood": "Polish Hill", "council_district": "7", "ward": "6", "tract": "42003060500", "public_works_division": "6", "pli_division": "6", "police_zone": "2", "fire_zone": "2-6", "latitude": 40.45565165, "longitude": -79.96954385 }, "geometry": { "type": "Point", "coordinates": [ -79.96954385, 40.45565165 ] } },
{ "type": "Feature", "properties": { "_id": 371, "id": "2100504804", "parcel_id": "125-S-174", "inactive": "False", "name": "Westinghouse Park Recreation Center", "rentable": false, "type": "Activity", "primary_user": "CitiParks", "address_number": "320", "street": "N MURTLAND ST", "zip": "15208", "image": "https://tools.wprdc.org/images/pittsburgh/facilities/Westinghouse_Park_Recreation_Center.jpg", "neighborhood": "Point Breeze North", "council_district": "9", "ward": "14", "tract": "42003140500", "public_works_division": "2", "pli_division": "14", "police_zone": "4", "fire_zone": "3-14", "latitude": 40.45253064, "longitude": -79.90284051 }, "geometry": { "type": "Point", "coordinates": [ -79.90284051, 40.45253064 ] } },
{ "type": "Feature", "properties": { "_id": 372, "id": "514628599", "parcel_id": "39-D-90", "inactive": "False", "name": "Westwood Field Building", "rentable": false, "type": "Utility", "primary_user": "CitiParks", "address_number": "NA", "street": "OVID ST", "zip": "15205", "image": "https://tools.wprdc.org/images/pittsburgh/facilities/Westwood_Field_Building.jpg", "neighborhood": "Westwood", "council_district": "2", "ward": "28", "tract": "42003563100", "public_works_division": "5", "pli_division": "28", "police_zone": "6", "fire_zone": "1-18", "latitude": 40.43002819, "longitude": -80.05021081 }, "geometry": { "type": "Point", "coordinates": [ -80.05021081, 40.43002819 ] } },
{ "type": "Feature", "properties": { "_id": 373, "id": "39227378", "parcel_id": "39-D-90", "inactive": "False", "name": "Westwood Pool Building", "rentable": false, "type": "Pool", "primary_user": "CitiParks", "address_number": "NA", "street": "GUYLAND ST", "zip": "15220", "image": "https://tools.wprdc.org/images/pittsburgh/facilities/Westwood_Pool_Building.jpg", "neighborhood": "Westwood", "council_district": "2", "ward": "28", "tract": "42003563100", "public_works_division": "5", "pli_division": "28", "police_zone": "6", "fire_zone": "1-18", "latitude": 40.4310921, "longitude": -80.04982389 }, "geometry": { "type": "Point", "coordinates": [ -80.04982389, 40.4310921 ] } },
{ "type": "Feature", "properties": { "_id": 374, "id": "426182873", "parcel_id": "39-D-90", "inactive": "False", "name": "Westwood Pool Guard Room", "rentable": false, "type": "Pool", "primary_user": "CitiParks", "address_number": "100", "street": "GUYLAND ST", "zip": "15205", "image": "https://tools.wprdc.org/images/pittsburgh/facilities/Westwood_Pool_Guard_Room.jpg", "neighborhood": "Westwood", "council_district": "2", "ward": "28", "tract": "42003563100", "public_works_division": "5", "pli_division": "28", "police_zone": "6", "fire_zone": "1-18", "latitude": 40.4310741, "longitude": -80.04994999 }, "geometry": { "type": "Point", "coordinates": [ -80.04994999, 40.4310741 ] } },
{ "type": "Feature", "properties": { "_id": 375, "id": "1417091724", "parcel_id": "85-P-53", "inactive": "False", "name": "Wightman Park Gazebo", "rentable": false, "type": "Shelter", "primary_user": "Department of Public Works", "address_number": "NA", "street": "SOLWAY ST", "zip": null, "image": "https://tools.wprdc.org/images/pittsburgh/facilities/Wightman_Park_Gazebo.jpg", "neighborhood": "Squirrel Hill North", "council_district": "8", "ward": "14", "tract": "42003140300", "public_works_division": "3", "pli_division": "14", "police_zone": "4", "fire_zone": "2-18", "latitude": 40.44342286, "longitude": -79.92652905 }, "geometry": { "type": "Point", "coordinates": [ -79.92652905, 40.44342286 ] } },
{ "type": "Feature", "properties": { "_id": 376, "id": "84816915", "parcel_id": "125-S-150", "inactive": "False", "name": "Willie Stargell Restrooms and Concession Stand", "rentable": false, "type": "Concession", "primary_user": "CitiParks", "address_number": "557", "street": "N LANG AVE", "zip": "15208", "image": "https://tools.wprdc.org/images/pittsburgh/facilities/Willie_Stargell_Restrooms_and_Concession_Stand.jpg", "neighborhood": "Homewood South", "council_district": "9", "ward": "13", "tract": "42003130300", "public_works_division": "2", "pli_division": "13", "police_zone": "5", "fire_zone": "3-17", "latitude": 40.45400798, "longitude": -79.90028712 }, "geometry": { "type": "Point", "coordinates": [ -79.90028712, 40.45400798 ] } },
{ "type": "Feature", "properties": { "_id": 377, "id": "592989560", "parcel_id": "76-N-60", "inactive": "False", "name": "Young Concession Stand", "rentable": false, "type": "Concession", "primary_user": "CitiParks", "address_number": "NA", "street": "COMPLETE ST", "zip": "15212", "image": "https://tools.wprdc.org/images/pittsburgh/facilities/Young_Concession_Stand.jpg", "neighborhood": "Marshall-Shadeland", "council_district": "1", "ward": "27", "tract": "42003271500", "public_works_division": "1", "pli_division": "27", "police_zone": "1", "fire_zone": "1-14", "latitude": 40.47308749, "longitude": -80.03203655 }, "geometry": { "type": "Point", "coordinates": [ -80.03203655, 40.47308749 ] } },
{ "type": "Feature", "properties": { "_id": 378, "id": "389558492", "parcel_id": "122-K-4", "inactive": "False", "name": "Asphalt Plant Fuel Storage Shed", "rentable": false, "type": "STORAGE", "primary_user": "DEPARTMENT OF PUBLIC WORKS", "address_number": "7777", "street": "LOCKWAY EAST", "zip": "15206", "image": null, "neighborhood": "Highland Park", "council_district": "9", "ward": "12", "tract": "42003980100", "public_works_division": "2", "pli_division": "12", "police_zone": "5", "fire_zone": "3-15", "latitude": 40.48492311, "longitude": -79.90623137 }, "geometry": { "type": "Point", "coordinates": [ -79.90623137, 40.48492311 ] } },
{ "type": "Feature", "properties": { "_id": 379, "id": "1249930860", "parcel_id": "121-H-200", "inactive": "False", "name": "Asphalt Plant Garage", "rentable": false, "type": "STORAGE", "primary_user": "DEPARTMENT OF PUBLIC WORKS", "address_number": "7777", "street": "LOCKWAY EAST", "zip": "15206", "image": "https://tools.wprdc.org/images/pittsburgh/facilities/Asphalt_Plant_Garage.jpg", "neighborhood": "Highland Park", "council_district": "9", "ward": "12", "tract": "42003980100", "public_works_division": "2", "pli_division": "12", "police_zone": "5", "fire_zone": "3-15", "latitude": 40.48430068, "longitude": -79.90696863 }, "geometry": { "type": "Point", "coordinates": [ -79.90696863, 40.48430068 ] } },
{ "type": "Feature", "properties": { "_id": 380, "id": "1292751193", "parcel_id": "48-N-6", "inactive": "False", "name": "Commercial Vehicle Inspections", "rentable": false, "type": "POLICE", "primary_user": "PUBLIC SAFETY", "address_number": "1800", "street": "LEY ST", "zip": "15212", "image": "https://tools.wprdc.org/images/pittsburgh/facilities/Commercial_Vehicle_Inspections.jpg", "neighborhood": "Troy Hill", "council_district": "1", "ward": "24", "tract": "42003240600", "public_works_division": "1", "pli_division": "24", "police_zone": "1", "fire_zone": "1-2", "latitude": 40.46477344, "longitude": -79.98232063 }, "geometry": { "type": "Point", "coordinates": [ -79.98232063, 40.46477344 ] } },
{ "type": "Feature", "properties": { "_id": 381, "id": "585291180", "parcel_id": "82-H-1-0-2", "inactive": "False", "name": "Fire Department Training Tower", "rentable": false, "type": "TRAINING", "primary_user": "PUBLIC SAFETY", "address_number": "1435", "street": "WASHINGTON BLVD", "zip": null, "image": "https://tools.wprdc.org/images/pittsburgh/facilities/Fire_Department_Training_Tower.jpg", "neighborhood": "Highland Park", "council_district": "9", "ward": "11", "tract": "42003980100", "public_works_division": "2", "pli_division": "11", "police_zone": "5", "fire_zone": "3-12", "latitude": 40.47084473, "longitude": -79.90934865 }, "geometry": { "type": "Point", "coordinates": [ -79.90934865, 40.47084473 ] } },
{ "type": "Feature", "properties": { "_id": 382, "id": "1414886754", "parcel_id": "25-B-15", "inactive": "False", "name": "Fire General Services Warehouse", "rentable": false, "type": "SERVICE", "primary_user": "PUBLIC SAFETY", "address_number": "2945", "street": "RAILROAD ST", "zip": "15222", "image": "https://tools.wprdc.org/images/pittsburgh/facilities/Fire_General_Services_Warehouse.jpg", "neighborhood": "Strip District", "council_district": "7", "ward": "6", "tract": "42003020300", "public_works_division": "6", "pli_division": "6", "police_zone": "2", "fire_zone": "3-2", "latitude": 40.46066507, "longitude": -79.97450762 }, "geometry": { "type": "Point", "coordinates": [ -79.97450762, 40.46066507 ] } },
{ "type": "Feature", "properties": { "_id": 383, "id": "1720778346", "parcel_id": "82-H-1-0-2", "inactive": "False", "name": "Highland Park Tennis Courts Storage Building", "rentable": false, "type": "STORAGE", "primary_user": "DEPARTMENT OF PUBLIC WORKS", "address_number": "NA", "street": "STANTON AVE", "zip": null, "image": "https://tools.wprdc.org/images/pittsburgh/facilities/Highland_Park_Tennis_Courts_Storage_Building.jpg", "neighborhood": "Highland Park", "council_district": "7", "ward": "11", "tract": "42003980100", "public_works_division": "2", "pli_division": "11", "police_zone": "5", "fire_zone": "3-9", "latitude": 40.47400456, "longitude": -79.9105215 }, "geometry": { "type": "Point", "coordinates": [ -79.9105215, 40.47400456 ] } },
{ "type": "Feature", "properties": { "_id": 384, "id": "791412321", "parcel_id": "22-K-154", "inactive": "False", "name": "Manchester Field Storage", "rentable": false, "type": "STORAGE", "primary_user": "DEPARTMENT OF PUBLIC WORKS", "address_number": "NA", "street": "N FRANKLIN ST", "zip": null, "image": "https://tools.wprdc.org/images/pittsburgh/facilities/Manchester_Field_Storage.jpg", "neighborhood": "Manchester", "council_district": "6", "ward": "21", "tract": "42003210700", "public_works_division": "1", "pli_division": "21", "police_zone": "1", "fire_zone": "1-8", "latitude": 40.45656136, "longitude": -80.02562628 }, "geometry": { "type": "Point", "coordinates": [ -80.02562628, 40.45656136 ] } },
{ "type": "Feature", "properties": { "_id": 385, "id": "220437034", "parcel_id": "85-D-50-0-1", "inactive": "False", "name": "Mellon Park Scaife Building", "rentable": false, "type": "Office", "primary_user": "CitiParks", "address_number": "1047", "street": "SHADY AVE", "zip": "15232", "image": null, "neighborhood": "Point Breeze", "council_district": "8", "ward": "14", "tract": "42003140400", "public_works_division": "3", "pli_division": "14", "police_zone": "4", "fire_zone": "2-17", "latitude": 40.45171301, "longitude": -79.91945548 }, "geometry": { "type": "Point", "coordinates": [ -79.91945548, 40.45171301 ] } },
{ "type": "Feature", "properties": { "_id": 386, "id": "2128639733", "parcel_id": "26-N-338", "inactive": "False", "name": "Police Accident Investigation SWAT Building", "rentable": false, "type": "POLICE", "primary_user": "PUBLIC SAFETY", "address_number": "2945", "street": "WEBSTER AVE", "zip": "15219", "image": "https://tools.wprdc.org/images/pittsburgh/facilities/Police_Accident_Investigation_SWAT_Building.jpg", "neighborhood": "Middle Hill", "council_district": "6", "ward": "5", "tract": "42003050100", "public_works_division": "3", "pli_division": "5", "police_zone": "2", "fire_zone": "2-5", "latitude": 40.45273473, "longitude": -79.96572606 }, "geometry": { "type": "Point", "coordinates": [ -79.96572606, 40.45273473 ] } },
{ "type": "Feature", "properties": { "_id": 387, "id": "592906715", "parcel_id": "82-H-1-0-2", "inactive": "False", "name": "Police Canine Training Building", "rentable": false, "type": "TRAINING", "primary_user": "PUBLIC SAFETY", "address_number": "1435", "street": "WASHINGTON BLVD", "zip": null, "image": "https://tools.wprdc.org/images/pittsburgh/facilities/Police_Canine_Training_Building.jpg", "neighborhood": "Highland Park", "council_district": "9", "ward": "11", "tract": "42003980100", "public_works_division": "2", "pli_division": "11", "police_zone": "5", "fire_zone": "3-12", "latitude": 40.47200121, "longitude": -79.90928874 }, "geometry": { "type": "Point", "coordinates": [ -79.90928874, 40.47200121 ] } },
{ "type": "Feature", "properties": { "_id": 388, "id": "1177646573", "parcel_id": "25-F-89-0-2", "inactive": "False", "name": "Police Fingerprint Building and Animal Control", "rentable": false, "type": "SERVICE", "primary_user": "PUBLIC SAFETY", "address_number": "51", "street": "29TH ST", "zip": "15222", "image": "https://tools.wprdc.org/images/pittsburgh/facilities/Police_Fingerprint_Building_and_Animal_Control.jpg", "neighborhood": "Strip District", "council_district": "7", "ward": "6", "tract": "42003020300", "public_works_division": "6", "pli_division": "6", "police_zone": "2", "fire_zone": "3-2", "latitude": 40.46014945, "longitude": -79.97650364 }, "geometry": { "type": "Point", "coordinates": [ -79.97650364, 40.46014945 ] } },
{ "type": "Feature", "properties": { "_id": 389, "id": "1985439358", "parcel_id": "82-H-1-0-2", "inactive": "False", "name": "Police Firing Range Building", "rentable": false, "type": "POLICE", "primary_user": "PUBLIC SAFETY", "address_number": "NA", "street": "WASHINGTON BLVD", "zip": null, "image": "https://tools.wprdc.org/images/pittsburgh/facilities/Police_Firing_Range_Building.jpg", "neighborhood": "Lincoln-Lemington-Belmar", "council_district": "9", "ward": "12", "tract": "42003981800", "public_works_division": "2", "pli_division": "12", "police_zone": "5", "fire_zone": "3-15", "latitude": 40.47938993, "longitude": -79.90648788 }, "geometry": { "type": "Point", "coordinates": [ -79.90648788, 40.47938993 ] } },
{ "type": "Feature", "properties": { "_id": 390, "id": "1095769060", "parcel_id": "82-H-1-0-2", "inactive": "False", "name": "Police Firing Range Observation Tower", "rentable": false, "type": "POLICE", "primary_user": "PUBLIC SAFETY", "address_number": "NA", "street": "WASHINGTON BLVD", "zip": null, "image": "https://tools.wprdc.org/images/pittsburgh/facilities/Police_Firing_Range_Observation_Tower.jpg", "neighborhood": "Lincoln-Lemington-Belmar", "council_district": "9", "ward": "12", "tract": "42003981800", "public_works_division": "2", "pli_division": "12", "police_zone": "5", "fire_zone": "3-15", "latitude": 40.47982629, "longitude": -79.90624412 }, "geometry": { "type": "Point", "coordinates": [ -79.90624412, 40.47982629 ] } },
{ "type": "Feature", "properties": { "_id": 391, "id": "418959764", "parcel_id": "82-H-1-0-2", "inactive": "False", "name": "Police Firing Range Storage Shed", "rentable": false, "type": "POLICE", "primary_user": "PUBLIC SAFETY", "address_number": "NA", "street": "WASHINGTON BLVD", "zip": null, "image": "https://tools.wprdc.org/images/pittsburgh/facilities/Police_Firing_Range_Storage_Shed.jpg", "neighborhood": "Lincoln-Lemington-Belmar", "council_district": "9", "ward": "12", "tract": "42003981800", "public_works_division": "2", "pli_division": "12", "police_zone": "5", "fire_zone": "3-15", "latitude": 40.48020946, "longitude": -79.90601534 }, "geometry": { "type": "Point", "coordinates": [ -79.90601534, 40.48020946 ] } },
{ "type": "Feature", "properties": { "_id": 392, "id": "1691491727", "parcel_id": "82-H-1-0-2", "inactive": "False", "name": "Police Firing Range Trailer", "rentable": false, "type": "POLICE", "primary_user": "PUBLIC SAFETY", "address_number": "NA", "street": "WASHINGTON BLVD", "zip": null, "image": "https://tools.wprdc.org/images/pittsburgh/facilities/Police_Firing_Range_Trailer.jpg", "neighborhood": "Lincoln-Lemington-Belmar", "council_district": "9", "ward": "12", "tract": "42003981800", "public_works_division": "2", "pli_division": "12", "police_zone": "5", "fire_zone": "3-15", "latitude": 40.47959014, "longitude": -79.90648138 }, "geometry": { "type": "Point", "coordinates": [ -79.90648138, 40.47959014 ] } },
{ "type": "Feature", "properties": { "_id": 393, "id": "842357098", "parcel_id": null, "inactive": "False", "name": "Police Narcotics and Vice Warehouse", "rentable": false, "type": "STORAGE", "primary_user": "PUBLIC SAFETY", "address_number": "NA", "street": "WESTERN AVE", "zip": null, "image": null, "neighborhood": "Chateau", "council_district": "6", "ward": "21", "tract": "42003980600", "public_works_division": "1", "pli_division": "21", "police_zone": "1", "fire_zone": "1-8", "latitude": 40.45044647, "longitude": -80.0207875 }, "geometry": { "type": "Point", "coordinates": [ -80.0207875, 40.45044647 ] } },
{ "type": "Feature", "properties": { "_id": 394, "id": "1091742169", "parcel_id": "7-D-260", "inactive": "False", "name": "Police Recruit Training Center", "rentable": false, "type": "POLICE", "primary_user": "PUBLIC SAFETY", "address_number": "900", "street": "N LINCOLN AVE", "zip": null, "image": "https://tools.wprdc.org/images/pittsburgh/facilities/Police_Recruit_Training_Center.jpg", "neighborhood": "Allegheny West", "council_district": "1", "ward": "22", "tract": "42003562700", "public_works_division": "1", "pli_division": "22", "police_zone": "1", "fire_zone": "1-7", "latitude": 40.45127581, "longitude": -80.01648114 }, "geometry": { "type": "Point", "coordinates": [ -80.01648114, 40.45127581 ] } },
{ "type": "Feature", "properties": { "_id": 395, "id": "1050393680", "parcel_id": "82-H-1-0-2", "inactive": "False", "name": "Public Safety Training Center Classroom Trailer", "rentable": false, "type": "OFFICE", "primary_user": "PUBLIC SAFETY", "address_number": "NA", "street": "WASHINGTON BLVD", "zip": null, "image": "https://tools.wprdc.org/images/pittsburgh/facilities/Public_Safety_Training_Center_Classroom_Trailer.jpg", "neighborhood": "Highland Park", "council_district": "9", "ward": "11", "tract": "42003980100", "public_works_division": "2", "pli_division": "11", "police_zone": "5", "fire_zone": "3-12", "latitude": 40.47101779, "longitude": -79.90918482 }, "geometry": { "type": "Point", "coordinates": [ -79.90918482, 40.47101779 ] } },
{ "type": "Feature", "properties": { "_id": 396, "id": "904847567", "parcel_id": "25-B-15", "inactive": "False", "name": "Special Events Trailer", "rentable": false, "type": "Office", "primary_user": "Department of Public Safety", "address_number": "NA", "street": "RAILROAD ST", "zip": null, "image": "https://tools.wprdc.org/images/pittsburgh/facilities/Special_Events_Trailer.jpg", "neighborhood": "Strip District", "council_district": "7", "ward": "6", "tract": "42003020300", "public_works_division": "6", "pli_division": "6", "police_zone": "2", "fire_zone": "3-2", "latitude": 40.46150287, "longitude": -79.97357724 }, "geometry": { "type": "Point", "coordinates": [ -79.97357724, 40.46150287 ] } },
{ "type": "Feature", "properties": { "_id": 397, "id": "1187765178", "parcel_id": "85-P-53", "inactive": "False", "name": "Wightman School Annex", "rentable": false, "type": "OFFICE", "primary_user": "CITIPARKS", "address_number": "5604", "street": "SOLWAY ST", "zip": "15217", "image": "https://tools.wprdc.org/images/pittsburgh/facilities/Wightman_School_Annex.jpg", "neighborhood": "Squirrel Hill North", "council_district": "8", "ward": "14", "tract": "42003140300", "public_works_division": "3", "pli_division": "14", "police_zone": "4", "fire_zone": "2-18", "latitude": 40.44311804, "longitude": -79.92694943 }, "geometry": { "type": "Point", "coordinates": [ -79.92694943, 40.44311804 ] } },
{ "type": "Feature", "properties": { "_id": 398, "id": "238977445", "parcel_id": "1-D-181", "inactive": "False", "name": "Police Zone 2 Substation", "rentable": false, "type": "Police", "primary_user": "Department of Public Safety", "address_number": "600", "street": "LIBERTY AVE", "zip": null, "image": "https://tools.wprdc.org/images/pittsburgh/facilities/Police_Zone_2_Substation.jpg", "neighborhood": "Central Business District", "council_district": "6", "ward": "2", "tract": "42003020100", "public_works_division": "6", "pli_division": "2", "police_zone": "2", "fire_zone": "1-3", "latitude": 40.44181202, "longitude": -80.00166346 }, "geometry": { "type": "Point", "coordinates": [ -80.00166346, 40.44181202 ] } },
{ "type": "Feature", "properties": { "_id": 399, "id": "1553896578", "parcel_id": null, "inactive": "False", "name": "Schenley Park Ice Rink Chiller Building", "rentable": false, "type": "Utility", "primary_user": "Department of Public Works", "address_number": "NA", "street": "OVERLOOK DR", "zip": null, "image": "https://tools.wprdc.org/images/pittsburgh/facilities/Schenley_Park_Ice_Rink_Chiller_Building.jpg", "neighborhood": "Squirrel Hill South", "council_district": "5", "ward": "14", "tract": "42003980500", "public_works_division": "3", "pli_division": "14", "police_zone": "4", "fire_zone": "2-8", "latitude": 40.43210876, "longitude": -79.94505243 }, "geometry": { "type": "Point", "coordinates": [ -79.94505243, 40.43210876 ] } },
{ "type": "Feature", "properties": { "_id": 400, "id": "1183098950", "parcel_id": null, "inactive": "False", "name": "412 Blvd of the Allies", "rentable": false, "type": "Office", "primary_user": "Department of Finance", "address_number": "412", "street": "BLVD OF THE ALLIES", "zip": null, "image": "https://tools.wprdc.org/images/pittsburgh/facilities/412_Blvd_of_the_Allies.jpg", "neighborhood": "Central Business District", "council_district": "6", "ward": "1", "tract": "42003020100", "public_works_division": "6", "pli_division": "1", "police_zone": "2", "fire_zone": "1-4", "latitude": 40.43736611, "longitude": -79.99980418 }, "geometry": { "type": "Point", "coordinates": [ -79.99980418, 40.43736611 ] } },
{ "type": "Feature", "properties": { "_id": 401, "id": "696135046", "parcel_id": null, "inactive": "False", "name": "Morningside Crossing", "rentable": false, "type": "Senior", "primary_user": "CitiParks", "address_number": "1802", "street": "JANCEY ST", "zip": null, "image": "https://tools.wprdc.org/images/pittsburgh/facilities/Morningside_Crossing.jpg", "neighborhood": "Morningside", "council_district": "7", "ward": "10", "tract": "42003101400", "public_works_division": "2", "pli_division": "10", "police_zone": "5", "fire_zone": "3-7", "latitude": 40.48612326, "longitude": -79.92583181000001 }, "geometry": { "type": "Point", "coordinates": [ -79.92583181, 40.48612326 ] } },
{ "type": "Feature", "properties": { "_id": 433, "id": "595347922", "parcel_id": null, "inactive": null, "name": "200 Ross St Garage Building", "rentable": false, "type": "Utility", "primary_user": "Department of Public Safety", "address_number": "200", "street": "ROSS ST", "zip": "15219", "image": null, "neighborhood": "Central Business District", "council_district": "6", "ward": "1", "tract": "42003020100", "public_works_division": "6", "pli_division": "1", "police_zone": "2", "fire_zone": "1-4", "latitude": 40.43677188, "longitude": -79.99647121 }, "geometry": { "type": "Point", "coordinates": [ -79.99647121, 40.43677188 ] } },
{ "type": "Feature", "properties": { "_id": 466, "id": "803210807", "parcel_id": "36-L-81", "inactive": null, "name": "Banksville School Field 3rd Base Dugout", "rentable": false, "type": "Dugout", "primary_user": "Department of Public Works", "address_number": "NA", "street": "CARNAHAN RD", "zip": null, "image": null, "neighborhood": "Banksville", "council_district": "2", "ward": "20", "tract": "42003202300", "public_works_division": "5", "pli_division": "20", "police_zone": "6", "fire_zone": "4-9", "latitude": 40.40714886, "longitude": -80.03750866 }, "geometry": { "type": "Point", "coordinates": [ -80.03750866, 40.40714886 ] } },
{ "type": "Feature", "properties": { "_id": 467, "id": "502777164", "parcel_id": "36-L-81", "inactive": null, "name": "Banksville School Field Storage Building", "rentable": false, "type": "Storage", "primary_user": "Department of Public Works", "address_number": "NA", "street": "CARNAHAN RD", "zip": null, "image": null, "neighborhood": "Banksville", "council_district": "2", "ward": "20", "tract": "42003202300", "public_works_division": "5", "pli_division": "20", "police_zone": "6", "fire_zone": "4-9", "latitude": 40.40733532, "longitude": -80.0380967 }, "geometry": { "type": "Point", "coordinates": [ -80.0380967, 40.40733532 ] } },
{ "type": "Feature", "properties": { "_id": 499, "id": "1440497844", "parcel_id": "125-N-200", "inactive": null, "name": "Mellon Park Field 2 1st Base Dugout", "rentable": false, "type": "Dugout", "primary_user": "Department of Public Works", "address_number": "NA", "street": "PUTNAM ST", "zip": null, "image": null, "neighborhood": "Shadyside", "council_district": "8", "ward": "7", "tract": "42003070800", "public_works_division": "2", "pli_division": "7", "police_zone": "4", "fire_zone": "3-13", "latitude": 40.45571917, "longitude": -79.91557301 }, "geometry": { "type": "Point", "coordinates": [ -79.91557301, 40.45571917 ] } },
{ "type": "Feature", "properties": { "_id": 500, "id": "338803846", "parcel_id": "125-N-200", "inactive": null, "name": "Mellon Park Field 2 3rd Base Dugout", "rentable": false, "type": "Dugout", "primary_user": "Department of Public Works", "address_number": "NA", "street": "PUTNAM ST", "zip": null, "image": null, "neighborhood": "Shadyside", "council_district": "8", "ward": "7", "tract": "42003070800", "public_works_division": "2", "pli_division": "7", "police_zone": "4", "fire_zone": "3-13", "latitude": 40.45573806, "longitude": -79.91536631 }, "geometry": { "type": "Point", "coordinates": [ -79.91536631, 40.45573806 ] } },
{ "type": "Feature", "properties": { "_id": 532, "id": "1111447104", "parcel_id": "231-S-600", "inactive": null, "name": "East Hills Park Shelter", "rentable": false, "type": "Shelter", "primary_user": "Department of Public Works", "address_number": "NA", "street": "WILNER DR", "zip": "15221", "image": null, "neighborhood": "East Hills", "council_district": "9", "ward": "13", "tract": "42003130600", "public_works_division": "2", "pli_division": "13", "police_zone": "5", "fire_zone": "3-19", "latitude": 40.45397587, "longitude": -79.87140353 }, "geometry": { "type": "Point", "coordinates": [ -79.87140353, 40.45397587 ] } },
{ "type": "Feature", "properties": { "_id": 565, "id": "1273938304", "parcel_id": "85-P-53", "inactive": null, "name": "Wightman Park Restroom Building", "rentable": false, "type": "Restrooms", "primary_user": "CitiParks", "address_number": "5604", "street": "SOLWAY ST", "zip": "15217", "image": null, "neighborhood": "Squirrel Hill North", "council_district": "8", "ward": "14", "tract": "42003140300", "public_works_division": "3", "pli_division": "14", "police_zone": "4", "fire_zone": "2-18", "latitude": 40.44307817, "longitude": -79.9270322 }, "geometry": { "type": "Point", "coordinates": [ -79.9270322, 40.44307817 ] } },
{ "type": "Feature", "properties": { "_id": 566, "id": "1980141313", "parcel_id": "85-P-53", "inactive": null, "name": "Wightman Park Service Building", "rentable": false, "type": "Service", "primary_user": "CitiParks", "address_number": "5604", "street": "SOLWAY ST", "zip": "15217", "image": null, "neighborhood": "Squirrel Hill North", "council_district": "8", "ward": "14", "tract": "42003140300", "public_works_division": "3", "pli_division": "14", "police_zone": "4", "fire_zone": "2-8", "latitude": 40.44362613, "longitude": -79.92764446 }, "geometry": { "type": "Point", "coordinates": [ -79.92764446, 40.44362613 ] } },
{ "type": "Feature", "properties": { "_id": 567, "id": "933318227", "parcel_id": "85-P-53", "inactive": null, "name": "Wightman Park Shelter", "rentable": true, "type": "Shelter", "primary_user": "CitiParks", "address_number": "5604", "street": "SOLWAY ST", "zip": "15217", "image": null, "neighborhood": "Squirrel Hill North", "council_district": "8", "ward": "14", "tract": "42003140300", "public_works_division": "3", "pli_division": "14", "police_zone": "4", "fire_zone": "2-18", "latitude": 40.44335585, "longitude": -79.926814 }, "geometry": { "type": "Point", "coordinates": [ -79.926814, 40.44335585 ] } },
{ "type": "Feature", "properties": { "_id": 598, "id": "1508172401", "parcel_id": "7-A-28", "inactive": null, "name": "Public Works Facilities Maintenance Division", "rentable": false, "type": "Office", "primary_user": "Department of Public Works", "address_number": "1301", "street": "BEAVER AVE", "zip": "15233", "image": null, "neighborhood": "Chateau", "council_district": "6", "ward": "21", "tract": "42003980600", "public_works_division": "1", "pli_division": "21", "police_zone": "1", "fire_zone": "1-8", "latitude": 40.45274411, "longitude": -80.02972865 }, "geometry": { "type": "Point", "coordinates": [ -80.02972865, 40.45274411 ] } },
{ "type": "Feature", "properties": { "_id": 631, "id": "1695723875", "parcel_id": "46-B-290", "inactive": null, "name": "Fowler Pool Buiding", "rentable": false, "type": "Pool", "primary_user": "CitiParks", "address_number": "2438", "street": "WILSON AVE", "zip": "15214", "image": null, "neighborhood": "Perry South", "council_district": "6", "ward": "26", "tract": "42003261400", "public_works_division": "1", "pli_division": "26", "police_zone": "1", "fire_zone": "1-12", "latitude": 40.46889224, "longitude": -80.01372928000001 }, "geometry": { "type": "Point", "coordinates": [ -80.01372928, 40.46889224 ] } }
]
}
